[INFO] Scanning for projects...
[INFO] 
[INFO] -----------------------< com.jewellery:ProjWEB >------------------------
[INFO] Building ProjWEB 0.0.1-SNAPSHOT
[INFO]   from pom.xml
[INFO] --------------------------------[ jar ]---------------------------------
[INFO] 
[INFO] >>> spring-boot:4.0.3:run (default-cli) > test-compile @ ProjWEB >>>
[INFO] 
[INFO] --- resources:3.3.1:resources (default-resources) @ ProjWEB ---
[INFO] Copying 1 resource from src\main\resources to target\classes
[INFO] Copying 3 resources from src\main\resources to target\classes
[INFO] 
[INFO] --- compiler:3.14.1:compile (default-compile) @ ProjWEB ---
[INFO] Nothing to compile - all classes are up to date.
[INFO] 
[INFO] --- resources:3.3.1:testResources (default-testResources) @ ProjWEB ---
[INFO] skip non existing resourceDirectory D:\ProjWebFinal\src\test\resources
[INFO] 
[INFO] --- compiler:3.14.1:testCompile (default-testCompile) @ ProjWEB ---
[INFO] Nothing to compile - all classes are up to date.
[INFO] 
[INFO] <<< spring-boot:4.0.3:run (default-cli) < test-compile @ ProjWEB <<<
[INFO] 
[INFO] 
[INFO] --- spring-boot:4.0.3:run (default-cli) @ ProjWEB ---
[INFO] Attaching agents: []

  .   ____          _            __ _ _
 /\\ / ___'_ __ _ _(_)_ __  __ _ \ \ \ \
( ( )\___ | '_ | '_| | '_ \/ _` | \ \ \ \
 \\/  ___)| |_)| | | | | || (_| |  ) ) ) )
  '  |____| .__|_| |_|_| |_\__, | / / / /
 =========|_|==============|___/=/_/_/_/

 :: Spring Boot ::                (v4.0.3)

2026-04-28T09:37:41.629+07:00  INFO 8304 --- [ProjWEB] [  restartedMain] c.jewellery.ProjWEB.ProjWebApplication   : Starting ProjWebApplication using Java 17.0.12 with PID 8304 (D:\ProjWebFinal\target\classes started by USPro in D:\ProjWebFinal)
2026-04-28T09:37:41.634+07:00  INFO 8304 --- [ProjWEB] [  restartedMain] c.jewellery.ProjWEB.ProjWebApplication   : The following 1 profile is active: "dev"
2026-04-28T09:37:41.635+07:00 DEBUG 8304 --- [ProjWEB] [  restartedMain] o.s.boot.SpringApplication               : Loading source class com.jewellery.ProjWEB.ProjWebApplication
2026-04-28T09:37:41.696+07:00 DEBUG 8304 --- [ProjWEB] [  restartedMain] o.s.b.devtools.restart.ChangeableUrls    : Matching URLs for reloading : [file:/D:/ProjWebFinal/target/classes/]
2026-04-28T09:37:41.696+07:00 DEBUG 8304 --- [ProjWEB] [  restartedMain] o.s.b.d.settings.DevToolsSettings        : Included patterns for restart : []
2026-04-28T09:37:41.697+07:00 DEBUG 8304 --- [ProjWEB] [  restartedMain] o.s.b.d.settings.DevToolsSettings        : Excluded patterns for restart : [/spring-boot-starter-[\w-]+/, /spring-boot/(bin|build|out)/, /spring-boot-starter/(bin|build|out)/, /spring-boot-devtools/(bin|build|out)/, /spring-boot-actuator/(bin|build|out)/, /spring-boot-autoconfigure/(bin|build|out)/]
2026-04-28T09:37:41.697+07:00  INFO 8304 --- [ProjWEB] [  restartedMain] .e.DevToolsPropertyDefaultsPostProcessor : Devtools property defaults active! Set 'spring.devtools.add-properties' to 'false' to disable
2026-04-28T09:37:41.697+07:00  INFO 8304 --- [ProjWEB] [  restartedMain] .e.DevToolsPropertyDefaultsPostProcessor : For additional web related logging consider setting the 'logging.level.web' property to 'DEBUG'
2026-04-28T09:37:41.698+07:00 DEBUG 8304 --- [ProjWEB] [  restartedMain] ConfigServletWebServerApplicationContext : Refreshing org.springframework.boot.web.server.servlet.context.AnnotationConfigServletWebServerApplicationContext@3dee726b
2026-04-28T09:37:42.459+07:00  INFO 8304 --- [ProjWEB] [  restartedMain] .s.d.r.c.RepositoryConfigurationDelegate : Bootstrapping Spring Data JPA repositories in DEFAULT mode.
2026-04-28T09:37:42.477+07:00 DEBUG 8304 --- [ProjWEB] [  restartedMain] o.s.b.a.AutoConfigurationPackages        : @EnableAutoConfiguration was declared on a class in the package 'com.jewellery.ProjWEB'. Automatic @Repository and @Entity scanning is enabled.
2026-04-28T09:37:42.619+07:00  INFO 8304 --- [ProjWEB] [  restartedMain] .s.d.r.c.RepositoryConfigurationDelegate : Finished Spring Data repository scanning in 149 ms. Found 13 JPA repository interfaces.
2026-04-28T09:37:43.156+07:00 DEBUG 8304 --- [ProjWEB] [  restartedMain] o.s.b.t.s.TomcatServletWebServerFactory  : Code archive: C:\Users\USPro\.m2\repository\org\springframework\boot\spring-boot-web-server\4.0.3\spring-boot-web-server-4.0.3.jar
2026-04-28T09:37:43.156+07:00 DEBUG 8304 --- [ProjWEB] [  restartedMain] o.s.b.t.s.TomcatServletWebServerFactory  : Code archive: C:\Users\USPro\.m2\repository\org\springframework\boot\spring-boot-web-server\4.0.3\spring-boot-web-server-4.0.3.jar
2026-04-28T09:37:43.157+07:00 DEBUG 8304 --- [ProjWEB] [  restartedMain] o.s.b.t.s.TomcatServletWebServerFactory  : None of the document roots [src/main/webapp, public, static] point to a directory and will be ignored.
2026-04-28T09:37:43.197+07:00  INFO 8304 --- [ProjWEB] [  restartedMain] o.s.boot.tomcat.TomcatWebServer          : Tomcat initialized with port 8081 (http)
2026-04-28T09:37:43.210+07:00  INFO 8304 --- [ProjWEB] [  restartedMain] o.apache.catalina.core.StandardService   : Starting service [Tomcat]
2026-04-28T09:37:43.210+07:00  INFO 8304 --- [ProjWEB] [  restartedMain] o.apache.catalina.core.StandardEngine    : Starting Servlet engine: [Apache Tomcat/11.0.18]
2026-04-28T09:37:43.258+07:00 DEBUG 8304 --- [ProjWEB] [  restartedMain] b.w.c.s.WebApplicationContextInitializer : Published root WebApplicationContext as ServletContext attribute with name [org.springframework.web.context.WebApplicationContext.ROOT]
2026-04-28T09:37:43.260+07:00  INFO 8304 --- [ProjWEB] [  restartedMain] b.w.c.s.WebApplicationContextInitializer : Root WebApplicationContext: initialization completed in 1561 ms
2026-04-28T09:37:43.424+07:00  INFO 8304 --- [ProjWEB] [  restartedMain] org.hibernate.orm.jpa                    : HHH008540: Processing PersistenceUnitInfo [name: default]
2026-04-28T09:37:43.483+07:00  INFO 8304 --- [ProjWEB] [  restartedMain] org.hibernate.orm.core                   : HHH000001: Hibernate ORM core version 7.2.4.Final
2026-04-28T09:37:43.988+07:00  INFO 8304 --- [ProjWEB] [  restartedMain] o.s.o.j.p.SpringPersistenceUnitInfo      : No LoadTimeWeaver setup: ignoring JPA class transformer
2026-04-28T09:37:44.024+07:00  INFO 8304 --- [ProjWEB] [  restartedMain] com.zaxxer.hikari.HikariDataSource       : HikariPool-1 - Starting...
2026-04-28T09:37:44.318+07:00  INFO 8304 --- [ProjWEB] [  restartedMain] com.zaxxer.hikari.pool.HikariPool        : HikariPool-1 - Added connection com.mysql.cj.jdbc.ConnectionImpl@243fba35
2026-04-28T09:37:44.319+07:00  INFO 8304 --- [ProjWEB] [  restartedMain] com.zaxxer.hikari.HikariDataSource       : HikariPool-1 - Start completed.
2026-04-28T09:37:44.385+07:00  WARN 8304 --- [ProjWEB] [  restartedMain] org.hibernate.orm.deprecation            : HHH90000025: MySQLDialect does not need to be specified explicitly using 'hibernate.dialect' (remove the property setting and it will be selected by default)
2026-04-28T09:37:44.409+07:00  INFO 8304 --- [ProjWEB] [  restartedMain] org.hibernate.orm.connections.pooling    : HHH10001005: Database info:
	Database JDBC URL [jdbc:mysql://localhost:3306/jewelry]
	Database driver: MySQL Connector/J
	Database dialect: MySQLDialect
	Database version: 8.0.40
	Default catalog/schema: jewelry/undefined
	Autocommit mode: undefined/unknown
	Isolation level: REPEATABLE_READ [default REPEATABLE_READ]
	JDBC fetch size: none
	Pool: DataSourceConnectionProvider
	Minimum pool size: undefined/unknown
	Maximum pool size: undefined/unknown
2026-04-28T09:37:45.967+07:00  INFO 8304 --- [ProjWEB] [  restartedMain] org.hibernate.orm.core                   : HHH000489: No JTA platform available (set 'hibernate.transaction.jta.platform' to enable JTA platform integration)
2026-04-28T09:37:46.037+07:00 DEBUG 8304 --- [ProjWEB] [  restartedMain] org.hibernate.SQL                        : alter table roles modify column name enum ('ROLE_ADMIN','ROLE_USER') not null
Hibernate: alter table roles modify column name enum ('ROLE_ADMIN','ROLE_USER') not null
2026-04-28T09:37:46.253+07:00  INFO 8304 --- [ProjWEB] [  restartedMain] j.LocalContainerEntityManagerFactoryBean : Initialized JPA EntityManagerFactory for persistence unit 'default'
2026-04-28T09:37:46.329+07:00  INFO 8304 --- [ProjWEB] [  restartedMain] o.s.d.j.r.query.QueryEnhancerFactories   : Hibernate is in classpath; If applicable, HQL parser will be used.
2026-04-28T09:37:47.044+07:00 DEBUG 8304 --- [ProjWEB] [  restartedMain] o.s.b.w.s.ServletContextInitializerBeans : Mapping filters: springSecurityFilterChain urls=[/*] order=-100, characterEncodingFilter urls=[/*] order=-2147483648, formContentFilter urls=[/*] order=-9900, requestContextFilter urls=[/*] order=-105, jwtAuthenticationFilter urls=[/*] order=2147483647
2026-04-28T09:37:47.045+07:00 DEBUG 8304 --- [ProjWEB] [  restartedMain] o.s.b.w.s.ServletContextInitializerBeans : Mapping servlets: dispatcherServlet urls=[/], messageDispatcherServlet urls=[/services/*]
2026-04-28T09:37:47.073+07:00 DEBUG 8304 --- [ProjWEB] [  restartedMain] o.s.b.s.f.OrderedRequestContextFilter    : Filter 'requestContextFilter' configured for use
2026-04-28T09:37:47.076+07:00 DEBUG 8304 --- [ProjWEB] [  restartedMain] o.s.b.s.f.OrderedCharacterEncodingFilter : Filter 'characterEncodingFilter' configured for use
2026-04-28T09:37:47.076+07:00 DEBUG 8304 --- [ProjWEB] [  restartedMain] .DelegatingFilterProxyRegistrationBean$1 : Filter 'springSecurityFilterChain' configured for use
2026-04-28T09:37:47.077+07:00 DEBUG 8304 --- [ProjWEB] [  restartedMain] o.s.b.s.filter.OrderedFormContentFilter  : Filter 'formContentFilter' configured for use
2026-04-28T09:37:47.283+07:00  INFO 8304 --- [ProjWEB] [  restartedMain] r$InitializeUserDetailsManagerConfigurer : Global AuthenticationManager configured with UserDetailsService bean with name customUserDetailsService
2026-04-28T09:37:47.608+07:00  INFO 8304 --- [ProjWEB] [  restartedMain] o.s.b.w.a.WelcomePageHandlerMapping      : Adding welcome page: class path resource [static/index.html]
2026-04-28T09:37:47.676+07:00 DEBUG 8304 --- [ProjWEB] [  restartedMain] s.w.s.m.m.a.RequestMappingHandlerMapping : 41 mappings in 'requestMappingHandlerMapping'
2026-04-28T09:37:47.684+07:00 DEBUG 8304 --- [ProjWEB] [  restartedMain] o.s.w.s.handler.SimpleUrlHandlerMapping  : Patterns [/] in 'viewControllerHandlerMapping'
2026-04-28T09:37:47.703+07:00 DEBUG 8304 --- [ProjWEB] [  restartedMain] o.s.w.s.handler.SimpleUrlHandlerMapping  : Patterns [/webjars/**, /**] in 'resourceHandlerMapping'
2026-04-28T09:37:47.732+07:00 DEBUG 8304 --- [ProjWEB] [  restartedMain] s.w.s.m.m.a.RequestMappingHandlerAdapter : ControllerAdvice beans: 0 @ModelAttribute, 0 @InitBinder, 2 RequestBodyAdvice, 1 ResponseBodyAdvice
2026-04-28T09:37:47.772+07:00 DEBUG 8304 --- [ProjWEB] [  restartedMain] .m.m.a.ExceptionHandlerExceptionResolver : ControllerAdvice beans: 2 @ExceptionHandler, 1 ResponseBodyAdvice
2026-04-28T09:37:47.931+07:00  INFO 8304 --- [ProjWEB] [  restartedMain] .w.s.a.s.AnnotationActionEndpointMapping : Supporting [WS-Addressing August 2004, WS-Addressing 1.0]
2026-04-28T09:37:47.971+07:00  INFO 8304 --- [ProjWEB] [  restartedMain] o.s.boot.tomcat.TomcatWebServer          : Tomcat started on port 8081 (http) with context path '/'
2026-04-28T09:37:47.977+07:00 DEBUG 8304 --- [ProjWEB] [  restartedMain] .s.b.a.l.ConditionEvaluationReportLogger : 


============================
CONDITIONS EVALUATION REPORT
============================


Positive matches:
-----------------

   AopAutoConfiguration matched:
      - @ConditionalOnBooleanProperty (spring.aop.auto=true) matched (OnPropertyCondition)

   AopAutoConfiguration.AspectJAutoProxyingConfiguration matched:
      - @ConditionalOnClass found required class 'org.aspectj.weaver.Advice' (OnClassCondition)

   AopAutoConfiguration.AspectJAutoProxyingConfiguration.CglibAutoProxyConfiguration matched:
      - @ConditionalOnBooleanProperty (spring.aop.proxy-target-class=true) matched (OnPropertyCondition)

   ApplicationAvailabilityAutoConfiguration#applicationAvailability matched:
      - @ConditionalOnMissingBean (types: org.springframework.boot.availability.ApplicationAvailability; SearchStrategy: all) did not find any beans (OnBeanCondition)

   DataJpaRepositoriesAutoConfiguration matched:
      - @ConditionalOnClass found required class 'org.springframework.data.jpa.repository.JpaRepository' (OnClassCondition)
      - @ConditionalOnBooleanProperty (spring.data.jpa.repositories.enabled=true) matched (OnPropertyCondition)
      - @ConditionalOnBean (types: javax.sql.DataSource; SearchStrategy: all) found bean 'dataSource'; @ConditionalOnMissingBean (types: org.springframework.data.jpa.repository.support.JpaRepositoryFactoryBean,org.springframework.data.jpa.repository.config.JpaRepositoryConfigExtension; SearchStrategy: all) did not find any beans (OnBeanCondition)

   DataSourceAutoConfiguration matched:
      - @ConditionalOnClass found required classes 'javax.sql.DataSource', 'org.springframework.jdbc.datasource.embedded.EmbeddedDatabaseType' (OnClassCondition)
      - @ConditionalOnMissingBean (types: io.r2dbc.spi.ConnectionFactory; SearchStrategy: all) did not find any beans (OnBeanCondition)

   DataSourceAutoConfiguration.PooledDataSourceConfiguration matched:
      - AnyNestedCondition 1 matched 1 did not; NestedCondition on DataSourceAutoConfiguration.PooledDataSourceCondition.PooledDataSourceAvailable PooledDataSource found supported DataSource; NestedCondition on DataSourceAutoConfiguration.PooledDataSourceCondition.ExplicitType @ConditionalOnProperty (spring.datasource.type) did not find property 'spring.datasource.type' (DataSourceAutoConfiguration.PooledDataSourceCondition)
      - @ConditionalOnMissingBean (types: javax.sql.DataSource,javax.sql.XADataSource; SearchStrategy: all) did not find any beans (OnBeanCondition)

   DataSourceAutoConfiguration.PooledDataSourceConfiguration#jdbcConnectionDetails matched:
      - @ConditionalOnMissingBean (types: org.springframework.boot.jdbc.autoconfigure.JdbcConnectionDetails; SearchStrategy: all) did not find any beans (OnBeanCondition)

   DataSourceConfiguration.Hikari matched:
      - @ConditionalOnClass found required class 'com.zaxxer.hikari.HikariDataSource' (OnClassCondition)
      - @ConditionalOnProperty (spring.datasource.type=com.zaxxer.hikari.HikariDataSource) matched (OnPropertyCondition)
      - @ConditionalOnMissingBean (types: javax.sql.DataSource; SearchStrategy: all) did not find any beans (OnBeanCondition)

   DataSourceInitializationAutoConfiguration matched:
      - @ConditionalOnClass found required class 'org.springframework.jdbc.datasource.init.DatabasePopulator' (OnClassCondition)
      - SQL InitializationDatabase Initialization default value is EMBEDDED (OnSqlInitializationCondition)
      - @ConditionalOnSingleCandidate (types: javax.sql.DataSource; SearchStrategy: all) found a single bean 'dataSource'; @ConditionalOnMissingBean (types: org.springframework.boot.sql.autoconfigure.init.ApplicationScriptDatabaseInitializer; SearchStrategy: all) did not find any beans (OnBeanCondition)

   DataSourcePoolMetadataProvidersConfiguration.HikariPoolDataSourceMetadataProviderConfiguration matched:
      - @ConditionalOnClass found required class 'com.zaxxer.hikari.HikariDataSource' (OnClassCondition)

   DataSourceTransactionManagerAutoConfiguration matched:
      - @ConditionalOnClass found required classes 'javax.sql.DataSource', 'org.springframework.jdbc.core.JdbcTemplate', 'org.springframework.transaction.TransactionManager' (OnClassCondition)

   DataSourceTransactionManagerAutoConfiguration.JdbcTransactionManagerConfiguration matched:
      - @ConditionalOnSingleCandidate (types: javax.sql.DataSource; SearchStrategy: all) found a single bean 'dataSource' (OnBeanCondition)

   DataWebAutoConfiguration matched:
      - @ConditionalOnClass found required classes 'org.springframework.data.web.PageableHandlerMethodArgumentResolver', 'org.springframework.web.servlet.config.annotation.WebMvcConfigurer' (OnClassCondition)
      - found 'session' scope (OnWebApplicationCondition)
      - @ConditionalOnMissingBean (types: org.springframework.data.web.PageableHandlerMethodArgumentResolver; SearchStrategy: all) did not find any beans (OnBeanCondition)

   DataWebAutoConfiguration#pageableCustomizer matched:
      - @ConditionalOnMissingBean (types: org.springframework.data.web.config.PageableHandlerMethodArgumentResolverCustomizer; SearchStrategy: all) did not find any beans (OnBeanCondition)

   DataWebAutoConfiguration#sortCustomizer matched:
      - @ConditionalOnMissingBean (types: org.springframework.data.web.config.SortHandlerMethodArgumentResolverCustomizer; SearchStrategy: all) did not find any beans (OnBeanCondition)

   DataWebAutoConfiguration#springDataWebSettings matched:
      - @ConditionalOnMissingBean (types: org.springframework.data.web.config.SpringDataWebSettings; SearchStrategy: all) did not find any beans (OnBeanCondition)

   DevToolsDataSourceAutoConfiguration matched:
      - @ConditionalOnClass found required class 'javax.sql.DataSource' (OnClassCondition)
      - Devtools devtools enabled. (OnEnabledDevToolsCondition)
      - DevTools DataSource Condition found auto-configured DataSource (DevToolsDataSourceAutoConfiguration.DevToolsDataSourceCondition)

   DevToolsDataSourceAutoConfiguration.DatabaseShutdownExecutorEntityManagerFactoryDependsOnConfiguration matched:
      - @ConditionalOnClass found required classes 'org.springframework.boot.jpa.autoconfigure.EntityManagerFactoryDependsOnPostProcessor', 'org.springframework.orm.jpa.LocalContainerEntityManagerFactoryBean' (OnClassCondition)
      - @ConditionalOnBean (types: org.springframework.orm.jpa.AbstractEntityManagerFactoryBean; SearchStrategy: all) found bean '&entityManagerFactory' (OnBeanCondition)

   DispatcherServletAutoConfiguration matched:
      - @ConditionalOnClass found required class 'org.springframework.web.servlet.DispatcherServlet' (OnClassCondition)
      - found 'session' scope (OnWebApplicationCondition)

   DispatcherServletAutoConfiguration.DispatcherServletConfiguration matched:
      - @ConditionalOnClass found required class 'jakarta.servlet.ServletRegistration' (OnClassCondition)
      - Default DispatcherServlet did not find dispatcher servlet beans (DispatcherServletAutoConfiguration.DefaultDispatcherServletCondition)

   DispatcherServletAutoConfiguration.DispatcherServletRegistrationConfiguration matched:
      - @ConditionalOnClass found required class 'jakarta.servlet.ServletRegistration' (OnClassCondition)
      - DispatcherServlet Registration did not find servlet registration bean (DispatcherServletAutoConfiguration.DispatcherServletRegistrationCondition)

   DispatcherServletAutoConfiguration.DispatcherServletRegistrationConfiguration#dispatcherServletRegistration matched:
      - @ConditionalOnBean (names: dispatcherServlet types: org.springframework.web.servlet.DispatcherServlet; SearchStrategy: all) found bean 'dispatcherServlet' (OnBeanCondition)

   ErrorMvcAutoConfiguration matched:
      - @ConditionalOnClass found required classes 'jakarta.servlet.Servlet', 'org.springframework.web.servlet.DispatcherServlet' (OnClassCondition)
      - found 'session' scope (OnWebApplicationCondition)

   ErrorMvcAutoConfiguration#basicErrorController matched:
      - @ConditionalOnMissingBean (types: org.springframework.boot.webmvc.error.ErrorController; SearchStrategy: current) did not find any beans (OnBeanCondition)

   ErrorMvcAutoConfiguration#errorAttributes matched:
      - @ConditionalOnMissingBean (types: org.springframework.boot.webmvc.error.ErrorAttributes; SearchStrategy: current) did not find any beans (OnBeanCondition)

   ErrorMvcAutoConfiguration.DefaultErrorViewResolverConfiguration#conventionErrorViewResolver matched:
      - @ConditionalOnBean (types: org.springframework.web.servlet.DispatcherServlet; SearchStrategy: all) found bean 'dispatcherServlet'; @ConditionalOnMissingBean (types: org.springframework.boot.webmvc.autoconfigure.error.ErrorViewResolver; SearchStrategy: all) did not find any beans (OnBeanCondition)

   ErrorMvcAutoConfiguration.WhitelabelErrorViewConfiguration matched:
      - @ConditionalOnBooleanProperty (spring.web.error.whitelabel.enabled=true) matched (OnPropertyCondition)
      - ErrorTemplate Missing did not find error template view (ErrorMvcAutoConfiguration.ErrorTemplateMissingCondition)

   ErrorMvcAutoConfiguration.WhitelabelErrorViewConfiguration#beanNameViewResolver matched:
      - @ConditionalOnMissingBean (types: org.springframework.web.servlet.view.BeanNameViewResolver; SearchStrategy: all) did not find any beans (OnBeanCondition)

   ErrorMvcAutoConfiguration.WhitelabelErrorViewConfiguration#defaultErrorView matched:
      - @ConditionalOnMissingBean (names: error; SearchStrategy: all) did not find any beans (OnBeanCondition)

   HibernateJpaAutoConfiguration matched:
      - @ConditionalOnClass found required classes 'org.springframework.orm.jpa.LocalContainerEntityManagerFactoryBean', 'jakarta.persistence.EntityManager', 'org.hibernate.engine.spi.SessionImplementor' (OnClassCondition)

   HibernateJpaConfiguration matched:
      - @ConditionalOnSingleCandidate (types: javax.sql.DataSource; SearchStrategy: all) found a single bean 'dataSource' (OnBeanCondition)

   HttpClientAutoConfiguration#httpClientSettings matched:
      - @ConditionalOnMissingBean (types: org.springframework.boot.http.client.HttpClientSettings; SearchStrategy: all) did not find any beans (OnBeanCondition)

   HttpEncodingAutoConfiguration matched:
      - @ConditionalOnClass found required class 'org.springframework.web.filter.CharacterEncodingFilter' (OnClassCondition)
      - found 'session' scope (OnWebApplicationCondition)
      - @ConditionalOnBooleanProperty (spring.servlet.encoding.enabled=true) matched (OnPropertyCondition)

   HttpEncodingAutoConfiguration#characterEncodingFilter matched:
      - @ConditionalOnMissingBean (types: org.springframework.web.filter.CharacterEncodingFilter; SearchStrategy: all) did not find any beans (OnBeanCondition)

   HttpMessageConvertersAutoConfiguration matched:
      - @ConditionalOnClass found required class 'org.springframework.http.converter.HttpMessageConverter' (OnClassCondition)
      - NoneNestedConditions 0 matched 1 did not; NestedCondition on HttpMessageConvertersAutoConfiguration.NotReactiveWebApplicationCondition.ReactiveWebApplication did not find reactive web application classes (HttpMessageConvertersAutoConfiguration.NotReactiveWebApplicationCondition)

   HttpMessageConvertersAutoConfiguration.StringHttpMessageConverterConfiguration#stringHttpMessageConvertersCustomizer matched:
      - @ConditionalOnMissingBean (types: org.springframework.http.converter.StringHttpMessageConverter; SearchStrategy: all) did not find any beans (OnBeanCondition)

   ImperativeHttpClientAutoConfiguration matched:
      - @ConditionalOnClass found required class 'org.springframework.http.client.ClientHttpRequestFactory' (OnClassCondition)
      - NoneNestedConditions 0 matched 1 did not; NestedCondition on NotReactiveWebApplicationCondition.ReactiveWebApplication did not find reactive web application classes (NotReactiveWebApplicationCondition)

   ImperativeHttpClientAutoConfiguration#clientHttpRequestFactory matched:
      - @ConditionalOnMissingBean (types: org.springframework.http.client.ClientHttpRequestFactory; SearchStrategy: all) did not find any beans (OnBeanCondition)

   ImperativeHttpClientAutoConfiguration#clientHttpRequestFactoryBuilder matched:
      - @ConditionalOnMissingBean (types: org.springframework.boot.http.client.ClientHttpRequestFactoryBuilder<?>; SearchStrategy: all) did not find any beans (OnBeanCondition)

   JacksonAutoConfiguration matched:
      - @ConditionalOnClass found required class 'tools.jackson.databind.json.JsonMapper' (OnClassCondition)

   JacksonAutoConfiguration#jacksonJsonMapper matched:
      - @ConditionalOnMissingBean (types: tools.jackson.databind.json.JsonMapper; SearchStrategy: all) did not find any beans (OnBeanCondition)

   JacksonAutoConfiguration#jsonMapperBuilder matched:
      - @ConditionalOnMissingBean (types: tools.jackson.databind.json.JsonMapper$Builder; SearchStrategy: all) did not find any beans (OnBeanCondition)

   JacksonAutoConfiguration.JsonProblemDetailsConfiguration matched:
      - @ConditionalOnClass found required class 'org.springframework.http.ProblemDetail' (OnClassCondition)

   JacksonHttpMessageConvertersConfiguration.JacksonJsonHttpMessageConverterConfiguration matched:
      - @ConditionalOnClass found required class 'tools.jackson.databind.json.JsonMapper' (OnClassCondition)
      - @ConditionalOnProperty (spring.http.converters.preferred-json-mapper=jackson) matched (OnPropertyCondition)
      - @ConditionalOnBean (types: tools.jackson.databind.json.JsonMapper; SearchStrategy: all) found bean 'jacksonJsonMapper' (OnBeanCondition)

   JacksonHttpMessageConvertersConfiguration.JacksonJsonHttpMessageConverterConfiguration#jacksonJsonHttpMessageConvertersCustomizer matched:
      - @ConditionalOnMissingBean (types: org.springframework.http.converter.json.JacksonJsonHttpMessageConverter ignored: org.springframework.hateoas.server.mvc.TypeConstrainedJacksonJsonHttpMessageConverter,org.springframework.data.rest.webmvc.alps.AlpsJacksonJsonHttpMessageConverter; SearchStrategy: all) did not find any beans (OnBeanCondition)

   JdbcClientAutoConfiguration matched:
      - @ConditionalOnSingleCandidate (types: org.springframework.jdbc.core.namedparam.NamedParameterJdbcTemplate; SearchStrategy: all) found a single bean 'namedParameterJdbcTemplate'; @ConditionalOnMissingBean (types: org.springframework.jdbc.core.simple.JdbcClient; SearchStrategy: all) did not find any beans (OnBeanCondition)

   JdbcTemplateAutoConfiguration matched:
      - @ConditionalOnClass found required classes 'javax.sql.DataSource', 'org.springframework.jdbc.core.JdbcTemplate' (OnClassCondition)
      - @ConditionalOnSingleCandidate (types: javax.sql.DataSource; SearchStrategy: all) found a single bean 'dataSource' (OnBeanCondition)

   JdbcTemplateConfiguration matched:
      - @ConditionalOnMissingBean (types: org.springframework.jdbc.core.JdbcOperations; SearchStrategy: all) did not find any beans (OnBeanCondition)

   JpaBaseConfiguration#entityManagerFactory matched:
      - @ConditionalOnMissingBean (types: org.springframework.orm.jpa.LocalContainerEntityManagerFactoryBean,jakarta.persistence.EntityManagerFactory; SearchStrategy: all) did not find any beans (OnBeanCondition)

   JpaBaseConfiguration#entityManagerFactoryBuilder matched:
      - @ConditionalOnMissingBean (types: org.springframework.boot.jpa.EntityManagerFactoryBuilder; SearchStrategy: all) did not find any beans (OnBeanCondition)

   JpaBaseConfiguration#jpaVendorAdapter matched:
      - @ConditionalOnMissingBean (types: org.springframework.orm.jpa.JpaVendorAdapter; SearchStrategy: all) did not find any beans (OnBeanCondition)

   JpaBaseConfiguration#transactionManager matched:
      - @ConditionalOnMissingBean (types: org.springframework.transaction.TransactionManager; SearchStrategy: all) did not find any beans (OnBeanCondition)

   JpaBaseConfiguration.PersistenceManagedTypesConfiguration matched:
      - @ConditionalOnMissingBean (types: org.springframework.orm.jpa.LocalContainerEntityManagerFactoryBean,jakarta.persistence.EntityManagerFactory; SearchStrategy: all) did not find any beans (OnBeanCondition)

   JpaBaseConfiguration.PersistenceManagedTypesConfiguration#persistenceManagedTypes matched:
      - @ConditionalOnMissingBean (types: org.springframework.orm.jpa.persistenceunit.PersistenceManagedTypes; SearchStrategy: all) did not find any beans (OnBeanCondition)

   JtaAutoConfiguration matched:
      - @ConditionalOnClass found required class 'jakarta.transaction.Transaction' (OnClassCondition)
      - @ConditionalOnBooleanProperty (spring.jta.enabled=true) matched (OnPropertyCondition)

   LifecycleAutoConfiguration#defaultLifecycleProcessor matched:
      - @ConditionalOnMissingBean (names: lifecycleProcessor; SearchStrategy: current) did not find any beans (OnBeanCondition)

   LocalDevToolsAutoConfiguration matched:
      - Initialized Restarter Condition available and initialized (OnInitializedRestarterCondition)

   LocalDevToolsAutoConfiguration.RestartConfiguration matched:
      - @ConditionalOnBooleanProperty (spring.devtools.restart.enabled=true) matched (OnPropertyCondition)

   LocalDevToolsAutoConfiguration.RestartConfiguration#classPathFileSystemWatcher matched:
      - @ConditionalOnMissingBean (types: org.springframework.boot.devtools.classpath.ClassPathFileSystemWatcher; SearchStrategy: all) did not find any beans (OnBeanCondition)

   LocalDevToolsAutoConfiguration.RestartConfiguration#classPathRestartStrategy matched:
      - @ConditionalOnMissingBean (types: org.springframework.boot.devtools.classpath.ClassPathRestartStrategy; SearchStrategy: all) did not find any beans (OnBeanCondition)

   LocalDevToolsAutoConfiguration.RestartConfiguration#conditionEvaluationDeltaLoggingListener matched:
      - @ConditionalOnBooleanProperty (spring.devtools.restart.log-condition-evaluation-delta=true) matched (OnPropertyCondition)

   MailSenderPropertiesConfiguration matched:
      - @ConditionalOnProperty (spring.mail.host) matched (OnPropertyCondition)

   MultipartAutoConfiguration matched:
      - @ConditionalOnClass found required classes 'jakarta.servlet.Servlet', 'org.springframework.web.multipart.support.StandardServletMultipartResolver', 'jakarta.servlet.MultipartConfigElement' (OnClassCondition)
      - found 'session' scope (OnWebApplicationCondition)
      - @ConditionalOnBooleanProperty (spring.servlet.multipart.enabled=true) matched (OnPropertyCondition)

   MultipartAutoConfiguration#multipartConfigElement matched:
      - @ConditionalOnMissingBean (types: jakarta.servlet.MultipartConfigElement; SearchStrategy: all) did not find any beans (OnBeanCondition)

   MultipartAutoConfiguration#multipartResolver matched:
      - @ConditionalOnMissingBean (types: org.springframework.web.multipart.MultipartResolver; SearchStrategy: all) did not find any beans (OnBeanCondition)

   NamedParameterJdbcTemplateConfiguration matched:
      - @ConditionalOnSingleCandidate (types: org.springframework.jdbc.core.JdbcTemplate; SearchStrategy: all) found a single bean 'jdbcTemplate'; @ConditionalOnMissingBean (types: org.springframework.jdbc.core.namedparam.NamedParameterJdbcOperations; SearchStrategy: all) did not find any beans (OnBeanCondition)

   PersistenceExceptionTranslationAutoConfiguration matched:
      - @ConditionalOnClass found required class 'org.springframework.dao.annotation.PersistenceExceptionTranslationPostProcessor' (OnClassCondition)

   PersistenceExceptionTranslationAutoConfiguration#persistenceExceptionTranslationPostProcessor matched:
      - @ConditionalOnBooleanProperty (spring.persistence.exceptiontranslation.enabled=true) matched (OnPropertyCondition)
      - @ConditionalOnMissingBean (types: org.springframework.dao.annotation.PersistenceExceptionTranslationPostProcessor; SearchStrategy: all) did not find any beans (OnBeanCondition)

   PropertyPlaceholderAutoConfiguration#propertySourcesPlaceholderConfigurer matched:
      - @ConditionalOnMissingBean (types: org.springframework.context.support.PropertySourcesPlaceholderConfigurer; SearchStrategy: current) did not find any beans (OnBeanCondition)

   SecurityAutoConfiguration matched:
      - @ConditionalOnClass found required class 'org.springframework.security.authentication.DefaultAuthenticationEventPublisher' (OnClassCondition)

   SecurityAutoConfiguration#authenticationEventPublisher matched:
      - @ConditionalOnMissingBean (types: org.springframework.security.authentication.AuthenticationEventPublisher; SearchStrategy: all) did not find any beans (OnBeanCondition)

   SecurityFilterAutoConfiguration matched:
      - @ConditionalOnClass found required classes 'org.springframework.security.web.context.AbstractSecurityWebApplicationInitializer', 'org.springframework.security.config.http.SessionCreationPolicy' (OnClassCondition)
      - found 'session' scope (OnWebApplicationCondition)

   SecurityFilterAutoConfiguration#securityFilterChainRegistration matched:
      - @ConditionalOnBean (names: springSecurityFilterChain; SearchStrategy: all) found bean 'springSecurityFilterChain' (OnBeanCondition)

   ServletWebSecurityAutoConfiguration matched:
      - @ConditionalOnClass found required class 'org.springframework.security.config.annotation.web.configuration.EnableWebSecurity' (OnClassCondition)
      - found 'session' scope (OnWebApplicationCondition)

   ServletWebSecurityAutoConfiguration.EnableWebSecurityConfiguration matched:
      - @ConditionalOnClass found required class 'org.springframework.security.config.annotation.web.configuration.EnableWebSecurity' (OnClassCondition)
      - @ConditionalOnMissingBean (names: springSecurityFilterChain; SearchStrategy: all) did not find any beans (OnBeanCondition)

   ServletWebSecurityAutoConfiguration.PathPatternRequestMatcherBuilderConfiguration matched:
      - @ConditionalOnClass found required class 'org.springframework.boot.webmvc.autoconfigure.DispatcherServletPath' (OnClassCondition)
      - @ConditionalOnBean (types: org.springframework.boot.webmvc.autoconfigure.DispatcherServletPath; SearchStrategy: all) found bean 'dispatcherServletRegistration' (OnBeanCondition)

   ServletWebSecurityAutoConfiguration.PathPatternRequestMatcherBuilderConfiguration#pathPatternRequestMatcherBuilder matched:
      - @ConditionalOnMissingBean (types: org.springframework.security.web.servlet.util.matcher.PathPatternRequestMatcher$Builder; SearchStrategy: all) did not find any beans (OnBeanCondition)

   SslAutoConfiguration#sslBundleRegistry matched:
      - @ConditionalOnMissingBean (types: org.springframework.boot.ssl.SslBundleRegistry,org.springframework.boot.ssl.SslBundles; SearchStrategy: all) did not find any beans (OnBeanCondition)

   TaskExecutionAutoConfiguration matched:
      - @ConditionalOnClass found required class 'org.springframework.scheduling.concurrent.ThreadPoolTaskExecutor' (OnClassCondition)

   TaskExecutorConfigurations.AsyncConfigurerConfiguration matched:
      - @ConditionalOnMissingBean (types: org.springframework.scheduling.annotation.AsyncConfigurer; SearchStrategy: all) did not find any beans (OnBeanCondition)

   TaskExecutorConfigurations.SimpleAsyncTaskExecutorBuilderConfiguration#simpleAsyncTaskExecutorBuilder matched:
      - @ConditionalOnMissingBean (types: org.springframework.boot.task.SimpleAsyncTaskExecutorBuilder; SearchStrategy: all) did not find any beans (OnBeanCondition)
      - @ConditionalOnThreading found PLATFORM (OnThreadingCondition)

   TaskExecutorConfigurations.TaskExecutorConfiguration matched:
      - AnyNestedCondition 1 matched 1 did not; NestedCondition on TaskExecutorConfigurations.OnExecutorCondition.ModelCondition @ConditionalOnProperty (spring.task.execution.mode=force) did not find property 'spring.task.execution.mode'; NestedCondition on TaskExecutorConfigurations.OnExecutorCondition.ExecutorBeanCondition @ConditionalOnMissingBean (types: java.util.concurrent.Executor; SearchStrategy: all) did not find any beans (TaskExecutorConfigurations.OnExecutorCondition)

   TaskExecutorConfigurations.TaskExecutorConfiguration#applicationTaskExecutor matched:
      - @ConditionalOnThreading found PLATFORM (OnThreadingCondition)

   TaskExecutorConfigurations.ThreadPoolTaskExecutorBuilderConfiguration#threadPoolTaskExecutorBuilder matched:
      - @ConditionalOnMissingBean (types: org.springframework.boot.task.ThreadPoolTaskExecutorBuilder; SearchStrategy: all) did not find any beans (OnBeanCondition)

   TaskSchedulingAutoConfiguration matched:
      - @ConditionalOnClass found required class 'org.springframework.scheduling.concurrent.ThreadPoolTaskScheduler' (OnClassCondition)

   TaskSchedulingConfigurations.SimpleAsyncTaskSchedulerBuilderConfiguration#simpleAsyncTaskSchedulerBuilder matched:
      - @ConditionalOnMissingBean (types: org.springframework.boot.task.SimpleAsyncTaskSchedulerBuilder; SearchStrategy: all) did not find any beans (OnBeanCondition)
      - @ConditionalOnThreading found PLATFORM (OnThreadingCondition)

   TaskSchedulingConfigurations.ThreadPoolTaskSchedulerBuilderConfiguration#threadPoolTaskSchedulerBuilder matched:
      - @ConditionalOnMissingBean (types: org.springframework.boot.task.ThreadPoolTaskSchedulerBuilder; SearchStrategy: all) did not find any beans (OnBeanCondition)

   TomcatServletWebServerAutoConfiguration matched:
      - @ConditionalOnClass found required classes 'jakarta.servlet.ServletRequest', 'org.apache.catalina.startup.Tomcat', 'org.apache.coyote.UpgradeProtocol', 'org.springframework.boot.tomcat.servlet.TomcatServletWebServerFactory' (OnClassCondition)
      - found 'session' scope (OnWebApplicationCondition)

   TomcatServletWebServerAutoConfiguration#tomcatServletWebServerFactory matched:
      - @ConditionalOnMissingBean (types: org.springframework.boot.web.server.servlet.ServletWebServerFactory; SearchStrategy: current) did not find any beans (OnBeanCondition)

   TomcatWebServerConfiguration matched:
      - @ConditionalOnWarDeployment the application is not deployed as a WAR file. (OnWarDeploymentCondition)

   TomcatWebServerConfiguration.TomcatWebSocketConfiguration matched:
      - @ConditionalOnClass found required class 'org.apache.tomcat.websocket.server.WsSci' (OnClassCondition)

   TransactionAutoConfiguration matched:
      - @ConditionalOnClass found required class 'org.springframework.transaction.PlatformTransactionManager' (OnClassCondition)

   TransactionAutoConfiguration.EnableTransactionManagementConfiguration matched:
      - @ConditionalOnBean (types: org.springframework.transaction.TransactionManager; SearchStrategy: all) found bean 'transactionManager'; @ConditionalOnMissingBean (types: org.springframework.transaction.annotation.AbstractTransactionManagementConfiguration; SearchStrategy: all) did not find any beans (OnBeanCondition)

   TransactionAutoConfiguration.EnableTransactionManagementConfiguration.CglibAutoProxyConfiguration matched:
      - @ConditionalOnBooleanProperty (spring.aop.proxy-target-class=true) matched (OnPropertyCondition)

   TransactionAutoConfiguration.TransactionTemplateConfiguration matched:
      - @ConditionalOnSingleCandidate (types: org.springframework.transaction.PlatformTransactionManager; SearchStrategy: all) found a single bean 'transactionManager' (OnBeanCondition)

   TransactionAutoConfiguration.TransactionTemplateConfiguration#transactionTemplate matched:
      - @ConditionalOnMissingBean (types: org.springframework.transaction.support.TransactionOperations; SearchStrategy: all) did not find any beans (OnBeanCondition)

   TransactionManagerCustomizationAutoConfiguration matched:
      - @ConditionalOnClass found required class 'org.springframework.transaction.PlatformTransactionManager' (OnClassCondition)

   TransactionManagerCustomizationAutoConfiguration#platformTransactionManagerCustomizers matched:
      - @ConditionalOnMissingBean (types: org.springframework.boot.transaction.autoconfigure.TransactionManagerCustomizers; SearchStrategy: all) did not find any beans (OnBeanCondition)

   ValidationAutoConfiguration matched:
      - @ConditionalOnClass found required class 'jakarta.validation.executable.ExecutableValidator' (OnClassCondition)
      - @ConditionalOnResource found location classpath:META-INF/services/jakarta.validation.spi.ValidationProvider (OnResourceCondition)

   ValidationAutoConfiguration#defaultValidator matched:
      - @ConditionalOnMissingBean (types: jakarta.validation.Validator; SearchStrategy: all) did not find any beans (OnBeanCondition)

   ValidationAutoConfiguration#methodValidationPostProcessor matched:
      - @ConditionalOnMissingBean (types: org.springframework.validation.beanvalidation.MethodValidationPostProcessor; SearchStrategy: current) did not find any beans (OnBeanCondition)

   WebMvcAutoConfiguration matched:
      - @ConditionalOnClass found required classes 'jakarta.servlet.Servlet', 'org.springframework.web.servlet.DispatcherServlet', 'org.springframework.web.servlet.config.annotation.WebMvcConfigurer' (OnClassCondition)
      - found 'session' scope (OnWebApplicationCondition)
      - @ConditionalOnMissingBean (types: org.springframework.web.servlet.config.annotation.WebMvcConfigurationSupport; SearchStrategy: all) did not find any beans (OnBeanCondition)

   WebMvcAutoConfiguration#formContentFilter matched:
      - @ConditionalOnBooleanProperty (spring.mvc.formcontent.filter.enabled=true) matched (OnPropertyCondition)
      - @ConditionalOnMissingBean (types: org.springframework.web.filter.FormContentFilter; SearchStrategy: all) did not find any beans (OnBeanCondition)

   WebMvcAutoConfiguration.EnableWebMvcConfiguration#flashMapManager matched:
      - @ConditionalOnMissingBean (names: flashMapManager; SearchStrategy: all) did not find any beans (OnBeanCondition)

   WebMvcAutoConfiguration.EnableWebMvcConfiguration#localeResolver matched:
      - @ConditionalOnMissingBean (names: localeResolver; SearchStrategy: all) did not find any beans (OnBeanCondition)

   WebMvcAutoConfiguration.EnableWebMvcConfiguration#viewNameTranslator matched:
      - @ConditionalOnMissingBean (names: viewNameTranslator; SearchStrategy: all) did not find any beans (OnBeanCondition)

   WebMvcAutoConfiguration.WebMvcAutoConfigurationAdapter#defaultViewResolver matched:
      - @ConditionalOnMissingBean (types: org.springframework.web.servlet.view.InternalResourceViewResolver; SearchStrategy: all) did not find any beans (OnBeanCondition)

   WebMvcAutoConfiguration.WebMvcAutoConfigurationAdapter#requestContextFilter matched:
      - @ConditionalOnMissingBean (types: org.springframework.web.context.request.RequestContextListener,org.springframework.web.filter.RequestContextFilter; SearchStrategy: all) did not find any beans (OnBeanCondition)

   WebMvcAutoConfiguration.WebMvcAutoConfigurationAdapter#viewResolver matched:
      - @ConditionalOnBean (types: org.springframework.web.servlet.ViewResolver; SearchStrategy: all) found beans 'defaultViewResolver', 'beanNameViewResolver', 'mvcViewResolver'; @ConditionalOnMissingBean (names: viewResolver types: org.springframework.web.servlet.view.ContentNegotiatingViewResolver; SearchStrategy: all) did not find any beans (OnBeanCondition)

   WebServiceTemplateAutoConfiguration matched:
      - @ConditionalOnClass found required classes 'org.springframework.ws.client.core.WebServiceTemplate', 'org.springframework.oxm.Unmarshaller', 'org.springframework.oxm.Marshaller' (OnClassCondition)

   WebServiceTemplateAutoConfiguration#webServiceHttpMessageSenderFactory matched:
      - @ConditionalOnMissingBean (types: org.springframework.boot.webservices.client.WebServiceMessageSenderFactory; SearchStrategy: all) did not find any beans (OnBeanCondition)

   WebServiceTemplateAutoConfiguration#webServiceTemplateBuilder matched:
      - @ConditionalOnMissingBean (types: org.springframework.boot.webservices.client.WebServiceTemplateBuilder; SearchStrategy: all) did not find any beans (OnBeanCondition)

   WebServicesAutoConfiguration matched:
      - @ConditionalOnClass found required class 'org.springframework.ws.transport.http.MessageDispatcherServlet' (OnClassCondition)
      - found 'session' scope (OnWebApplicationCondition)
      - @ConditionalOnMissingBean (types: org.springframework.ws.config.annotation.WsConfigurationSupport; SearchStrategy: all) did not find any beans (OnBeanCondition)


Negative matches:
-----------------

   AopAutoConfiguration.AspectJAutoProxyingConfiguration.JdkDynamicAutoProxyConfiguration:
      Did not match:
         - @ConditionalOnBooleanProperty (spring.aop.proxy-target-class=false) did not find property 'spring.aop.proxy-target-class' (OnPropertyCondition)

   AopAutoConfiguration.ClassProxyingConfiguration:
      Did not match:
         - @ConditionalOnMissingClass found unwanted class 'org.aspectj.weaver.Advice' (OnClassCondition)

   DataJpaRepositoriesAutoConfiguration#entityManagerFactoryBootstrapExecutorCustomizer:
      Did not match:
         - AnyNestedCondition 0 matched 2 did not; NestedCondition on DataJpaRepositoriesAutoConfiguration.BootstrapExecutorCondition.LazyBootstrapMode @ConditionalOnProperty (spring.data.jpa.repositories.bootstrap-mode=lazy) did not find property 'spring.data.jpa.repositories.bootstrap-mode'; NestedCondition on DataJpaRepositoriesAutoConfiguration.BootstrapExecutorCondition.DeferredBootstrapMode @ConditionalOnProperty (spring.data.jpa.repositories.bootstrap-mode=deferred) did not find property 'spring.data.jpa.repositories.bootstrap-mode' (DataJpaRepositoriesAutoConfiguration.BootstrapExecutorCondition)

   DataRepositoryMetricsAutoConfiguration:
      Did not match:
         - @ConditionalOnBean did not find required type 'io.micrometer.core.instrument.MeterRegistry' (OnBeanCondition)

   DataSourceAutoConfiguration.EmbeddedDatabaseConfiguration:
      Did not match:
         - EmbeddedDataSource spring.datasource.url is set (DataSourceAutoConfiguration.EmbeddedDatabaseCondition)

   DataSourceCheckpointRestoreConfiguration:
      Did not match:
         - @ConditionalOnClass did not find required class 'org.crac.Resource' (OnClassCondition)

   DataSourceConfiguration.Dbcp2:
      Did not match:
         - @ConditionalOnClass did not find required class 'org.apache.commons.dbcp2.BasicDataSource' (OnClassCondition)

   DataSourceConfiguration.Generic:
      Did not match:
         - @ConditionalOnProperty (spring.datasource.type) did not find property 'spring.datasource.type' (OnPropertyCondition)

   DataSourceConfiguration.OracleUcp:
      Did not match:
         - @ConditionalOnClass did not find required classes 'oracle.ucp.jdbc.PoolDataSourceImpl', 'oracle.jdbc.OracleConnection' (OnClassCondition)

   DataSourceConfiguration.Tomcat:
      Did not match:
         - @ConditionalOnClass did not find required class 'org.apache.tomcat.jdbc.pool.DataSource' (OnClassCondition)

   DataSourceHealthContributorAutoConfiguration:
      Did not match:
         - @ConditionalOnClass did not find required class 'org.springframework.boot.health.autoconfigure.contributor.ConditionalOnEnabledHealthIndicator' (OnClassCondition)

   DataSourceJmxConfiguration:
      Did not match:
         - @ConditionalOnBooleanProperty (spring.jmx.enabled=true) did not find property 'spring.jmx.enabled' (OnPropertyCondition)

   DataSourcePoolMetadataProvidersConfiguration.CommonsDbcp2PoolDataSourceMetadataProviderConfiguration:
      Did not match:
         - @ConditionalOnClass did not find required class 'org.apache.commons.dbcp2.BasicDataSource' (OnClassCondition)

   DataSourcePoolMetadataProvidersConfiguration.OracleUcpPoolDataSourceMetadataProviderConfiguration:
      Did not match:
         - @ConditionalOnClass did not find required classes 'oracle.ucp.jdbc.PoolDataSource', 'oracle.jdbc.OracleConnection' (OnClassCondition)

   DataSourcePoolMetadataProvidersConfiguration.TomcatDataSourcePoolMetadataProviderConfiguration:
      Did not match:
         - @ConditionalOnClass did not find required class 'org.apache.tomcat.jdbc.pool.DataSource' (OnClassCondition)

   DataSourcePoolMetricsAutoConfiguration:
      Did not match:
         - @ConditionalOnClass did not find required class 'io.micrometer.core.instrument.MeterRegistry' (OnClassCondition)

   DataSourceTransactionManagerAutoConfiguration.JdbcTransactionManagerConfiguration#transactionManager:
      Did not match:
         - @ConditionalOnMissingBean (types: org.springframework.transaction.TransactionManager; SearchStrategy: all) found beans of type 'org.springframework.transaction.TransactionManager' transactionManager (OnBeanCondition)

   DevToolsR2dbcAutoConfiguration:
      Did not match:
         - @ConditionalOnClass did not find required class 'io.r2dbc.spi.ConnectionFactory' (OnClassCondition)

   DispatcherServletAutoConfiguration.DispatcherServletConfiguration#multipartResolver:
      Did not match:
         - @ConditionalOnBean (types: org.springframework.web.multipart.MultipartResolver; SearchStrategy: all) did not find any beans of type org.springframework.web.multipart.MultipartResolver (OnBeanCondition)

   GsonHttpMessageConvertersConfiguration:
      Did not match:
         - @ConditionalOnClass did not find required class 'com.google.gson.Gson' (OnClassCondition)

   HibernateMetricsAutoConfiguration:
      Did not match:
         - @ConditionalOnClass did not find required class 'io.micrometer.core.instrument.MeterRegistry' (OnClassCondition)

   HttpClientMetricsAutoConfiguration:
      Did not match:
         - @ConditionalOnClass did not find required class 'io.micrometer.core.instrument.MeterRegistry' (OnClassCondition)

   Jackson2HttpMessageConvertersConfiguration.MappingJackson2HttpMessageConverterConfiguration:
      Did not match:
         - AnyNestedCondition 0 matched 2 did not; NestedCondition on Jackson2HttpMessageConvertersConfiguration.PreferJackson2OrJacksonUnavailableCondition.JacksonUnavailable @ConditionalOnMissingBean (types: org.springframework.boot.http.converter.autoconfigure.JacksonHttpMessageConvertersConfiguration$JacksonJsonHttpMessageConvertersCustomizer; SearchStrategy: all) found beans of type 'org.springframework.boot.http.converter.autoconfigure.JacksonHttpMessageConvertersConfiguration$JacksonJsonHttpMessageConvertersCustomizer' jacksonJsonHttpMessageConvertersCustomizer; NestedCondition on Jackson2HttpMessageConvertersConfiguration.PreferJackson2OrJacksonUnavailableCondition.Jackson2Preferred @ConditionalOnProperty (spring.http.converters.preferred-json-mapper=jackson2) did not find property 'spring.http.converters.preferred-json-mapper' (Jackson2HttpMessageConvertersConfiguration.PreferJackson2OrJacksonUnavailableCondition)
      Matched:
         - @ConditionalOnClass found required class 'com.fasterxml.jackson.databind.ObjectMapper' (OnClassCondition)

   Jackson2HttpMessageConvertersConfiguration.MappingJackson2XmlHttpMessageConverterConfiguration:
      Did not match:
         - @ConditionalOnClass did not find required class 'com.fasterxml.jackson.dataformat.xml.XmlMapper' (OnClassCondition)

   JacksonAutoConfiguration.CborConfiguration:
      Did not match:
         - @ConditionalOnClass did not find required class 'tools.jackson.dataformat.cbor.CBORMapper' (OnClassCondition)

   JacksonAutoConfiguration.XmlConfiguration:
      Did not match:
         - @ConditionalOnClass did not find required class 'tools.jackson.dataformat.xml.XmlMapper' (OnClassCondition)

   JacksonHttpMessageConvertersConfiguration.JacksonXmlHttpMessageConverterConfiguration:
      Did not match:
         - @ConditionalOnClass did not find required class 'tools.jackson.dataformat.xml.XmlMapper' (OnClassCondition)

   JmxAutoConfiguration:
      Did not match:
         - @ConditionalOnBooleanProperty (spring.jmx.enabled=true) did not find property 'spring.jmx.enabled' (OnPropertyCondition)
      Matched:
         - @ConditionalOnClass found required class 'org.springframework.jmx.export.MBeanExporter' (OnClassCondition)

   JndiDataSourceAutoConfiguration:
      Did not match:
         - @ConditionalOnProperty (spring.datasource.jndi-name) did not find property 'spring.datasource.jndi-name' (OnPropertyCondition)
      Matched:
         - @ConditionalOnClass found required classes 'javax.sql.DataSource', 'org.springframework.jdbc.datasource.embedded.EmbeddedDatabaseType' (OnClassCondition)

   JndiJtaConfiguration:
      Did not match:
         - @ConditionalOnJndi JNDI environment is not available (OnJndiCondition)
      Matched:
         - @ConditionalOnClass found required class 'org.springframework.transaction.jta.JtaTransactionManager' (OnClassCondition)

   JpaBaseConfiguration.JpaWebConfiguration:
      Did not match:
         - @ConditionalOnBooleanProperty (spring.jpa.open-in-view=true) found different value in property 'spring.jpa.open-in-view' (OnPropertyCondition)
      Matched:
         - @ConditionalOnClass found required class 'org.springframework.web.servlet.config.annotation.WebMvcConfigurer' (OnClassCondition)
         - found 'session' scope (OnWebApplicationCondition)

   JsonbHttpMessageConvertersConfiguration:
      Did not match:
         - @ConditionalOnClass did not find required class 'jakarta.json.bind.Jsonb' (OnClassCondition)

   KotlinSerializationHttpMessageConvertersConfiguration:
      Did not match:
         - @ConditionalOnClass did not find required classes 'kotlinx.serialization.Serializable', 'kotlinx.serialization.json.Json' (OnClassCondition)

   LocalDevToolsAutoConfiguration.LiveReloadConfiguration:
      Did not match:
         - @ConditionalOnBooleanProperty (spring.devtools.livereload.enabled=true) did not find property 'spring.devtools.livereload.enabled' (OnPropertyCondition)

   MailHealthContributorAutoConfiguration:
      Did not match:
         - @ConditionalOnClass did not find required class 'org.springframework.boot.health.autoconfigure.contributor.ConditionalOnEnabledHealthIndicator' (OnClassCondition)

   MailSenderAutoConfiguration:
      Did not match:
         - @ConditionalOnMissingBean (types: org.springframework.mail.MailSender; SearchStrategy: all) found beans of type 'org.springframework.mail.MailSender' javaMailSender (OnBeanCondition)
      Matched:
         - @ConditionalOnClass found required classes 'jakarta.mail.internet.MimeMessage', 'jakarta.activation.MimeType', 'org.springframework.mail.MailSender' (OnClassCondition)
         - AnyNestedCondition 1 matched 1 did not; NestedCondition on MailSenderAutoConfiguration.MailSenderCondition.JndiNameProperty @ConditionalOnProperty (spring.mail.jndi-name) did not find property 'spring.mail.jndi-name'; NestedCondition on MailSenderAutoConfiguration.MailSenderCondition.HostProperty @ConditionalOnProperty (spring.mail.host) matched (MailSenderAutoConfiguration.MailSenderCondition)

   MailSenderJndiConfiguration:
      Did not match:
         - @ConditionalOnProperty (spring.mail.jndi-name) did not find property 'spring.mail.jndi-name' (OnPropertyCondition)
      Matched:
         - @ConditionalOnClass found required class 'jakarta.mail.Session' (OnClassCondition)

   MailSenderValidatorAutoConfiguration:
      Did not match:
         - @ConditionalOnBooleanProperty (spring.mail.test-connection=true) did not find property 'spring.mail.test-connection' (OnPropertyCondition)

   ManagementWebSecurityAutoConfiguration:
      Did not match:
         - @ConditionalOnClass did not find required class 'org.springframework.boot.actuate.autoconfigure.endpoint.web.WebEndpointAutoConfiguration' (OnClassCondition)

   MessageSourceAutoConfiguration:
      Did not match:
         - ResourceBundle did not find bundle with basename messages (MessageSourceAutoConfiguration.ResourceBundleCondition)

   ProjectInfoAutoConfiguration#buildProperties:
      Did not match:
         - @ConditionalOnResource did not find resource '${spring.info.build.location:classpath:META-INF/build-info.properties}' (OnResourceCondition)

   ProjectInfoAutoConfiguration#gitProperties:
      Did not match:
         - GitResource did not find git info at classpath:git.properties (ProjectInfoAutoConfiguration.GitResourceAvailableCondition)

   RSocketSecurityAutoConfiguration:
      Did not match:
         - @ConditionalOnClass did not find required class 'org.springframework.boot.rsocket.server.RSocketServerCustomizer' (OnClassCondition)

   ReactiveHttpClientAutoConfiguration:
      Did not match:
         - @ConditionalOnClass did not find required class 'reactor.core.publisher.Mono' (OnClassCondition)

   ReactiveManagementWebSecurityAutoConfiguration:
      Did not match:
         - @ConditionalOnClass did not find required class 'org.springframework.boot.actuate.autoconfigure.endpoint.web.WebEndpointAutoConfiguration' (OnClassCondition)

   ReactiveUserDetailsServiceAutoConfiguration:
      Did not match:
         - AnyNestedCondition 0 matched 2 did not; NestedCondition on ReactiveUserDetailsServiceAutoConfiguration.RSocketEnabledOrReactiveWebApplication.ReactiveWebApplicationCondition did not find reactive web application classes; NestedCondition on ReactiveUserDetailsServiceAutoConfiguration.RSocketEnabledOrReactiveWebApplication.RSocketSecurityEnabledCondition @ConditionalOnBean (types: org.springframework.messaging.rsocket.annotation.support.RSocketMessageHandler; SearchStrategy: all) did not find any beans of type org.springframework.messaging.rsocket.annotation.support.RSocketMessageHandler (ReactiveUserDetailsServiceAutoConfiguration.RSocketEnabledOrReactiveWebApplication)
      Matched:
         - @ConditionalOnClass found required class 'org.springframework.security.authentication.ReactiveAuthenticationManager' (OnClassCondition)
         - AnyNestedCondition 1 matched 2 did not; NestedCondition on MissingAlternativeUserDetailsManagerOrUserPropertiesConfigured.PasswordConfigured @ConditionalOnProperty (spring.security.user.password) did not find property 'spring.security.user.password'; NestedCondition on MissingAlternativeUserDetailsManagerOrUserPropertiesConfigured.NameConfigured @ConditionalOnProperty (spring.security.user.name) did not find property 'spring.security.user.name'; NestedCondition on MissingAlternativeUserDetailsManagerOrUserPropertiesConfigured.MissingAlternative @ConditionalOnMissingClass did not find unwanted classes 'org.springframework.security.oauth2.client.registration.ClientRegistrationRepository', 'org.springframework.security.oauth2.server.resource.introspection.OpaqueTokenIntrospector', 'org.springframework.security.saml2.provider.service.registration.RelyingPartyRegistrationRepository' (MissingAlternativeUserDetailsManagerOrUserPropertiesConfigured)

   ReactiveWebSecurityAutoConfiguration:
      Did not match:
         - @ConditionalOnClass did not find required class 'reactor.core.publisher.Flux' (OnClassCondition)

   RemoteDevToolsAutoConfiguration:
      Did not match:
         - @ConditionalOnProperty (spring.devtools.remote.secret) did not find property 'spring.devtools.remote.secret' (OnPropertyCondition)
      Matched:
         - @ConditionalOnClass found required classes 'jakarta.servlet.Filter', 'org.springframework.http.server.ServerHttpRequest', 'org.springframework.boot.web.server.autoconfigure.ServerProperties' (OnClassCondition)

   SecurityAutoConfiguration.SecurityDataConfiguration:
      Did not match:
         - @ConditionalOnClass did not find required class 'org.springframework.security.data.repository.query.SecurityEvaluationContextExtension' (OnClassCondition)

   ServletHttpExchangesAutoConfiguration:
      Did not match:
         - @ConditionalOnBean did not find required type 'org.springframework.boot.actuate.web.exchanges.HttpExchangeRepository' (OnBeanCondition)

   ServletManagementContextAutoConfiguration:
      Did not match:
         - @ConditionalOnClass did not find required class 'org.springframework.boot.actuate.autoconfigure.endpoint.web.WebEndpointProperties' (OnClassCondition)

   ServletMappingsAutoConfiguration:
      Did not match:
         - @ConditionalOnClass did not find required class 'org.springframework.boot.actuate.autoconfigure.endpoint.condition.ConditionalOnAvailableEndpoint' (OnClassCondition)

   ServletWebSecurityAutoConfiguration.SecurityFilterChainConfiguration:
      Did not match:
         - AllNestedConditions 1 matched 1 did not; NestedCondition on DefaultWebSecurityCondition.Beans @ConditionalOnMissingBean (types: org.springframework.security.web.SecurityFilterChain; SearchStrategy: all) found beans of type 'org.springframework.security.web.SecurityFilterChain' filterChain; NestedCondition on DefaultWebSecurityCondition.Classes @ConditionalOnClass found required classes 'org.springframework.security.web.SecurityFilterChain', 'org.springframework.security.config.annotation.web.builders.HttpSecurity' (DefaultWebSecurityCondition)

   ServletWebServerConfiguration#forwardedHeaderFilter:
      Did not match:
         - @ConditionalOnProperty (server.forward-headers-strategy=framework) did not find property 'server.forward-headers-strategy' (OnPropertyCondition)

   SpringApplicationAdminJmxAutoConfiguration:
      Did not match:
         - @ConditionalOnBooleanProperty (spring.application.admin.enabled=true) did not find property 'spring.application.admin.enabled' (OnPropertyCondition)

   TaskExecutorConfigurations.AsyncConfigurerWrapperConfiguration:
      Did not match:
         - @ConditionalOnBean (types: org.springframework.scheduling.annotation.AsyncConfigurer; SearchStrategy: all) did not find any beans of type org.springframework.scheduling.annotation.AsyncConfigurer (OnBeanCondition)

   TaskExecutorConfigurations.SimpleAsyncTaskExecutorBuilderConfiguration#simpleAsyncTaskExecutorBuilderVirtualThreads:
      Did not match:
         - @ConditionalOnMissingBean (types: org.springframework.boot.task.SimpleAsyncTaskExecutorBuilder; SearchStrategy: all) found beans of type 'org.springframework.boot.task.SimpleAsyncTaskExecutorBuilder' simpleAsyncTaskExecutorBuilder (OnBeanCondition)

   TaskExecutorConfigurations.TaskExecutorConfiguration#applicationTaskExecutorVirtualThreads:
      Did not match:
         - @ConditionalOnThreading did not find VIRTUAL (OnThreadingCondition)

   TaskSchedulingAutoConfiguration#scheduledBeanLazyInitializationExcludeFilter:
      Did not match:
         - @ConditionalOnBean (names: org.springframework.scheduling.config.internalScheduledAnnotationProcessor; SearchStrategy: all) did not find any beans named org.springframework.scheduling.config.internalScheduledAnnotationProcessor (OnBeanCondition)

   TaskSchedulingConfigurations.SimpleAsyncTaskSchedulerBuilderConfiguration#simpleAsyncTaskSchedulerBuilderVirtualThreads:
      Did not match:
         - @ConditionalOnMissingBean (types: org.springframework.boot.task.SimpleAsyncTaskSchedulerBuilder; SearchStrategy: all) found beans of type 'org.springframework.boot.task.SimpleAsyncTaskSchedulerBuilder' simpleAsyncTaskSchedulerBuilder (OnBeanCondition)

   TaskSchedulingConfigurations.TaskSchedulerConfiguration:
      Did not match:
         - @ConditionalOnBean (names: org.springframework.scheduling.config.internalScheduledAnnotationProcessor; SearchStrategy: all) did not find any beans named org.springframework.scheduling.config.internalScheduledAnnotationProcessor (OnBeanCondition)

   TomcatMetricsAutoConfiguration:
      Did not match:
         - @ConditionalOnClass did not find required class 'io.micrometer.core.instrument.binder.tomcat.TomcatMetrics' (OnClassCondition)

   TomcatReactiveManagementContextAutoConfiguration:
      Did not match:
         - @ConditionalOnClass did not find required class 'org.springframework.boot.actuate.autoconfigure.web.server.ManagementContextFactory' (OnClassCondition)

   TomcatReactiveWebServerAutoConfiguration:
      Did not match:
         - @ConditionalOnWebApplication did not find reactive web application classes (OnWebApplicationCondition)

   TomcatServletManagementContextAutoConfiguration:
      Did not match:
         - @ConditionalOnClass did not find required class 'org.springframework.boot.actuate.autoconfigure.web.server.ManagementContextFactory' (OnClassCondition)

   TomcatServletWebServerAutoConfiguration#tomcatForwardedHeaderFilterCustomizer:
      Did not match:
         - @ConditionalOnProperty (server.forward-headers-strategy=framework) did not find property 'server.forward-headers-strategy' (OnPropertyCondition)

   TomcatWebServerConfiguration#tomcatVirtualThreadsProtocolHandlerCustomizer:
      Did not match:
         - @ConditionalOnThreading did not find VIRTUAL (OnThreadingCondition)

   TransactionAutoConfiguration#transactionalOperator:
      Did not match:
         - @ConditionalOnSingleCandidate (types: org.springframework.transaction.ReactiveTransactionManager; SearchStrategy: all) did not find any beans (OnBeanCondition)

   TransactionAutoConfiguration.AspectJTransactionManagementConfiguration:
      Did not match:
         - @ConditionalOnBean (types: org.springframework.transaction.aspectj.AbstractTransactionAspect; SearchStrategy: all) did not find any beans of type org.springframework.transaction.aspectj.AbstractTransactionAspect (OnBeanCondition)

   TransactionAutoConfiguration.EnableTransactionManagementConfiguration.JdkDynamicAutoProxyConfiguration:
      Did not match:
         - @ConditionalOnBooleanProperty (spring.aop.proxy-target-class=false) did not find property 'spring.aop.proxy-target-class' (OnPropertyCondition)

   UserDetailsServiceAutoConfiguration:
      Did not match:
         - @ConditionalOnMissingBean (types: org.springframework.security.authentication.AuthenticationManager,org.springframework.security.authentication.AuthenticationProvider,org.springframework.security.core.userdetails.UserDetailsService,org.springframework.security.authentication.AuthenticationManagerResolver,org.springframework.security.oauth2.jwt.JwtDecoder; SearchStrategy: all) found beans of type 'org.springframework.security.authentication.AuthenticationManager' authenticationManager and found beans of type 'org.springframework.security.core.userdetails.UserDetailsService' customUserDetailsService (OnBeanCondition)
      Matched:
         - @ConditionalOnClass found required class 'org.springframework.security.authentication.AuthenticationManager' (OnClassCondition)
         - found 'session' scope (OnWebApplicationCondition)
         - AnyNestedCondition 1 matched 2 did not; NestedCondition on MissingAlternativeUserDetailsManagerOrUserPropertiesConfigured.PasswordConfigured @ConditionalOnProperty (spring.security.user.password) did not find property 'spring.security.user.password'; NestedCondition on MissingAlternativeUserDetailsManagerOrUserPropertiesConfigured.NameConfigured @ConditionalOnProperty (spring.security.user.name) did not find property 'spring.security.user.name'; NestedCondition on MissingAlternativeUserDetailsManagerOrUserPropertiesConfigured.MissingAlternative @ConditionalOnMissingClass did not find unwanted classes 'org.springframework.security.oauth2.client.registration.ClientRegistrationRepository', 'org.springframework.security.oauth2.server.resource.introspection.OpaqueTokenIntrospector', 'org.springframework.security.saml2.provider.service.registration.RelyingPartyRegistrationRepository' (MissingAlternativeUserDetailsManagerOrUserPropertiesConfigured)

   WebMvcAutoConfiguration#hiddenHttpMethodFilter:
      Did not match:
         - @ConditionalOnBooleanProperty (spring.mvc.hiddenmethod.filter.enabled=true) did not find property 'spring.mvc.hiddenmethod.filter.enabled' (OnPropertyCondition)

   WebMvcAutoConfiguration.ProblemDetailsErrorHandlingConfiguration:
      Did not match:
         - @ConditionalOnBooleanProperty (spring.mvc.problemdetails.enabled=true) did not find property 'spring.mvc.problemdetails.enabled' (OnPropertyCondition)

   WebMvcAutoConfiguration.ResourceChainCustomizerConfiguration:
      Did not match:
         - @ConditionalOnEnabledResourceChain did not find class org.webjars.WebJarVersionLocator (OnEnabledResourceChainCondition)

   WebMvcAutoConfiguration.WebMvcAutoConfigurationAdapter#beanNameViewResolver:
      Did not match:
         - @ConditionalOnMissingBean (types: org.springframework.web.servlet.view.BeanNameViewResolver; SearchStrategy: all) found beans of type 'org.springframework.web.servlet.view.BeanNameViewResolver' beanNameViewResolver (OnBeanCondition)

   WebMvcHealthEndpointExtensionAutoConfiguration:
      Did not match:
         - @ConditionalOnClass did not find required class 'org.springframework.boot.health.actuate.endpoint.HealthEndpoint' (OnClassCondition)

   WebMvcMappingsAutoConfiguration:
      Did not match:
         - @ConditionalOnClass did not find required class 'org.springframework.boot.actuate.autoconfigure.endpoint.condition.ConditionalOnAvailableEndpoint' (OnClassCondition)

   WebMvcObservationAutoConfiguration:
      Did not match:
         - @ConditionalOnClass did not find required class 'org.springframework.boot.micrometer.observation.autoconfigure.ObservationProperties' (OnClassCondition)

   WebServicesAutoConfiguration#wsdlDefinitionBeanFactoryPostProcessor:
      Did not match:
         - WSDL locations did not find property spring.webservices.wsdl-locations (OnWsdlLocationsCondition)

   XADataSourceAutoConfiguration:
      Did not match:
         - @ConditionalOnBean (types: org.springframework.boot.jdbc.XADataSourceWrapper; SearchStrategy: all) did not find any beans of type org.springframework.boot.jdbc.XADataSourceWrapper (OnBeanCondition)
      Matched:
         - @ConditionalOnClass found required classes 'javax.sql.DataSource', 'jakarta.transaction.TransactionManager', 'org.springframework.jdbc.datasource.embedded.EmbeddedDatabaseType' (OnClassCondition)


Exclusions:
-----------

    None


Unconditional classes:
----------------------

    org.springframework.boot.http.client.autoconfigure.HttpClientAutoConfiguration

    org.springframework.boot.autoconfigure.context.ConfigurationPropertiesAutoConfiguration

    org.springframework.boot.http.client.autoconfigure.service.HttpServiceClientPropertiesAutoConfiguration

    org.springframework.boot.autoconfigure.ssl.SslAutoConfiguration

    org.springframework.boot.autoconfigure.context.PropertyPlaceholderAutoConfiguration

    org.springframework.boot.autoconfigure.context.LifecycleAutoConfiguration

    org.springframework.boot.autoconfigure.availability.ApplicationAvailabilityAutoConfiguration

    org.springframework.boot.autoconfigure.info.ProjectInfoAutoConfiguration



2026-04-28T09:37:47.979+07:00  INFO 8304 --- [ProjWEB] [  restartedMain] c.jewellery.ProjWEB.ProjWebApplication   : Started ProjWebApplication in 6.8 seconds (process running for 7.46)
2026-04-28T09:37:47.980+07:00 DEBUG 8304 --- [ProjWEB] [  restartedMain] o.s.b.a.ApplicationAvailabilityBean      : Application availability state LivenessState changed to CORRECT
2026-04-28T09:37:48.088+07:00 DEBUG 8304 --- [ProjWEB] [  restartedMain] org.hibernate.SQL                        : select r1_0.id,r1_0.name from roles r1_0 where r1_0.name=?
Hibernate: select r1_0.id,r1_0.name from roles r1_0 where r1_0.name=?
2026-04-28T09:37:48.111+07:00 DEBUG 8304 --- [ProjWEB] [  restartedMain] org.hibernate.SQL                        : select r1_0.id,r1_0.name from roles r1_0 where r1_0.name=?
Hibernate: select r1_0.id,r1_0.name from roles r1_0 where r1_0.name=?
2026-04-28T09:37:48.115+07:00 DEBUG 8304 --- [ProjWEB] [  restartedMain] org.hibernate.SQL                        : select u1_0.id from users u1_0 where u1_0.username=? limit ?
Hibernate: select u1_0.id from users u1_0 where u1_0.username=? limit ?
2026-04-28T09:37:48.136+07:00  INFO 8304 --- [ProjWEB] [  restartedMain] c.j.ProjWEB.config.DataInitializer       : Admin user already exists
2026-04-28T09:37:48.137+07:00 DEBUG 8304 --- [ProjWEB] [  restartedMain] o.s.boot.devtools.restart.Restarter      : Creating new Restarter for thread Thread[main,5,main]
2026-04-28T09:37:48.137+07:00 DEBUG 8304 --- [ProjWEB] [  restartedMain] o.s.boot.devtools.restart.Restarter      : Immediately restarting application
2026-04-28T09:37:48.137+07:00 DEBUG 8304 --- [ProjWEB] [  restartedMain] o.s.boot.devtools.restart.Restarter      : Starting application com.jewellery.ProjWEB.ProjWebApplication with URLs [file:/D:/ProjWebFinal/target/classes/]
2026-04-28T09:37:48.138+07:00 DEBUG 8304 --- [ProjWEB] [  restartedMain] o.s.b.a.ApplicationAvailabilityBean      : Application availability state ReadinessState changed to ACCEPTING_TRAFFIC
2026-04-28T09:51:45.329+07:00  INFO 8304 --- [ProjWEB] [nio-8081-exec-1] o.a.c.c.C.[Tomcat].[localhost].[/]       : Initializing Spring DispatcherServlet 'dispatcherServlet'
2026-04-28T09:51:45.329+07:00  INFO 8304 --- [ProjWEB] [nio-8081-exec-1] o.s.web.servlet.DispatcherServlet        : Initializing Servlet 'dispatcherServlet'
2026-04-28T09:51:45.330+07:00 DEBUG 8304 --- [ProjWEB] [nio-8081-exec-1] o.s.web.servlet.DispatcherServlet        : Detected StandardServletMultipartResolver
2026-04-28T09:51:45.330+07:00 DEBUG 8304 --- [ProjWEB] [nio-8081-exec-1] o.s.web.servlet.DispatcherServlet        : Detected AcceptHeaderLocaleResolver
2026-04-28T09:51:45.331+07:00 DEBUG 8304 --- [ProjWEB] [nio-8081-exec-1] o.s.web.servlet.DispatcherServlet        : Detected org.springframework.web.servlet.view.DefaultRequestToViewNameTranslator@7f885bea
2026-04-28T09:51:45.332+07:00 DEBUG 8304 --- [ProjWEB] [nio-8081-exec-1] o.s.web.servlet.DispatcherServlet        : Detected org.springframework.web.servlet.support.SessionFlashMapManager@534b657b
2026-04-28T09:51:45.333+07:00 DEBUG 8304 --- [ProjWEB] [nio-8081-exec-1] o.s.web.servlet.DispatcherServlet        : enableLoggingRequestDetails='false': request parameters and headers will be masked to prevent unsafe logging of potentially sensitive data
2026-04-28T09:51:45.334+07:00  INFO 8304 --- [ProjWEB] [nio-8081-exec-1] o.s.web.servlet.DispatcherServlet        : Completed initialization in 4 ms
2026-04-28T09:51:45.356+07:00 DEBUG 8304 --- [ProjWEB] [nio-8081-exec-1] o.s.web.servlet.DispatcherServlet        : GET "/", parameters={}
2026-04-28T09:51:45.364+07:00 DEBUG 8304 --- [ProjWEB] [nio-8081-exec-1] o.s.w.s.handler.SimpleUrlHandlerMapping  : Mapped to ParameterizableViewController [view=org.springframework.web.servlet.view.RedirectView: [RedirectView]; URL [/trangchu.html]]
2026-04-28T09:51:45.371+07:00 DEBUG 8304 --- [ProjWEB] [nio-8081-exec-1] o.s.web.servlet.view.RedirectView        : View [RedirectView], model {}
2026-04-28T09:51:45.373+07:00 DEBUG 8304 --- [ProjWEB] [nio-8081-exec-1] o.s.web.servlet.DispatcherServlet        : Completed 302 FOUND
2026-04-28T09:51:45.379+07:00 DEBUG 8304 --- [ProjWEB] [nio-8081-exec-4] o.s.web.servlet.DispatcherServlet        : GET "/trangchu.html", parameters={}
2026-04-28T09:51:45.383+07:00 DEBUG 8304 --- [ProjWEB] [nio-8081-exec-4] o.s.w.s.handler.SimpleUrlHandlerMapping  : Mapped to ResourceHttpRequestHandler [URL [file:UIHome/], classpath [static/]]
2026-04-28T09:51:45.391+07:00 DEBUG 8304 --- [ProjWEB] [nio-8081-exec-4] o.s.web.servlet.DispatcherServlet        : Completed 200 OK
2026-04-28T09:51:45.542+07:00 DEBUG 8304 --- [ProjWEB] [nio-8081-exec-6] o.s.web.servlet.DispatcherServlet        : GET "/css/base.css", parameters={}
2026-04-28T09:51:45.543+07:00 DEBUG 8304 --- [ProjWEB] [nio-8081-exec-6] o.s.w.s.handler.SimpleUrlHandlerMapping  : Mapped to ResourceHttpRequestHandler [URL [file:UIHome/], classpath [static/]]
2026-04-28T09:51:45.544+07:00 DEBUG 8304 --- [ProjWEB] [nio-8081-exec-8] o.s.web.servlet.DispatcherServlet        : GET "/css/trangchu.css", parameters={}
2026-04-28T09:51:45.545+07:00 DEBUG 8304 --- [ProjWEB] [nio-8081-exec-8] o.s.w.s.handler.SimpleUrlHandlerMapping  : Mapped to ResourceHttpRequestHandler [URL [file:UIHome/], classpath [static/]]
2026-04-28T09:51:45.545+07:00 DEBUG 8304 --- [ProjWEB] [nio-8081-exec-6] o.s.web.servlet.DispatcherServlet        : Completed 200 OK
2026-04-28T09:51:45.546+07:00 DEBUG 8304 --- [ProjWEB] [nio-8081-exec-8] o.s.web.servlet.DispatcherServlet        : Completed 200 OK
2026-04-28T09:51:45.547+07:00 DEBUG 8304 --- [ProjWEB] [nio-8081-exec-5] o.s.web.servlet.DispatcherServlet        : GET "/img/bn1.jpg", parameters={}
2026-04-28T09:51:45.548+07:00 DEBUG 8304 --- [ProjWEB] [nio-8081-exec-3] o.s.web.servlet.DispatcherServlet        : GET "/img/bnlg1.png", parameters={}
2026-04-28T09:51:45.548+07:00 DEBUG 8304 --- [ProjWEB] [nio-8081-exec-5] o.s.w.s.handler.SimpleUrlHandlerMapping  : Mapped to ResourceHttpRequestHandler [URL [file:UIHome/], classpath [static/]]
2026-04-28T09:51:45.549+07:00 DEBUG 8304 --- [ProjWEB] [nio-8081-exec-3] o.s.w.s.handler.SimpleUrlHandlerMapping  : Mapped to ResourceHttpRequestHandler [URL [file:UIHome/], classpath [static/]]
2026-04-28T09:51:45.550+07:00 DEBUG 8304 --- [ProjWEB] [nio-8081-exec-3] o.s.web.servlet.DispatcherServlet        : Completed 200 OK
2026-04-28T09:51:45.551+07:00 DEBUG 8304 --- [ProjWEB] [nio-8081-exec-5] o.s.web.servlet.DispatcherServlet        : Completed 200 OK
2026-04-28T09:51:45.554+07:00 DEBUG 8304 --- [ProjWEB] [nio-8081-exec-7] o.s.web.servlet.DispatcherServlet        : GET "/img/bn2.jpg", parameters={}
2026-04-28T09:51:45.554+07:00 DEBUG 8304 --- [ProjWEB] [nio-8081-exec-2] o.s.web.servlet.DispatcherServlet        : GET "/img/bnlg2.svg", parameters={}
2026-04-28T09:51:45.555+07:00 DEBUG 8304 --- [ProjWEB] [nio-8081-exec-7] o.s.w.s.handler.SimpleUrlHandlerMapping  : Mapped to ResourceHttpRequestHandler [URL [file:UIHome/], classpath [static/]]
2026-04-28T09:51:45.555+07:00 DEBUG 8304 --- [ProjWEB] [nio-8081-exec-2] o.s.w.s.handler.SimpleUrlHandlerMapping  : Mapped to ResourceHttpRequestHandler [URL [file:UIHome/], classpath [static/]]
2026-04-28T09:51:45.557+07:00 DEBUG 8304 --- [ProjWEB] [nio-8081-exec-7] o.s.web.servlet.DispatcherServlet        : Completed 200 OK
2026-04-28T09:51:45.559+07:00 DEBUG 8304 --- [ProjWEB] [nio-8081-exec-9] o.s.web.servlet.DispatcherServlet        : GET "/img/bn3.jpg", parameters={}
2026-04-28T09:51:45.560+07:00 DEBUG 8304 --- [ProjWEB] [nio-8081-exec-9] o.s.w.s.handler.SimpleUrlHandlerMapping  : Mapped to ResourceHttpRequestHandler [URL [file:UIHome/], classpath [static/]]
2026-04-28T09:51:45.560+07:00 DEBUG 8304 --- [ProjWEB] [nio-8081-exec-2] o.s.web.servlet.DispatcherServlet        : Completed 200 OK
2026-04-28T09:51:45.563+07:00 DEBUG 8304 --- [ProjWEB] [nio-8081-exec-9] o.s.web.servlet.DispatcherServlet        : Completed 200 OK
2026-04-28T09:51:45.565+07:00 DEBUG 8304 --- [ProjWEB] [io-8081-exec-10] o.s.web.servlet.DispatcherServlet        : GET "/js/app.js", parameters={}
2026-04-28T09:51:45.566+07:00 DEBUG 8304 --- [ProjWEB] [io-8081-exec-10] o.s.w.s.handler.SimpleUrlHandlerMapping  : Mapped to ResourceHttpRequestHandler [URL [file:UIHome/], classpath [static/]]
2026-04-28T09:51:45.567+07:00 DEBUG 8304 --- [ProjWEB] [io-8081-exec-10] o.s.web.servlet.DispatcherServlet        : Completed 200 OK
2026-04-28T09:51:45.570+07:00 DEBUG 8304 --- [ProjWEB] [nio-8081-exec-1] o.s.web.servlet.DispatcherServlet        : GET "/js/home-data.js", parameters={}
2026-04-28T09:51:45.570+07:00 DEBUG 8304 --- [ProjWEB] [nio-8081-exec-1] o.s.w.s.handler.SimpleUrlHandlerMapping  : Mapped to ResourceHttpRequestHandler [URL [file:UIHome/], classpath [static/]]
2026-04-28T09:51:45.571+07:00 DEBUG 8304 --- [ProjWEB] [nio-8081-exec-1] o.s.web.servlet.DispatcherServlet        : Completed 200 OK
2026-04-28T09:51:45.691+07:00 DEBUG 8304 --- [ProjWEB] [nio-8081-exec-4] o.s.web.servlet.DispatcherServlet        : GET "/img/bn3lg.svg", parameters={}
2026-04-28T09:51:45.691+07:00 DEBUG 8304 --- [ProjWEB] [nio-8081-exec-4] o.s.w.s.handler.SimpleUrlHandlerMapping  : Mapped to ResourceHttpRequestHandler [URL [file:UIHome/], classpath [static/]]
2026-04-28T09:51:45.692+07:00 DEBUG 8304 --- [ProjWEB] [nio-8081-exec-4] o.s.web.servlet.DispatcherServlet        : Completed 200 OK
2026-04-28T09:51:45.695+07:00 DEBUG 8304 --- [ProjWEB] [nio-8081-exec-6] o.s.web.servlet.DispatcherServlet        : GET "/img/bn4.png", parameters={}
2026-04-28T09:51:45.696+07:00 DEBUG 8304 --- [ProjWEB] [nio-8081-exec-6] o.s.w.s.handler.SimpleUrlHandlerMapping  : Mapped to ResourceHttpRequestHandler [URL [file:UIHome/], classpath [static/]]
2026-04-28T09:51:45.699+07:00 DEBUG 8304 --- [ProjWEB] [nio-8081-exec-6] o.s.web.servlet.DispatcherServlet        : Completed 200 OK
2026-04-28T09:51:45.701+07:00 DEBUG 8304 --- [ProjWEB] [nio-8081-exec-8] o.s.web.servlet.DispatcherServlet        : GET "/img/bnlg4.png", parameters={}
2026-04-28T09:51:45.701+07:00 DEBUG 8304 --- [ProjWEB] [nio-8081-exec-8] o.s.w.s.handler.SimpleUrlHandlerMapping  : Mapped to ResourceHttpRequestHandler [URL [file:UIHome/], classpath [static/]]
2026-04-28T09:51:45.703+07:00 DEBUG 8304 --- [ProjWEB] [nio-8081-exec-8] o.s.web.servlet.DispatcherServlet        : Completed 200 OK
2026-04-28T09:51:45.705+07:00 DEBUG 8304 --- [ProjWEB] [nio-8081-exec-3] o.s.web.servlet.DispatcherServlet        : GET "/img/bn5.jpg", parameters={}
2026-04-28T09:51:45.705+07:00 DEBUG 8304 --- [ProjWEB] [nio-8081-exec-3] o.s.w.s.handler.SimpleUrlHandlerMapping  : Mapped to ResourceHttpRequestHandler [URL [file:UIHome/], classpath [static/]]
2026-04-28T09:51:45.708+07:00 DEBUG 8304 --- [ProjWEB] [nio-8081-exec-3] o.s.web.servlet.DispatcherServlet        : Completed 200 OK
2026-04-28T09:51:45.709+07:00 DEBUG 8304 --- [ProjWEB] [nio-8081-exec-5] o.s.web.servlet.DispatcherServlet        : GET "/img/bnlg5.svg", parameters={}
2026-04-28T09:51:45.710+07:00 DEBUG 8304 --- [ProjWEB] [nio-8081-exec-5] o.s.w.s.handler.SimpleUrlHandlerMapping  : Mapped to ResourceHttpRequestHandler [URL [file:UIHome/], classpath [static/]]
2026-04-28T09:51:45.712+07:00 DEBUG 8304 --- [ProjWEB] [nio-8081-exec-5] o.s.web.servlet.DispatcherServlet        : Completed 200 OK
2026-04-28T09:51:45.715+07:00 DEBUG 8304 --- [ProjWEB] [nio-8081-exec-7] o.s.web.servlet.DispatcherServlet        : GET "/img/bn6.jpg", parameters={}
2026-04-28T09:51:45.715+07:00 DEBUG 8304 --- [ProjWEB] [nio-8081-exec-7] o.s.w.s.handler.SimpleUrlHandlerMapping  : Mapped to ResourceHttpRequestHandler [URL [file:UIHome/], classpath [static/]]
2026-04-28T09:51:45.718+07:00 DEBUG 8304 --- [ProjWEB] [nio-8081-exec-7] o.s.web.servlet.DispatcherServlet        : Completed 200 OK
2026-04-28T09:51:45.720+07:00 DEBUG 8304 --- [ProjWEB] [nio-8081-exec-2] o.s.web.servlet.DispatcherServlet        : GET "/img/bnlg6.svg", parameters={}
2026-04-28T09:51:45.721+07:00 DEBUG 8304 --- [ProjWEB] [nio-8081-exec-2] o.s.w.s.handler.SimpleUrlHandlerMapping  : Mapped to ResourceHttpRequestHandler [URL [file:UIHome/], classpath [static/]]
2026-04-28T09:51:45.722+07:00 DEBUG 8304 --- [ProjWEB] [nio-8081-exec-2] o.s.web.servlet.DispatcherServlet        : Completed 200 OK
2026-04-28T09:51:45.723+07:00 DEBUG 8304 --- [ProjWEB] [nio-8081-exec-9] o.s.web.servlet.DispatcherServlet        : GET "/img/ts1.jpg", parameters={}
2026-04-28T09:51:45.724+07:00 DEBUG 8304 --- [ProjWEB] [nio-8081-exec-9] o.s.w.s.handler.SimpleUrlHandlerMapping  : Mapped to ResourceHttpRequestHandler [URL [file:UIHome/], classpath [static/]]
2026-04-28T09:51:45.726+07:00 DEBUG 8304 --- [ProjWEB] [nio-8081-exec-9] o.s.web.servlet.DispatcherServlet        : Completed 200 OK
2026-04-28T09:51:45.745+07:00 DEBUG 8304 --- [ProjWEB] [nio-8081-exec-4] o.s.web.servlet.DispatcherServlet        : GET "/api/public/products", parameters={}
2026-04-28T09:51:45.745+07:00 DEBUG 8304 --- [ProjWEB] [io-8081-exec-10] o.s.web.servlet.DispatcherServlet        : GET "/header.html", parameters={}
2026-04-28T09:51:45.745+07:00 DEBUG 8304 --- [ProjWEB] [nio-8081-exec-1] o.s.web.servlet.DispatcherServlet        : GET "/api/public/categories", parameters={}
2026-04-28T09:51:45.746+07:00 DEBUG 8304 --- [ProjWEB] [io-8081-exec-10] o.s.w.s.handler.SimpleUrlHandlerMapping  : Mapped to ResourceHttpRequestHandler [URL [file:UIHome/], classpath [static/]]
2026-04-28T09:51:45.747+07:00 DEBUG 8304 --- [ProjWEB] [nio-8081-exec-1] s.w.s.m.m.a.RequestMappingHandlerMapping : Mapped to com.jewellery.ProjWEB.user.category.controller.CategoryController#getPublicCategories()
2026-04-28T09:51:45.747+07:00 DEBUG 8304 --- [ProjWEB] [nio-8081-exec-4] s.w.s.m.m.a.RequestMappingHandlerMapping : Mapped to com.jewellery.ProjWEB.user.product.controller.ProductController#getAllPublicProducts()
2026-04-28T09:51:45.748+07:00 DEBUG 8304 --- [ProjWEB] [io-8081-exec-10] o.s.web.servlet.DispatcherServlet        : Completed 200 OK
2026-04-28T09:51:45.749+07:00 DEBUG 8304 --- [ProjWEB] [nio-8081-exec-6] o.s.web.servlet.DispatcherServlet        : GET "/img/bg1.jpg", parameters={}
2026-04-28T09:51:45.750+07:00 DEBUG 8304 --- [ProjWEB] [nio-8081-exec-6] o.s.w.s.handler.SimpleUrlHandlerMapping  : Mapped to ResourceHttpRequestHandler [URL [file:UIHome/], classpath [static/]]
2026-04-28T09:51:45.751+07:00 DEBUG 8304 --- [ProjWEB] [nio-8081-exec-8] o.s.web.servlet.DispatcherServlet        : GET "/footer.html", parameters={}
2026-04-28T09:51:45.751+07:00 DEBUG 8304 --- [ProjWEB] [nio-8081-exec-8] o.s.w.s.handler.SimpleUrlHandlerMapping  : Mapped to ResourceHttpRequestHandler [URL [file:UIHome/], classpath [static/]]
2026-04-28T09:51:45.752+07:00 DEBUG 8304 --- [ProjWEB] [nio-8081-exec-8] o.s.web.servlet.DispatcherServlet        : Completed 200 OK
2026-04-28T09:51:45.753+07:00 DEBUG 8304 --- [ProjWEB] [nio-8081-exec-6] o.s.web.servlet.DispatcherServlet        : Completed 200 OK
2026-04-28T09:51:45.794+07:00 DEBUG 8304 --- [ProjWEB] [nio-8081-exec-1] org.hibernate.SQL                        : select ce1_0.CategoryID,ce1_0.CategoryName,ce1_0.Description,ce1_0.Status from category ce1_0 where upper(ce1_0.Status)=upper(?)
Hibernate: select ce1_0.CategoryID,ce1_0.CategoryName,ce1_0.Description,ce1_0.Status from category ce1_0 where upper(ce1_0.Status)=upper(?)
2026-04-28T09:51:45.795+07:00 DEBUG 8304 --- [ProjWEB] [nio-8081-exec-4] org.hibernate.SQL                        : select pe1_0.ProductID,pe1_0.CategoryID,pe1_0.Description,pe1_0.ImageURL,pe1_0.Price,pe1_0.ProductName,pe1_0.Status from product pe1_0
Hibernate: select pe1_0.ProductID,pe1_0.CategoryID,pe1_0.Description,pe1_0.ImageURL,pe1_0.Price,pe1_0.ProductName,pe1_0.Status from product pe1_0
2026-04-28T09:51:45.824+07:00 DEBUG 8304 --- [ProjWEB] [nio-8081-exec-4] org.hibernate.SQL                        : select ce1_0.CategoryID,ce1_0.CategoryName,ce1_0.Description,ce1_0.Status from category ce1_0 where ce1_0.CategoryID=?
Hibernate: select ce1_0.CategoryID,ce1_0.CategoryName,ce1_0.Description,ce1_0.Status from category ce1_0 where ce1_0.CategoryID=?
2026-04-28T09:51:45.826+07:00 DEBUG 8304 --- [ProjWEB] [nio-8081-exec-1] o.s.w.s.m.m.a.HttpEntityMethodProcessor  : Using 'application/json', given [*/*] and supported [application/json, application/*+json]
2026-04-28T09:51:45.826+07:00 DEBUG 8304 --- [ProjWEB] [nio-8081-exec-4] org.hibernate.SQL                        : select ce1_0.CategoryID,ce1_0.CategoryName,ce1_0.Description,ce1_0.Status from category ce1_0 where ce1_0.CategoryID=?
Hibernate: select ce1_0.CategoryID,ce1_0.CategoryName,ce1_0.Description,ce1_0.Status from category ce1_0 where ce1_0.CategoryID=?
2026-04-28T09:51:45.827+07:00 DEBUG 8304 --- [ProjWEB] [nio-8081-exec-1] o.s.w.s.m.m.a.HttpEntityMethodProcessor  : Writing [[com.jewellery.ProjWEB.user.category.model.CategoryDTO@797b3d7f, com.jewellery.ProjWEB.user.category (truncated)...]
2026-04-28T09:51:45.828+07:00 DEBUG 8304 --- [ProjWEB] [nio-8081-exec-4] org.hibernate.SQL                        : select ce1_0.CategoryID,ce1_0.CategoryName,ce1_0.Description,ce1_0.Status from category ce1_0 where ce1_0.CategoryID=?
Hibernate: select ce1_0.CategoryID,ce1_0.CategoryName,ce1_0.Description,ce1_0.Status from category ce1_0 where ce1_0.CategoryID=?
2026-04-28T09:51:45.830+07:00 DEBUG 8304 --- [ProjWEB] [nio-8081-exec-4] org.hibernate.SQL                        : select ce1_0.CategoryID,ce1_0.CategoryName,ce1_0.Description,ce1_0.Status from category ce1_0 where ce1_0.CategoryID=?
Hibernate: select ce1_0.CategoryID,ce1_0.CategoryName,ce1_0.Description,ce1_0.Status from category ce1_0 where ce1_0.CategoryID=?
2026-04-28T09:51:45.833+07:00 DEBUG 8304 --- [ProjWEB] [nio-8081-exec-4] org.hibernate.SQL                        : select ce1_0.CategoryID,ce1_0.CategoryName,ce1_0.Description,ce1_0.Status from category ce1_0 where ce1_0.CategoryID=?
Hibernate: select ce1_0.CategoryID,ce1_0.CategoryName,ce1_0.Description,ce1_0.Status from category ce1_0 where ce1_0.CategoryID=?
2026-04-28T09:51:45.835+07:00 DEBUG 8304 --- [ProjWEB] [nio-8081-exec-4] org.hibernate.SQL                        : select ce1_0.CategoryID,ce1_0.CategoryName,ce1_0.Description,ce1_0.Status from category ce1_0 where ce1_0.CategoryID=?
Hibernate: select ce1_0.CategoryID,ce1_0.CategoryName,ce1_0.Description,ce1_0.Status from category ce1_0 where ce1_0.CategoryID=?
2026-04-28T09:51:45.840+07:00 DEBUG 8304 --- [ProjWEB] [nio-8081-exec-4] org.hibernate.SQL                        : select pd1_0.ProductID,pd1_0.productDetailID,pd1_0.composition,pd1_0.detailDescription,m1_0.materialID,m1_0.composition,m1_0.materialName,m1_0.purity,m1_0.unit,m1_0.weight,pd1_0.referenceWeight,pd1_0.stockQuantity from ProductDetail pd1_0 left join Material m1_0 on m1_0.materialID=pd1_0.MaterialID where pd1_0.ProductID=?
Hibernate: select pd1_0.ProductID,pd1_0.productDetailID,pd1_0.composition,pd1_0.detailDescription,m1_0.materialID,m1_0.composition,m1_0.materialName,m1_0.purity,m1_0.unit,m1_0.weight,pd1_0.referenceWeight,pd1_0.stockQuantity from ProductDetail pd1_0 left join Material m1_0 on m1_0.materialID=pd1_0.MaterialID where pd1_0.ProductID=?
2026-04-28T09:51:45.867+07:00 DEBUG 8304 --- [ProjWEB] [nio-8081-exec-4] org.hibernate.SQL                        : select pd1_0.ProductID,pd1_0.productDetailID,pd1_0.composition,pd1_0.detailDescription,m1_0.materialID,m1_0.composition,m1_0.materialName,m1_0.purity,m1_0.unit,m1_0.weight,pd1_0.referenceWeight,pd1_0.stockQuantity from ProductDetail pd1_0 left join Material m1_0 on m1_0.materialID=pd1_0.MaterialID where pd1_0.ProductID=?
Hibernate: select pd1_0.ProductID,pd1_0.productDetailID,pd1_0.composition,pd1_0.detailDescription,m1_0.materialID,m1_0.composition,m1_0.materialName,m1_0.purity,m1_0.unit,m1_0.weight,pd1_0.referenceWeight,pd1_0.stockQuantity from ProductDetail pd1_0 left join Material m1_0 on m1_0.materialID=pd1_0.MaterialID where pd1_0.ProductID=?
2026-04-28T09:51:45.869+07:00 DEBUG 8304 --- [ProjWEB] [nio-8081-exec-4] org.hibernate.SQL                        : select pd1_0.ProductID,pd1_0.productDetailID,pd1_0.composition,pd1_0.detailDescription,m1_0.materialID,m1_0.composition,m1_0.materialName,m1_0.purity,m1_0.unit,m1_0.weight,pd1_0.referenceWeight,pd1_0.stockQuantity from ProductDetail pd1_0 left join Material m1_0 on m1_0.materialID=pd1_0.MaterialID where pd1_0.ProductID=?
Hibernate: select pd1_0.ProductID,pd1_0.productDetailID,pd1_0.composition,pd1_0.detailDescription,m1_0.materialID,m1_0.composition,m1_0.materialName,m1_0.purity,m1_0.unit,m1_0.weight,pd1_0.referenceWeight,pd1_0.stockQuantity from ProductDetail pd1_0 left join Material m1_0 on m1_0.materialID=pd1_0.MaterialID where pd1_0.ProductID=?
2026-04-28T09:51:45.871+07:00 DEBUG 8304 --- [ProjWEB] [nio-8081-exec-4] org.hibernate.SQL                        : select pd1_0.ProductID,pd1_0.productDetailID,pd1_0.composition,pd1_0.detailDescription,m1_0.materialID,m1_0.composition,m1_0.materialName,m1_0.purity,m1_0.unit,m1_0.weight,pd1_0.referenceWeight,pd1_0.stockQuantity from ProductDetail pd1_0 left join Material m1_0 on m1_0.materialID=pd1_0.MaterialID where pd1_0.ProductID=?
Hibernate: select pd1_0.ProductID,pd1_0.productDetailID,pd1_0.composition,pd1_0.detailDescription,m1_0.materialID,m1_0.composition,m1_0.materialName,m1_0.purity,m1_0.unit,m1_0.weight,pd1_0.referenceWeight,pd1_0.stockQuantity from ProductDetail pd1_0 left join Material m1_0 on m1_0.materialID=pd1_0.MaterialID where pd1_0.ProductID=?
2026-04-28T09:51:45.873+07:00 DEBUG 8304 --- [ProjWEB] [nio-8081-exec-4] org.hibernate.SQL                        : select pd1_0.ProductID,pd1_0.productDetailID,pd1_0.composition,pd1_0.detailDescription,m1_0.materialID,m1_0.composition,m1_0.materialName,m1_0.purity,m1_0.unit,m1_0.weight,pd1_0.referenceWeight,pd1_0.stockQuantity from ProductDetail pd1_0 left join Material m1_0 on m1_0.materialID=pd1_0.MaterialID where pd1_0.ProductID=?
Hibernate: select pd1_0.ProductID,pd1_0.productDetailID,pd1_0.composition,pd1_0.detailDescription,m1_0.materialID,m1_0.composition,m1_0.materialName,m1_0.purity,m1_0.unit,m1_0.weight,pd1_0.referenceWeight,pd1_0.stockQuantity from ProductDetail pd1_0 left join Material m1_0 on m1_0.materialID=pd1_0.MaterialID where pd1_0.ProductID=?
2026-04-28T09:51:45.875+07:00 DEBUG 8304 --- [ProjWEB] [nio-8081-exec-4] org.hibernate.SQL                        : select pd1_0.ProductID,pd1_0.productDetailID,pd1_0.composition,pd1_0.detailDescription,m1_0.materialID,m1_0.composition,m1_0.materialName,m1_0.purity,m1_0.unit,m1_0.weight,pd1_0.referenceWeight,pd1_0.stockQuantity from ProductDetail pd1_0 left join Material m1_0 on m1_0.materialID=pd1_0.MaterialID where pd1_0.ProductID=?
Hibernate: select pd1_0.ProductID,pd1_0.productDetailID,pd1_0.composition,pd1_0.detailDescription,m1_0.materialID,m1_0.composition,m1_0.materialName,m1_0.purity,m1_0.unit,m1_0.weight,pd1_0.referenceWeight,pd1_0.stockQuantity from ProductDetail pd1_0 left join Material m1_0 on m1_0.materialID=pd1_0.MaterialID where pd1_0.ProductID=?
2026-04-28T09:51:45.878+07:00 DEBUG 8304 --- [ProjWEB] [nio-8081-exec-4] org.hibernate.SQL                        : select pd1_0.ProductID,pd1_0.productDetailID,pd1_0.composition,pd1_0.detailDescription,m1_0.materialID,m1_0.composition,m1_0.materialName,m1_0.purity,m1_0.unit,m1_0.weight,pd1_0.referenceWeight,pd1_0.stockQuantity from ProductDetail pd1_0 left join Material m1_0 on m1_0.materialID=pd1_0.MaterialID where pd1_0.ProductID=?
Hibernate: select pd1_0.ProductID,pd1_0.productDetailID,pd1_0.composition,pd1_0.detailDescription,m1_0.materialID,m1_0.composition,m1_0.materialName,m1_0.purity,m1_0.unit,m1_0.weight,pd1_0.referenceWeight,pd1_0.stockQuantity from ProductDetail pd1_0 left join Material m1_0 on m1_0.materialID=pd1_0.MaterialID where pd1_0.ProductID=?
2026-04-28T09:51:45.884+07:00 DEBUG 8304 --- [ProjWEB] [nio-8081-exec-4] m.m.a.RequestResponseBodyMethodProcessor : Using 'application/json', given [*/*] and supported [application/json, application/*+json]
2026-04-28T09:51:45.885+07:00 DEBUG 8304 --- [ProjWEB] [nio-8081-exec-4] m.m.a.RequestResponseBodyMethodProcessor : Writing [[com.jewellery.ProjWEB.user.product.model.ProductDTO@14dfc57b, com.jewellery.ProjWEB.user.product.mo (truncated)...]
2026-04-28T09:51:45.896+07:00 DEBUG 8304 --- [ProjWEB] [nio-8081-exec-1] o.s.web.servlet.DispatcherServlet        : Completed 200 OK
2026-04-28T09:51:45.901+07:00 DEBUG 8304 --- [ProjWEB] [nio-8081-exec-5] o.s.web.servlet.DispatcherServlet        : GET "/img/vong_co.png", parameters={}
2026-04-28T09:51:45.901+07:00 DEBUG 8304 --- [ProjWEB] [nio-8081-exec-7] o.s.web.servlet.DispatcherServlet        : GET "/img/vongtay.jpg", parameters={}
2026-04-28T09:51:45.901+07:00 DEBUG 8304 --- [ProjWEB] [nio-8081-exec-3] o.s.web.servlet.DispatcherServlet        : GET "/img/nhan.png", parameters={}
2026-04-28T09:51:45.901+07:00 DEBUG 8304 --- [ProjWEB] [nio-8081-exec-4] o.s.web.servlet.DispatcherServlet        : Completed 200 OK
2026-04-28T09:51:45.901+07:00 DEBUG 8304 --- [ProjWEB] [nio-8081-exec-5] o.s.w.s.handler.SimpleUrlHandlerMapping  : Mapped to ResourceHttpRequestHandler [URL [file:UIHome/], classpath [static/]]
2026-04-28T09:51:45.901+07:00 DEBUG 8304 --- [ProjWEB] [nio-8081-exec-7] o.s.w.s.handler.SimpleUrlHandlerMapping  : Mapped to ResourceHttpRequestHandler [URL [file:UIHome/], classpath [static/]]
2026-04-28T09:51:45.902+07:00 DEBUG 8304 --- [ProjWEB] [nio-8081-exec-3] o.s.w.s.handler.SimpleUrlHandlerMapping  : Mapped to ResourceHttpRequestHandler [URL [file:UIHome/], classpath [static/]]
2026-04-28T09:51:45.904+07:00 DEBUG 8304 --- [ProjWEB] [nio-8081-exec-7] o.s.web.servlet.DispatcherServlet        : Completed 200 OK
2026-04-28T09:51:45.906+07:00 DEBUG 8304 --- [ProjWEB] [nio-8081-exec-5] o.s.web.servlet.DispatcherServlet        : Completed 200 OK
2026-04-28T09:51:45.907+07:00 DEBUG 8304 --- [ProjWEB] [nio-8081-exec-3] o.s.web.servlet.DispatcherServlet        : Completed 200 OK
2026-04-28T09:51:45.909+07:00 DEBUG 8304 --- [ProjWEB] [nio-8081-exec-2] o.s.web.servlet.DispatcherServlet        : GET "/img/bongtai.jpg", parameters={}
2026-04-28T09:51:45.909+07:00 DEBUG 8304 --- [ProjWEB] [nio-8081-exec-9] o.s.web.servlet.DispatcherServlet        : GET "/img/vongchan.png", parameters={}
2026-04-28T09:51:45.909+07:00 DEBUG 8304 --- [ProjWEB] [io-8081-exec-10] o.s.web.servlet.DispatcherServlet        : GET "/img/trangsuccuoi.png", parameters={}
2026-04-28T09:51:45.910+07:00 DEBUG 8304 --- [ProjWEB] [nio-8081-exec-2] o.s.w.s.handler.SimpleUrlHandlerMapping  : Mapped to ResourceHttpRequestHandler [URL [file:UIHome/], classpath [static/]]
2026-04-28T09:51:45.910+07:00 DEBUG 8304 --- [ProjWEB] [nio-8081-exec-9] o.s.w.s.handler.SimpleUrlHandlerMapping  : Mapped to ResourceHttpRequestHandler [URL [file:UIHome/], classpath [static/]]
2026-04-28T09:51:45.910+07:00 DEBUG 8304 --- [ProjWEB] [io-8081-exec-10] o.s.w.s.handler.SimpleUrlHandlerMapping  : Mapped to ResourceHttpRequestHandler [URL [file:UIHome/], classpath [static/]]
2026-04-28T09:51:45.912+07:00 DEBUG 8304 --- [ProjWEB] [nio-8081-exec-2] o.s.web.servlet.DispatcherServlet        : Completed 200 OK
2026-04-28T09:51:45.916+07:00 DEBUG 8304 --- [ProjWEB] [nio-8081-exec-9] o.s.web.servlet.DispatcherServlet        : Completed 200 OK
2026-04-28T09:51:45.917+07:00 DEBUG 8304 --- [ProjWEB] [nio-8081-exec-8] o.s.web.servlet.DispatcherServlet        : GET "/img/charm.png", parameters={}
2026-04-28T09:51:45.918+07:00 DEBUG 8304 --- [ProjWEB] [nio-8081-exec-8] o.s.w.s.handler.SimpleUrlHandlerMapping  : Mapped to ResourceHttpRequestHandler [URL [file:UIHome/], classpath [static/]]
2026-04-28T09:51:45.918+07:00 DEBUG 8304 --- [ProjWEB] [io-8081-exec-10] o.s.web.servlet.DispatcherServlet        : Completed 200 OK
2026-04-28T09:51:45.923+07:00 DEBUG 8304 --- [ProjWEB] [nio-8081-exec-8] o.s.web.servlet.DispatcherServlet        : Completed 200 OK
2026-04-28T09:51:46.552+07:00 DEBUG 8304 --- [ProjWEB] [nio-8081-exec-6] o.s.web.servlet.DispatcherServlet        : GET "/favicon.ico", parameters={}
2026-04-28T09:51:46.553+07:00 DEBUG 8304 --- [ProjWEB] [nio-8081-exec-6] o.s.w.s.handler.SimpleUrlHandlerMapping  : Mapped to ResourceHttpRequestHandler [URL [file:UIHome/], classpath [static/]]
2026-04-28T09:51:46.554+07:00 DEBUG 8304 --- [ProjWEB] [nio-8081-exec-6] o.s.w.s.r.ResourceHttpRequestHandler     : Resource not found
2026-04-28T09:51:46.555+07:00 DEBUG 8304 --- [ProjWEB] [nio-8081-exec-6] .m.m.a.ExceptionHandlerExceptionResolver : Using @ExceptionHandler com.jewellery.ProjWEB.exception.GlobalExceptionHandler#handleGenericException(Exception)
2026-04-28T09:51:46.556+07:00 DEBUG 8304 --- [ProjWEB] [nio-8081-exec-6] o.s.w.s.m.m.a.HttpEntityMethodProcessor  : Using 'application/json;q=0.8', given [image/avif, image/webp, image/apng, image/svg+xml, image/*, */*;q=0.8] and supported [application/json, application/*+json]
2026-04-28T09:51:46.557+07:00 DEBUG 8304 --- [ProjWEB] [nio-8081-exec-6] o.s.w.s.m.m.a.HttpEntityMethodProcessor  : Writing [{timestamp=2026-04-28T09:51:46.556082800, status=500, error=Internal Server Error, message=An unexpe (truncated)...]
2026-04-28T09:51:46.561+07:00  WARN 8304 --- [ProjWEB] [nio-8081-exec-6] .m.m.a.ExceptionHandlerExceptionResolver : Resolved [org.springframework.web.servlet.resource.NoResourceFoundException: No static resource favicon.ico for request '/favicon.ico'.]
2026-04-28T09:51:46.561+07:00 DEBUG 8304 --- [ProjWEB] [nio-8081-exec-6] o.s.web.servlet.DispatcherServlet        : Completed 500 INTERNAL_SERVER_ERROR
2026-04-28T09:51:59.620+07:00 DEBUG 8304 --- [ProjWEB] [nio-8081-exec-4] o.s.web.servlet.DispatcherServlet        : POST "/api/auth/login", parameters={}
2026-04-28T09:51:59.621+07:00 DEBUG 8304 --- [ProjWEB] [nio-8081-exec-4] s.w.s.m.m.a.RequestMappingHandlerMapping : Mapped to com.jewellery.ProjWEB.auth.controller.AuthController#login(LoginRequest)
2026-04-28T09:51:59.648+07:00 DEBUG 8304 --- [ProjWEB] [nio-8081-exec-4] m.m.a.RequestResponseBodyMethodProcessor : Read "application/json;charset=UTF-8" to [LoginRequest(username=admin, password=admin123)]
2026-04-28T09:51:59.748+07:00 DEBUG 8304 --- [ProjWEB] [nio-8081-exec-4] org.hibernate.SQL                        : select u1_0.id,u1_0.address,u1_0.created_at,u1_0.email,u1_0.enabled,u1_0.fullName,u1_0.password,u1_0.phoneNumber,u1_0.updated_at,u1_0.username from users u1_0 where u1_0.username=?
Hibernate: select u1_0.id,u1_0.address,u1_0.created_at,u1_0.email,u1_0.enabled,u1_0.fullName,u1_0.password,u1_0.phoneNumber,u1_0.updated_at,u1_0.username from users u1_0 where u1_0.username=?
2026-04-28T09:51:59.752+07:00 DEBUG 8304 --- [ProjWEB] [nio-8081-exec-4] org.hibernate.SQL                        : select r1_0.user_id,r1_1.id,r1_1.name from user_roles r1_0 join roles r1_1 on r1_1.id=r1_0.role_id where r1_0.user_id=?
Hibernate: select r1_0.user_id,r1_1.id,r1_1.name from user_roles r1_0 join roles r1_1 on r1_1.id=r1_0.role_id where r1_0.user_id=?
2026-04-28T09:51:59.838+07:00 DEBUG 8304 --- [ProjWEB] [nio-8081-exec-4] org.hibernate.SQL                        : select u1_0.id,u1_0.address,u1_0.created_at,u1_0.email,u1_0.enabled,u1_0.fullName,u1_0.password,u1_0.phoneNumber,u1_0.updated_at,u1_0.username from users u1_0 where u1_0.username=?
Hibernate: select u1_0.id,u1_0.address,u1_0.created_at,u1_0.email,u1_0.enabled,u1_0.fullName,u1_0.password,u1_0.phoneNumber,u1_0.updated_at,u1_0.username from users u1_0 where u1_0.username=?
2026-04-28T09:51:59.841+07:00 DEBUG 8304 --- [ProjWEB] [nio-8081-exec-4] org.hibernate.SQL                        : select u1_0.id,u1_0.address,u1_0.created_at,u1_0.email,u1_0.enabled,u1_0.fullName,u1_0.password,u1_0.phoneNumber,u1_0.updated_at,u1_0.username from users u1_0 where u1_0.username=?
Hibernate: select u1_0.id,u1_0.address,u1_0.created_at,u1_0.email,u1_0.enabled,u1_0.fullName,u1_0.password,u1_0.phoneNumber,u1_0.updated_at,u1_0.username from users u1_0 where u1_0.username=?
2026-04-28T09:51:59.942+07:00  INFO 8304 --- [ProjWEB] [nio-8081-exec-4] c.j.P.auth.service.AuthServiceImpl       : User logged in: admin
2026-04-28T09:51:59.944+07:00 DEBUG 8304 --- [ProjWEB] [nio-8081-exec-4] o.s.w.s.m.m.a.HttpEntityMethodProcessor  : Using 'application/json', given [*/*] and supported [application/json, application/*+json]
2026-04-28T09:51:59.946+07:00 DEBUG 8304 --- [ProjWEB] [nio-8081-exec-4] o.s.w.s.m.m.a.HttpEntityMethodProcessor  : Writing [AuthResponse(token=eyJhbGciOiJIUzI1NiJ9.eyJzdWIiOiJhZG1pbiIsImlhdCI6MTc3NzM0NDcxOSwiZXhwIjoxNzc3NDMx (truncated)...]
2026-04-28T09:51:59.950+07:00 DEBUG 8304 --- [ProjWEB] [nio-8081-exec-4] o.s.web.servlet.DispatcherServlet        : Completed 200 OK
2026-04-28T09:52:00.004+07:00 DEBUG 8304 --- [ProjWEB] [nio-8081-exec-7] o.s.web.servlet.DispatcherServlet        : GET "/admin/orders", parameters={}
2026-04-28T09:52:00.004+07:00 DEBUG 8304 --- [ProjWEB] [nio-8081-exec-7] s.w.s.m.m.a.RequestMappingHandlerMapping : Mapped to com.jewellery.ProjWEB.admin.order.controller.OrderController#orderPage()
2026-04-28T09:52:00.006+07:00 DEBUG 8304 --- [ProjWEB] [nio-8081-exec-3] o.s.web.servlet.DispatcherServlet        : GET "/admin/products", parameters={}
2026-04-28T09:52:00.006+07:00 DEBUG 8304 --- [ProjWEB] [nio-8081-exec-3] s.w.s.m.m.a.RequestMappingHandlerMapping : Mapped to com.jewellery.ProjWEB.admin.product.controller.ProductController#adminPage(ProductRequest)
2026-04-28T09:52:00.008+07:00 DEBUG 8304 --- [ProjWEB] [nio-8081-exec-7] org.hibernate.SQL                        : select oe1_0.orderID,oe1_0.AccountID,oe1_0.OrderDate,oe1_0.OrderStatus,oe1_0.ShippingAddress,oe1_0.TotalAmount from `Order` oe1_0
Hibernate: select oe1_0.orderID,oe1_0.AccountID,oe1_0.OrderDate,oe1_0.OrderStatus,oe1_0.ShippingAddress,oe1_0.TotalAmount from `Order` oe1_0
2026-04-28T09:52:00.022+07:00 DEBUG 8304 --- [ProjWEB] [nio-8081-exec-3] org.hibernate.SQL                        : select pe1_0.ProductID,pe1_0.CategoryID,pe1_0.Description,pe1_0.ImageURL,pe1_0.Price,pe1_0.ProductName,pe1_0.Status from product pe1_0 where 1=1
Hibernate: select pe1_0.ProductID,pe1_0.CategoryID,pe1_0.Description,pe1_0.ImageURL,pe1_0.Price,pe1_0.ProductName,pe1_0.Status from product pe1_0 where 1=1
2026-04-28T09:52:00.024+07:00 DEBUG 8304 --- [ProjWEB] [nio-8081-exec-3] org.hibernate.SQL                        : select ce1_0.CategoryID,ce1_0.CategoryName,ce1_0.Description,ce1_0.Status from category ce1_0 where ce1_0.CategoryID=?
Hibernate: select ce1_0.CategoryID,ce1_0.CategoryName,ce1_0.Description,ce1_0.Status from category ce1_0 where ce1_0.CategoryID=?
2026-04-28T09:52:00.025+07:00 DEBUG 8304 --- [ProjWEB] [nio-8081-exec-7] org.hibernate.SQL                        : select ae1_0.accountID,ae1_0.address,ae1_0.createdAt,ae1_0.fullName,ae1_0.password,ae1_0.phoneNumber,u1_0.id,u1_0.address,u1_0.created_at,u1_0.email,u1_0.enabled,u1_0.fullName,u1_0.password,u1_0.phoneNumber,u1_0.updated_at,u1_0.username,ae1_0.username from Account ae1_0 left join users u1_0 on u1_0.id=ae1_0.user_id where ae1_0.accountID=?
Hibernate: select ae1_0.accountID,ae1_0.address,ae1_0.createdAt,ae1_0.fullName,ae1_0.password,ae1_0.phoneNumber,u1_0.id,u1_0.address,u1_0.created_at,u1_0.email,u1_0.enabled,u1_0.fullName,u1_0.password,u1_0.phoneNumber,u1_0.updated_at,u1_0.username,ae1_0.username from Account ae1_0 left join users u1_0 on u1_0.id=ae1_0.user_id where ae1_0.accountID=?
2026-04-28T09:52:00.026+07:00 DEBUG 8304 --- [ProjWEB] [nio-8081-exec-3] org.hibernate.SQL                        : select ce1_0.CategoryID,ce1_0.CategoryName,ce1_0.Description,ce1_0.Status from category ce1_0 where ce1_0.CategoryID=?
Hibernate: select ce1_0.CategoryID,ce1_0.CategoryName,ce1_0.Description,ce1_0.Status from category ce1_0 where ce1_0.CategoryID=?
2026-04-28T09:52:00.029+07:00 DEBUG 8304 --- [ProjWEB] [nio-8081-exec-3] org.hibernate.SQL                        : select ce1_0.CategoryID,ce1_0.CategoryName,ce1_0.Description,ce1_0.Status from category ce1_0 where ce1_0.CategoryID=?
Hibernate: select ce1_0.CategoryID,ce1_0.CategoryName,ce1_0.Description,ce1_0.Status from category ce1_0 where ce1_0.CategoryID=?
2026-04-28T09:52:00.031+07:00 DEBUG 8304 --- [ProjWEB] [nio-8081-exec-3] org.hibernate.SQL                        : select ce1_0.CategoryID,ce1_0.CategoryName,ce1_0.Description,ce1_0.Status from category ce1_0 where ce1_0.CategoryID=?
Hibernate: select ce1_0.CategoryID,ce1_0.CategoryName,ce1_0.Description,ce1_0.Status from category ce1_0 where ce1_0.CategoryID=?
2026-04-28T09:52:00.032+07:00 DEBUG 8304 --- [ProjWEB] [nio-8081-exec-3] org.hibernate.SQL                        : select ce1_0.CategoryID,ce1_0.CategoryName,ce1_0.Description,ce1_0.Status from category ce1_0 where ce1_0.CategoryID=?
Hibernate: select ce1_0.CategoryID,ce1_0.CategoryName,ce1_0.Description,ce1_0.Status from category ce1_0 where ce1_0.CategoryID=?
2026-04-28T09:52:00.034+07:00 DEBUG 8304 --- [ProjWEB] [nio-8081-exec-3] org.hibernate.SQL                        : select ce1_0.CategoryID,ce1_0.CategoryName,ce1_0.Description,ce1_0.Status from category ce1_0 where ce1_0.CategoryID=?
Hibernate: select ce1_0.CategoryID,ce1_0.CategoryName,ce1_0.Description,ce1_0.Status from category ce1_0 where ce1_0.CategoryID=?
2026-04-28T09:52:00.041+07:00 DEBUG 8304 --- [ProjWEB] [nio-8081-exec-7] org.hibernate.SQL                        : select ae1_0.accountID,ae1_0.address,ae1_0.createdAt,ae1_0.fullName,ae1_0.password,ae1_0.phoneNumber,u1_0.id,u1_0.address,u1_0.created_at,u1_0.email,u1_0.enabled,u1_0.fullName,u1_0.password,u1_0.phoneNumber,u1_0.updated_at,u1_0.username,ae1_0.username from Account ae1_0 left join users u1_0 on u1_0.id=ae1_0.user_id where ae1_0.accountID=?
Hibernate: select ae1_0.accountID,ae1_0.address,ae1_0.createdAt,ae1_0.fullName,ae1_0.password,ae1_0.phoneNumber,u1_0.id,u1_0.address,u1_0.created_at,u1_0.email,u1_0.enabled,u1_0.fullName,u1_0.password,u1_0.phoneNumber,u1_0.updated_at,u1_0.username,ae1_0.username from Account ae1_0 left join users u1_0 on u1_0.id=ae1_0.user_id where ae1_0.accountID=?
2026-04-28T09:52:00.044+07:00 DEBUG 8304 --- [ProjWEB] [nio-8081-exec-7] org.hibernate.SQL                        : select ae1_0.accountID,ae1_0.address,ae1_0.createdAt,ae1_0.fullName,ae1_0.password,ae1_0.phoneNumber,u1_0.id,u1_0.address,u1_0.created_at,u1_0.email,u1_0.enabled,u1_0.fullName,u1_0.password,u1_0.phoneNumber,u1_0.updated_at,u1_0.username,ae1_0.username from Account ae1_0 left join users u1_0 on u1_0.id=ae1_0.user_id where ae1_0.accountID=?
Hibernate: select ae1_0.accountID,ae1_0.address,ae1_0.createdAt,ae1_0.fullName,ae1_0.password,ae1_0.phoneNumber,u1_0.id,u1_0.address,u1_0.created_at,u1_0.email,u1_0.enabled,u1_0.fullName,u1_0.password,u1_0.phoneNumber,u1_0.updated_at,u1_0.username,ae1_0.username from Account ae1_0 left join users u1_0 on u1_0.id=ae1_0.user_id where ae1_0.accountID=?
2026-04-28T09:52:00.047+07:00 DEBUG 8304 --- [ProjWEB] [nio-8081-exec-7] org.hibernate.SQL                        : select ae1_0.accountID,ae1_0.address,ae1_0.createdAt,ae1_0.fullName,ae1_0.password,ae1_0.phoneNumber,u1_0.id,u1_0.address,u1_0.created_at,u1_0.email,u1_0.enabled,u1_0.fullName,u1_0.password,u1_0.phoneNumber,u1_0.updated_at,u1_0.username,ae1_0.username from Account ae1_0 left join users u1_0 on u1_0.id=ae1_0.user_id where ae1_0.accountID=?
Hibernate: select ae1_0.accountID,ae1_0.address,ae1_0.createdAt,ae1_0.fullName,ae1_0.password,ae1_0.phoneNumber,u1_0.id,u1_0.address,u1_0.created_at,u1_0.email,u1_0.enabled,u1_0.fullName,u1_0.password,u1_0.phoneNumber,u1_0.updated_at,u1_0.username,ae1_0.username from Account ae1_0 left join users u1_0 on u1_0.id=ae1_0.user_id where ae1_0.accountID=?
2026-04-28T09:52:00.050+07:00 DEBUG 8304 --- [ProjWEB] [nio-8081-exec-7] org.hibernate.SQL                        : select ae1_0.accountID,ae1_0.address,ae1_0.createdAt,ae1_0.fullName,ae1_0.password,ae1_0.phoneNumber,u1_0.id,u1_0.address,u1_0.created_at,u1_0.email,u1_0.enabled,u1_0.fullName,u1_0.password,u1_0.phoneNumber,u1_0.updated_at,u1_0.username,ae1_0.username from Account ae1_0 left join users u1_0 on u1_0.id=ae1_0.user_id where ae1_0.accountID=?
Hibernate: select ae1_0.accountID,ae1_0.address,ae1_0.createdAt,ae1_0.fullName,ae1_0.password,ae1_0.phoneNumber,u1_0.id,u1_0.address,u1_0.created_at,u1_0.email,u1_0.enabled,u1_0.fullName,u1_0.password,u1_0.phoneNumber,u1_0.updated_at,u1_0.username,ae1_0.username from Account ae1_0 left join users u1_0 on u1_0.id=ae1_0.user_id where ae1_0.accountID=?
2026-04-28T09:52:00.053+07:00 DEBUG 8304 --- [ProjWEB] [nio-8081-exec-7] org.hibernate.SQL                        : select ae1_0.accountID,ae1_0.address,ae1_0.createdAt,ae1_0.fullName,ae1_0.password,ae1_0.phoneNumber,u1_0.id,u1_0.address,u1_0.created_at,u1_0.email,u1_0.enabled,u1_0.fullName,u1_0.password,u1_0.phoneNumber,u1_0.updated_at,u1_0.username,ae1_0.username from Account ae1_0 left join users u1_0 on u1_0.id=ae1_0.user_id where ae1_0.accountID=?
Hibernate: select ae1_0.accountID,ae1_0.address,ae1_0.createdAt,ae1_0.fullName,ae1_0.password,ae1_0.phoneNumber,u1_0.id,u1_0.address,u1_0.created_at,u1_0.email,u1_0.enabled,u1_0.fullName,u1_0.password,u1_0.phoneNumber,u1_0.updated_at,u1_0.username,ae1_0.username from Account ae1_0 left join users u1_0 on u1_0.id=ae1_0.user_id where ae1_0.accountID=?
2026-04-28T09:52:00.058+07:00 DEBUG 8304 --- [ProjWEB] [nio-8081-exec-7] org.hibernate.SQL                        : select ae1_0.accountID,ae1_0.address,ae1_0.createdAt,ae1_0.fullName,ae1_0.password,ae1_0.phoneNumber,u1_0.id,u1_0.address,u1_0.created_at,u1_0.email,u1_0.enabled,u1_0.fullName,u1_0.password,u1_0.phoneNumber,u1_0.updated_at,u1_0.username,ae1_0.username from Account ae1_0 left join users u1_0 on u1_0.id=ae1_0.user_id where ae1_0.accountID=?
Hibernate: select ae1_0.accountID,ae1_0.address,ae1_0.createdAt,ae1_0.fullName,ae1_0.password,ae1_0.phoneNumber,u1_0.id,u1_0.address,u1_0.created_at,u1_0.email,u1_0.enabled,u1_0.fullName,u1_0.password,u1_0.phoneNumber,u1_0.updated_at,u1_0.username,ae1_0.username from Account ae1_0 left join users u1_0 on u1_0.id=ae1_0.user_id where ae1_0.accountID=?
2026-04-28T09:52:00.062+07:00 DEBUG 8304 --- [ProjWEB] [nio-8081-exec-7] org.hibernate.SQL                        : select ae1_0.accountID,ae1_0.address,ae1_0.createdAt,ae1_0.fullName,ae1_0.password,ae1_0.phoneNumber,u1_0.id,u1_0.address,u1_0.created_at,u1_0.email,u1_0.enabled,u1_0.fullName,u1_0.password,u1_0.phoneNumber,u1_0.updated_at,u1_0.username,ae1_0.username from Account ae1_0 left join users u1_0 on u1_0.id=ae1_0.user_id where ae1_0.accountID=?
Hibernate: select ae1_0.accountID,ae1_0.address,ae1_0.createdAt,ae1_0.fullName,ae1_0.password,ae1_0.phoneNumber,u1_0.id,u1_0.address,u1_0.created_at,u1_0.email,u1_0.enabled,u1_0.fullName,u1_0.password,u1_0.phoneNumber,u1_0.updated_at,u1_0.username,ae1_0.username from Account ae1_0 left join users u1_0 on u1_0.id=ae1_0.user_id where ae1_0.accountID=?
2026-04-28T09:52:00.065+07:00 DEBUG 8304 --- [ProjWEB] [nio-8081-exec-7] org.hibernate.SQL                        : select ae1_0.accountID,ae1_0.address,ae1_0.createdAt,ae1_0.fullName,ae1_0.password,ae1_0.phoneNumber,u1_0.id,u1_0.address,u1_0.created_at,u1_0.email,u1_0.enabled,u1_0.fullName,u1_0.password,u1_0.phoneNumber,u1_0.updated_at,u1_0.username,ae1_0.username from Account ae1_0 left join users u1_0 on u1_0.id=ae1_0.user_id where ae1_0.accountID=?
Hibernate: select ae1_0.accountID,ae1_0.address,ae1_0.createdAt,ae1_0.fullName,ae1_0.password,ae1_0.phoneNumber,u1_0.id,u1_0.address,u1_0.created_at,u1_0.email,u1_0.enabled,u1_0.fullName,u1_0.password,u1_0.phoneNumber,u1_0.updated_at,u1_0.username,ae1_0.username from Account ae1_0 left join users u1_0 on u1_0.id=ae1_0.user_id where ae1_0.accountID=?
2026-04-28T09:52:00.068+07:00 DEBUG 8304 --- [ProjWEB] [nio-8081-exec-7] org.hibernate.SQL                        : select ae1_0.accountID,ae1_0.address,ae1_0.createdAt,ae1_0.fullName,ae1_0.password,ae1_0.phoneNumber,u1_0.id,u1_0.address,u1_0.created_at,u1_0.email,u1_0.enabled,u1_0.fullName,u1_0.password,u1_0.phoneNumber,u1_0.updated_at,u1_0.username,ae1_0.username from Account ae1_0 left join users u1_0 on u1_0.id=ae1_0.user_id where ae1_0.accountID=?
Hibernate: select ae1_0.accountID,ae1_0.address,ae1_0.createdAt,ae1_0.fullName,ae1_0.password,ae1_0.phoneNumber,u1_0.id,u1_0.address,u1_0.created_at,u1_0.email,u1_0.enabled,u1_0.fullName,u1_0.password,u1_0.phoneNumber,u1_0.updated_at,u1_0.username,ae1_0.username from Account ae1_0 left join users u1_0 on u1_0.id=ae1_0.user_id where ae1_0.accountID=?
2026-04-28T09:52:00.071+07:00 DEBUG 8304 --- [ProjWEB] [nio-8081-exec-7] org.hibernate.SQL                        : select ae1_0.accountID,ae1_0.address,ae1_0.createdAt,ae1_0.fullName,ae1_0.password,ae1_0.phoneNumber,u1_0.id,u1_0.address,u1_0.created_at,u1_0.email,u1_0.enabled,u1_0.fullName,u1_0.password,u1_0.phoneNumber,u1_0.updated_at,u1_0.username,ae1_0.username from Account ae1_0 left join users u1_0 on u1_0.id=ae1_0.user_id where ae1_0.accountID=?
Hibernate: select ae1_0.accountID,ae1_0.address,ae1_0.createdAt,ae1_0.fullName,ae1_0.password,ae1_0.phoneNumber,u1_0.id,u1_0.address,u1_0.created_at,u1_0.email,u1_0.enabled,u1_0.fullName,u1_0.password,u1_0.phoneNumber,u1_0.updated_at,u1_0.username,ae1_0.username from Account ae1_0 left join users u1_0 on u1_0.id=ae1_0.user_id where ae1_0.accountID=?
2026-04-28T09:52:00.071+07:00 DEBUG 8304 --- [ProjWEB] [nio-8081-exec-3] o.s.w.s.m.m.a.HttpEntityMethodProcessor  : Using 'application/json', given [application/json, text/plain, */*] and supported [application/json, application/*+json]
2026-04-28T09:52:00.072+07:00 DEBUG 8304 --- [ProjWEB] [nio-8081-exec-3] o.s.w.s.m.m.a.HttpEntityMethodProcessor  : Writing [com.jewellery.ProjWEB.admin.product.model.response.ProductResponse$Payload@70a6459c]
2026-04-28T09:52:00.076+07:00 DEBUG 8304 --- [ProjWEB] [nio-8081-exec-7] org.hibernate.SQL                        : select ae1_0.accountID,ae1_0.address,ae1_0.createdAt,ae1_0.fullName,ae1_0.password,ae1_0.phoneNumber,u1_0.id,u1_0.address,u1_0.created_at,u1_0.email,u1_0.enabled,u1_0.fullName,u1_0.password,u1_0.phoneNumber,u1_0.updated_at,u1_0.username,ae1_0.username from Account ae1_0 left join users u1_0 on u1_0.id=ae1_0.user_id where ae1_0.accountID=?
Hibernate: select ae1_0.accountID,ae1_0.address,ae1_0.createdAt,ae1_0.fullName,ae1_0.password,ae1_0.phoneNumber,u1_0.id,u1_0.address,u1_0.created_at,u1_0.email,u1_0.enabled,u1_0.fullName,u1_0.password,u1_0.phoneNumber,u1_0.updated_at,u1_0.username,ae1_0.username from Account ae1_0 left join users u1_0 on u1_0.id=ae1_0.user_id where ae1_0.accountID=?
2026-04-28T09:52:00.077+07:00 DEBUG 8304 --- [ProjWEB] [nio-8081-exec-2] org.hibernate.SQL                        : select u1_0.id,u1_0.address,u1_0.created_at,u1_0.email,u1_0.enabled,u1_0.fullName,u1_0.password,u1_0.phoneNumber,u1_0.updated_at,u1_0.username from users u1_0 where u1_0.username=?
Hibernate: select u1_0.id,u1_0.address,u1_0.created_at,u1_0.email,u1_0.enabled,u1_0.fullName,u1_0.password,u1_0.phoneNumber,u1_0.updated_at,u1_0.username from users u1_0 where u1_0.username=?
2026-04-28T09:52:00.077+07:00 DEBUG 8304 --- [ProjWEB] [nio-8081-exec-3] o.s.web.servlet.DispatcherServlet        : Completed 200 OK
2026-04-28T09:52:00.080+07:00 DEBUG 8304 --- [ProjWEB] [nio-8081-exec-2] org.hibernate.SQL                        : select r1_0.user_id,r1_1.id,r1_1.name from user_roles r1_0 join roles r1_1 on r1_1.id=r1_0.role_id where r1_0.user_id=?
Hibernate: select r1_0.user_id,r1_1.id,r1_1.name from user_roles r1_0 join roles r1_1 on r1_1.id=r1_0.role_id where r1_0.user_id=?
2026-04-28T09:52:00.081+07:00 DEBUG 8304 --- [ProjWEB] [nio-8081-exec-7] org.hibernate.SQL                        : select od1_0.OrderID,od1_0.orderDetailID,od1_0.price,p1_0.ProductID,p1_0.CategoryID,c1_0.CategoryID,c1_0.CategoryName,c1_0.Description,c1_0.Status,p1_0.Description,p1_0.ImageURL,p1_0.Price,p1_0.ProductName,p1_0.Status,od1_0.quantity,od1_0.TotalAmount from OrderDetail od1_0 left join product p1_0 on p1_0.ProductID=od1_0.ProductID left join category c1_0 on c1_0.CategoryID=p1_0.CategoryID where od1_0.OrderID=?
Hibernate: select od1_0.OrderID,od1_0.orderDetailID,od1_0.price,p1_0.ProductID,p1_0.CategoryID,c1_0.CategoryID,c1_0.CategoryName,c1_0.Description,c1_0.Status,p1_0.Description,p1_0.ImageURL,p1_0.Price,p1_0.ProductName,p1_0.Status,od1_0.quantity,od1_0.TotalAmount from OrderDetail od1_0 left join product p1_0 on p1_0.ProductID=od1_0.ProductID left join category c1_0 on c1_0.CategoryID=p1_0.CategoryID where od1_0.OrderID=?
2026-04-28T09:52:00.086+07:00 DEBUG 8304 --- [ProjWEB] [nio-8081-exec-2] o.s.web.servlet.DispatcherServlet        : GET "/api/admin/users", parameters={}
2026-04-28T09:52:00.086+07:00 DEBUG 8304 --- [ProjWEB] [nio-8081-exec-2] s.w.s.m.m.a.RequestMappingHandlerMapping : Mapped to com.jewellery.ProjWEB.auth.controller.AdminController#getAllUsers()
2026-04-28T09:52:00.093+07:00 DEBUG 8304 --- [ProjWEB] [nio-8081-exec-2] org.hibernate.SQL                        : select distinct u1_0.id,u1_0.address,u1_0.created_at,u1_0.email,u1_0.enabled,u1_0.fullName,u1_0.password,u1_0.phoneNumber,r1_0.user_id,r1_1.id,r1_1.name,u1_0.updated_at,u1_0.username from users u1_0 left join user_roles r1_0 on u1_0.id=r1_0.user_id left join roles r1_1 on r1_1.id=r1_0.role_id
Hibernate: select distinct u1_0.id,u1_0.address,u1_0.created_at,u1_0.email,u1_0.enabled,u1_0.fullName,u1_0.password,u1_0.phoneNumber,r1_0.user_id,r1_1.id,r1_1.name,u1_0.updated_at,u1_0.username from users u1_0 left join user_roles r1_0 on u1_0.id=r1_0.user_id left join roles r1_1 on r1_1.id=r1_0.role_id
2026-04-28T09:52:00.095+07:00 DEBUG 8304 --- [ProjWEB] [nio-8081-exec-7] org.hibernate.SQL                        : select od1_0.OrderID,od1_0.orderDetailID,od1_0.price,p1_0.ProductID,p1_0.CategoryID,c1_0.CategoryID,c1_0.CategoryName,c1_0.Description,c1_0.Status,p1_0.Description,p1_0.ImageURL,p1_0.Price,p1_0.ProductName,p1_0.Status,od1_0.quantity,od1_0.TotalAmount from OrderDetail od1_0 left join product p1_0 on p1_0.ProductID=od1_0.ProductID left join category c1_0 on c1_0.CategoryID=p1_0.CategoryID where od1_0.OrderID=?
Hibernate: select od1_0.OrderID,od1_0.orderDetailID,od1_0.price,p1_0.ProductID,p1_0.CategoryID,c1_0.CategoryID,c1_0.CategoryName,c1_0.Description,c1_0.Status,p1_0.Description,p1_0.ImageURL,p1_0.Price,p1_0.ProductName,p1_0.Status,od1_0.quantity,od1_0.TotalAmount from OrderDetail od1_0 left join product p1_0 on p1_0.ProductID=od1_0.ProductID left join category c1_0 on c1_0.CategoryID=p1_0.CategoryID where od1_0.OrderID=?
2026-04-28T09:52:00.098+07:00 DEBUG 8304 --- [ProjWEB] [nio-8081-exec-7] org.hibernate.SQL                        : select pd1_0.ProductID,pd1_0.productDetailID,pd1_0.composition,pd1_0.detailDescription,m1_0.materialID,m1_0.composition,m1_0.materialName,m1_0.purity,m1_0.unit,m1_0.weight,pd1_0.referenceWeight,pd1_0.stockQuantity from ProductDetail pd1_0 left join Material m1_0 on m1_0.materialID=pd1_0.MaterialID where pd1_0.ProductID=?
Hibernate: select pd1_0.ProductID,pd1_0.productDetailID,pd1_0.composition,pd1_0.detailDescription,m1_0.materialID,m1_0.composition,m1_0.materialName,m1_0.purity,m1_0.unit,m1_0.weight,pd1_0.referenceWeight,pd1_0.stockQuantity from ProductDetail pd1_0 left join Material m1_0 on m1_0.materialID=pd1_0.MaterialID where pd1_0.ProductID=?
2026-04-28T09:52:00.100+07:00 DEBUG 8304 --- [ProjWEB] [nio-8081-exec-2] o.s.w.s.m.m.a.HttpEntityMethodProcessor  : Using 'application/json', given [application/json, text/plain, */*] and supported [application/json, application/*+json]
2026-04-28T09:52:00.100+07:00 DEBUG 8304 --- [ProjWEB] [nio-8081-exec-7] org.hibernate.SQL                        : select od1_0.OrderID,od1_0.orderDetailID,od1_0.price,p1_0.ProductID,p1_0.CategoryID,c1_0.CategoryID,c1_0.CategoryName,c1_0.Description,c1_0.Status,p1_0.Description,p1_0.ImageURL,p1_0.Price,p1_0.ProductName,p1_0.Status,od1_0.quantity,od1_0.TotalAmount from OrderDetail od1_0 left join product p1_0 on p1_0.ProductID=od1_0.ProductID left join category c1_0 on c1_0.CategoryID=p1_0.CategoryID where od1_0.OrderID=?
Hibernate: select od1_0.OrderID,od1_0.orderDetailID,od1_0.price,p1_0.ProductID,p1_0.CategoryID,c1_0.CategoryID,c1_0.CategoryName,c1_0.Description,c1_0.Status,p1_0.Description,p1_0.ImageURL,p1_0.Price,p1_0.ProductName,p1_0.Status,od1_0.quantity,od1_0.TotalAmount from OrderDetail od1_0 left join product p1_0 on p1_0.ProductID=od1_0.ProductID left join category c1_0 on c1_0.CategoryID=p1_0.CategoryID where od1_0.OrderID=?
2026-04-28T09:52:00.100+07:00 DEBUG 8304 --- [ProjWEB] [nio-8081-exec-2] o.s.w.s.m.m.a.HttpEntityMethodProcessor  : Writing [[{createdAt=2026-04-10T22:35:25.581717, roles=[ROLE_ADMIN], address=Bac Ninh, fullName=Tamdz, phoneN (truncated)...]
2026-04-28T09:52:00.102+07:00 DEBUG 8304 --- [ProjWEB] [nio-8081-exec-7] org.hibernate.SQL                        : select pd1_0.ProductID,pd1_0.productDetailID,pd1_0.composition,pd1_0.detailDescription,m1_0.materialID,m1_0.composition,m1_0.materialName,m1_0.purity,m1_0.unit,m1_0.weight,pd1_0.referenceWeight,pd1_0.stockQuantity from ProductDetail pd1_0 left join Material m1_0 on m1_0.materialID=pd1_0.MaterialID where pd1_0.ProductID=?
Hibernate: select pd1_0.ProductID,pd1_0.productDetailID,pd1_0.composition,pd1_0.detailDescription,m1_0.materialID,m1_0.composition,m1_0.materialName,m1_0.purity,m1_0.unit,m1_0.weight,pd1_0.referenceWeight,pd1_0.stockQuantity from ProductDetail pd1_0 left join Material m1_0 on m1_0.materialID=pd1_0.MaterialID where pd1_0.ProductID=?
2026-04-28T09:52:00.104+07:00 DEBUG 8304 --- [ProjWEB] [nio-8081-exec-7] org.hibernate.SQL                        : select od1_0.OrderID,od1_0.orderDetailID,od1_0.price,p1_0.ProductID,p1_0.CategoryID,c1_0.CategoryID,c1_0.CategoryName,c1_0.Description,c1_0.Status,p1_0.Description,p1_0.ImageURL,p1_0.Price,p1_0.ProductName,p1_0.Status,od1_0.quantity,od1_0.TotalAmount from OrderDetail od1_0 left join product p1_0 on p1_0.ProductID=od1_0.ProductID left join category c1_0 on c1_0.CategoryID=p1_0.CategoryID where od1_0.OrderID=?
Hibernate: select od1_0.OrderID,od1_0.orderDetailID,od1_0.price,p1_0.ProductID,p1_0.CategoryID,c1_0.CategoryID,c1_0.CategoryName,c1_0.Description,c1_0.Status,p1_0.Description,p1_0.ImageURL,p1_0.Price,p1_0.ProductName,p1_0.Status,od1_0.quantity,od1_0.TotalAmount from OrderDetail od1_0 left join product p1_0 on p1_0.ProductID=od1_0.ProductID left join category c1_0 on c1_0.CategoryID=p1_0.CategoryID where od1_0.OrderID=?
2026-04-28T09:52:00.105+07:00 DEBUG 8304 --- [ProjWEB] [nio-8081-exec-2] o.s.web.servlet.DispatcherServlet        : Completed 200 OK
2026-04-28T09:52:00.107+07:00 DEBUG 8304 --- [ProjWEB] [nio-8081-exec-7] org.hibernate.SQL                        : select pd1_0.ProductID,pd1_0.productDetailID,pd1_0.composition,pd1_0.detailDescription,m1_0.materialID,m1_0.composition,m1_0.materialName,m1_0.purity,m1_0.unit,m1_0.weight,pd1_0.referenceWeight,pd1_0.stockQuantity from ProductDetail pd1_0 left join Material m1_0 on m1_0.materialID=pd1_0.MaterialID where pd1_0.ProductID=?
Hibernate: select pd1_0.ProductID,pd1_0.productDetailID,pd1_0.composition,pd1_0.detailDescription,m1_0.materialID,m1_0.composition,m1_0.materialName,m1_0.purity,m1_0.unit,m1_0.weight,pd1_0.referenceWeight,pd1_0.stockQuantity from ProductDetail pd1_0 left join Material m1_0 on m1_0.materialID=pd1_0.MaterialID where pd1_0.ProductID=?
2026-04-28T09:52:00.109+07:00 DEBUG 8304 --- [ProjWEB] [nio-8081-exec-7] org.hibernate.SQL                        : select od1_0.OrderID,od1_0.orderDetailID,od1_0.price,p1_0.ProductID,p1_0.CategoryID,c1_0.CategoryID,c1_0.CategoryName,c1_0.Description,c1_0.Status,p1_0.Description,p1_0.ImageURL,p1_0.Price,p1_0.ProductName,p1_0.Status,od1_0.quantity,od1_0.TotalAmount from OrderDetail od1_0 left join product p1_0 on p1_0.ProductID=od1_0.ProductID left join category c1_0 on c1_0.CategoryID=p1_0.CategoryID where od1_0.OrderID=?
Hibernate: select od1_0.OrderID,od1_0.orderDetailID,od1_0.price,p1_0.ProductID,p1_0.CategoryID,c1_0.CategoryID,c1_0.CategoryName,c1_0.Description,c1_0.Status,p1_0.Description,p1_0.ImageURL,p1_0.Price,p1_0.ProductName,p1_0.Status,od1_0.quantity,od1_0.TotalAmount from OrderDetail od1_0 left join product p1_0 on p1_0.ProductID=od1_0.ProductID left join category c1_0 on c1_0.CategoryID=p1_0.CategoryID where od1_0.OrderID=?
2026-04-28T09:52:00.111+07:00 DEBUG 8304 --- [ProjWEB] [nio-8081-exec-7] org.hibernate.SQL                        : select pd1_0.ProductID,pd1_0.productDetailID,pd1_0.composition,pd1_0.detailDescription,m1_0.materialID,m1_0.composition,m1_0.materialName,m1_0.purity,m1_0.unit,m1_0.weight,pd1_0.referenceWeight,pd1_0.stockQuantity from ProductDetail pd1_0 left join Material m1_0 on m1_0.materialID=pd1_0.MaterialID where pd1_0.ProductID=?
Hibernate: select pd1_0.ProductID,pd1_0.productDetailID,pd1_0.composition,pd1_0.detailDescription,m1_0.materialID,m1_0.composition,m1_0.materialName,m1_0.purity,m1_0.unit,m1_0.weight,pd1_0.referenceWeight,pd1_0.stockQuantity from ProductDetail pd1_0 left join Material m1_0 on m1_0.materialID=pd1_0.MaterialID where pd1_0.ProductID=?
2026-04-28T09:52:00.113+07:00 DEBUG 8304 --- [ProjWEB] [nio-8081-exec-7] org.hibernate.SQL                        : select od1_0.OrderID,od1_0.orderDetailID,od1_0.price,p1_0.ProductID,p1_0.CategoryID,c1_0.CategoryID,c1_0.CategoryName,c1_0.Description,c1_0.Status,p1_0.Description,p1_0.ImageURL,p1_0.Price,p1_0.ProductName,p1_0.Status,od1_0.quantity,od1_0.TotalAmount from OrderDetail od1_0 left join product p1_0 on p1_0.ProductID=od1_0.ProductID left join category c1_0 on c1_0.CategoryID=p1_0.CategoryID where od1_0.OrderID=?
Hibernate: select od1_0.OrderID,od1_0.orderDetailID,od1_0.price,p1_0.ProductID,p1_0.CategoryID,c1_0.CategoryID,c1_0.CategoryName,c1_0.Description,c1_0.Status,p1_0.Description,p1_0.ImageURL,p1_0.Price,p1_0.ProductName,p1_0.Status,od1_0.quantity,od1_0.TotalAmount from OrderDetail od1_0 left join product p1_0 on p1_0.ProductID=od1_0.ProductID left join category c1_0 on c1_0.CategoryID=p1_0.CategoryID where od1_0.OrderID=?
2026-04-28T09:52:00.115+07:00 DEBUG 8304 --- [ProjWEB] [nio-8081-exec-7] org.hibernate.SQL                        : select pd1_0.ProductID,pd1_0.productDetailID,pd1_0.composition,pd1_0.detailDescription,m1_0.materialID,m1_0.composition,m1_0.materialName,m1_0.purity,m1_0.unit,m1_0.weight,pd1_0.referenceWeight,pd1_0.stockQuantity from ProductDetail pd1_0 left join Material m1_0 on m1_0.materialID=pd1_0.MaterialID where pd1_0.ProductID=?
Hibernate: select pd1_0.ProductID,pd1_0.productDetailID,pd1_0.composition,pd1_0.detailDescription,m1_0.materialID,m1_0.composition,m1_0.materialName,m1_0.purity,m1_0.unit,m1_0.weight,pd1_0.referenceWeight,pd1_0.stockQuantity from ProductDetail pd1_0 left join Material m1_0 on m1_0.materialID=pd1_0.MaterialID where pd1_0.ProductID=?
2026-04-28T09:52:00.117+07:00 DEBUG 8304 --- [ProjWEB] [nio-8081-exec-7] org.hibernate.SQL                        : select od1_0.OrderID,od1_0.orderDetailID,od1_0.price,p1_0.ProductID,p1_0.CategoryID,c1_0.CategoryID,c1_0.CategoryName,c1_0.Description,c1_0.Status,p1_0.Description,p1_0.ImageURL,p1_0.Price,p1_0.ProductName,p1_0.Status,od1_0.quantity,od1_0.TotalAmount from OrderDetail od1_0 left join product p1_0 on p1_0.ProductID=od1_0.ProductID left join category c1_0 on c1_0.CategoryID=p1_0.CategoryID where od1_0.OrderID=?
Hibernate: select od1_0.OrderID,od1_0.orderDetailID,od1_0.price,p1_0.ProductID,p1_0.CategoryID,c1_0.CategoryID,c1_0.CategoryName,c1_0.Description,c1_0.Status,p1_0.Description,p1_0.ImageURL,p1_0.Price,p1_0.ProductName,p1_0.Status,od1_0.quantity,od1_0.TotalAmount from OrderDetail od1_0 left join product p1_0 on p1_0.ProductID=od1_0.ProductID left join category c1_0 on c1_0.CategoryID=p1_0.CategoryID where od1_0.OrderID=?
2026-04-28T09:52:00.119+07:00 DEBUG 8304 --- [ProjWEB] [nio-8081-exec-7] org.hibernate.SQL                        : select od1_0.OrderID,od1_0.orderDetailID,od1_0.price,p1_0.ProductID,p1_0.CategoryID,c1_0.CategoryID,c1_0.CategoryName,c1_0.Description,c1_0.Status,p1_0.Description,p1_0.ImageURL,p1_0.Price,p1_0.ProductName,p1_0.Status,od1_0.quantity,od1_0.TotalAmount from OrderDetail od1_0 left join product p1_0 on p1_0.ProductID=od1_0.ProductID left join category c1_0 on c1_0.CategoryID=p1_0.CategoryID where od1_0.OrderID=?
Hibernate: select od1_0.OrderID,od1_0.orderDetailID,od1_0.price,p1_0.ProductID,p1_0.CategoryID,c1_0.CategoryID,c1_0.CategoryName,c1_0.Description,c1_0.Status,p1_0.Description,p1_0.ImageURL,p1_0.Price,p1_0.ProductName,p1_0.Status,od1_0.quantity,od1_0.TotalAmount from OrderDetail od1_0 left join product p1_0 on p1_0.ProductID=od1_0.ProductID left join category c1_0 on c1_0.CategoryID=p1_0.CategoryID where od1_0.OrderID=?
2026-04-28T09:52:00.120+07:00 DEBUG 8304 --- [ProjWEB] [nio-8081-exec-7] org.hibernate.SQL                        : select od1_0.OrderID,od1_0.orderDetailID,od1_0.price,p1_0.ProductID,p1_0.CategoryID,c1_0.CategoryID,c1_0.CategoryName,c1_0.Description,c1_0.Status,p1_0.Description,p1_0.ImageURL,p1_0.Price,p1_0.ProductName,p1_0.Status,od1_0.quantity,od1_0.TotalAmount from OrderDetail od1_0 left join product p1_0 on p1_0.ProductID=od1_0.ProductID left join category c1_0 on c1_0.CategoryID=p1_0.CategoryID where od1_0.OrderID=?
Hibernate: select od1_0.OrderID,od1_0.orderDetailID,od1_0.price,p1_0.ProductID,p1_0.CategoryID,c1_0.CategoryID,c1_0.CategoryName,c1_0.Description,c1_0.Status,p1_0.Description,p1_0.ImageURL,p1_0.Price,p1_0.ProductName,p1_0.Status,od1_0.quantity,od1_0.TotalAmount from OrderDetail od1_0 left join product p1_0 on p1_0.ProductID=od1_0.ProductID left join category c1_0 on c1_0.CategoryID=p1_0.CategoryID where od1_0.OrderID=?
2026-04-28T09:52:00.122+07:00 DEBUG 8304 --- [ProjWEB] [nio-8081-exec-7] org.hibernate.SQL                        : select pd1_0.ProductID,pd1_0.productDetailID,pd1_0.composition,pd1_0.detailDescription,m1_0.materialID,m1_0.composition,m1_0.materialName,m1_0.purity,m1_0.unit,m1_0.weight,pd1_0.referenceWeight,pd1_0.stockQuantity from ProductDetail pd1_0 left join Material m1_0 on m1_0.materialID=pd1_0.MaterialID where pd1_0.ProductID=?
Hibernate: select pd1_0.ProductID,pd1_0.productDetailID,pd1_0.composition,pd1_0.detailDescription,m1_0.materialID,m1_0.composition,m1_0.materialName,m1_0.purity,m1_0.unit,m1_0.weight,pd1_0.referenceWeight,pd1_0.stockQuantity from ProductDetail pd1_0 left join Material m1_0 on m1_0.materialID=pd1_0.MaterialID where pd1_0.ProductID=?
2026-04-28T09:52:00.124+07:00 DEBUG 8304 --- [ProjWEB] [nio-8081-exec-7] org.hibernate.SQL                        : select od1_0.OrderID,od1_0.orderDetailID,od1_0.price,p1_0.ProductID,p1_0.CategoryID,c1_0.CategoryID,c1_0.CategoryName,c1_0.Description,c1_0.Status,p1_0.Description,p1_0.ImageURL,p1_0.Price,p1_0.ProductName,p1_0.Status,od1_0.quantity,od1_0.TotalAmount from OrderDetail od1_0 left join product p1_0 on p1_0.ProductID=od1_0.ProductID left join category c1_0 on c1_0.CategoryID=p1_0.CategoryID where od1_0.OrderID=?
Hibernate: select od1_0.OrderID,od1_0.orderDetailID,od1_0.price,p1_0.ProductID,p1_0.CategoryID,c1_0.CategoryID,c1_0.CategoryName,c1_0.Description,c1_0.Status,p1_0.Description,p1_0.ImageURL,p1_0.Price,p1_0.ProductName,p1_0.Status,od1_0.quantity,od1_0.TotalAmount from OrderDetail od1_0 left join product p1_0 on p1_0.ProductID=od1_0.ProductID left join category c1_0 on c1_0.CategoryID=p1_0.CategoryID where od1_0.OrderID=?
2026-04-28T09:52:00.125+07:00 DEBUG 8304 --- [ProjWEB] [nio-8081-exec-7] org.hibernate.SQL                        : select od1_0.OrderID,od1_0.orderDetailID,od1_0.price,p1_0.ProductID,p1_0.CategoryID,c1_0.CategoryID,c1_0.CategoryName,c1_0.Description,c1_0.Status,p1_0.Description,p1_0.ImageURL,p1_0.Price,p1_0.ProductName,p1_0.Status,od1_0.quantity,od1_0.TotalAmount from OrderDetail od1_0 left join product p1_0 on p1_0.ProductID=od1_0.ProductID left join category c1_0 on c1_0.CategoryID=p1_0.CategoryID where od1_0.OrderID=?
Hibernate: select od1_0.OrderID,od1_0.orderDetailID,od1_0.price,p1_0.ProductID,p1_0.CategoryID,c1_0.CategoryID,c1_0.CategoryName,c1_0.Description,c1_0.Status,p1_0.Description,p1_0.ImageURL,p1_0.Price,p1_0.ProductName,p1_0.Status,od1_0.quantity,od1_0.TotalAmount from OrderDetail od1_0 left join product p1_0 on p1_0.ProductID=od1_0.ProductID left join category c1_0 on c1_0.CategoryID=p1_0.CategoryID where od1_0.OrderID=?
2026-04-28T09:52:00.128+07:00 DEBUG 8304 --- [ProjWEB] [nio-8081-exec-7] org.hibernate.SQL                        : select od1_0.OrderID,od1_0.orderDetailID,od1_0.price,p1_0.ProductID,p1_0.CategoryID,c1_0.CategoryID,c1_0.CategoryName,c1_0.Description,c1_0.Status,p1_0.Description,p1_0.ImageURL,p1_0.Price,p1_0.ProductName,p1_0.Status,od1_0.quantity,od1_0.TotalAmount from OrderDetail od1_0 left join product p1_0 on p1_0.ProductID=od1_0.ProductID left join category c1_0 on c1_0.CategoryID=p1_0.CategoryID where od1_0.OrderID=?
Hibernate: select od1_0.OrderID,od1_0.orderDetailID,od1_0.price,p1_0.ProductID,p1_0.CategoryID,c1_0.CategoryID,c1_0.CategoryName,c1_0.Description,c1_0.Status,p1_0.Description,p1_0.ImageURL,p1_0.Price,p1_0.ProductName,p1_0.Status,od1_0.quantity,od1_0.TotalAmount from OrderDetail od1_0 left join product p1_0 on p1_0.ProductID=od1_0.ProductID left join category c1_0 on c1_0.CategoryID=p1_0.CategoryID where od1_0.OrderID=?
2026-04-28T09:52:00.130+07:00 DEBUG 8304 --- [ProjWEB] [nio-8081-exec-7] org.hibernate.SQL                        : select od1_0.OrderID,od1_0.orderDetailID,od1_0.price,p1_0.ProductID,p1_0.CategoryID,c1_0.CategoryID,c1_0.CategoryName,c1_0.Description,c1_0.Status,p1_0.Description,p1_0.ImageURL,p1_0.Price,p1_0.ProductName,p1_0.Status,od1_0.quantity,od1_0.TotalAmount from OrderDetail od1_0 left join product p1_0 on p1_0.ProductID=od1_0.ProductID left join category c1_0 on c1_0.CategoryID=p1_0.CategoryID where od1_0.OrderID=?
Hibernate: select od1_0.OrderID,od1_0.orderDetailID,od1_0.price,p1_0.ProductID,p1_0.CategoryID,c1_0.CategoryID,c1_0.CategoryName,c1_0.Description,c1_0.Status,p1_0.Description,p1_0.ImageURL,p1_0.Price,p1_0.ProductName,p1_0.Status,od1_0.quantity,od1_0.TotalAmount from OrderDetail od1_0 left join product p1_0 on p1_0.ProductID=od1_0.ProductID left join category c1_0 on c1_0.CategoryID=p1_0.CategoryID where od1_0.OrderID=?
2026-04-28T09:52:00.132+07:00 DEBUG 8304 --- [ProjWEB] [nio-8081-exec-7] org.hibernate.SQL                        : select od1_0.OrderID,od1_0.orderDetailID,od1_0.price,p1_0.ProductID,p1_0.CategoryID,c1_0.CategoryID,c1_0.CategoryName,c1_0.Description,c1_0.Status,p1_0.Description,p1_0.ImageURL,p1_0.Price,p1_0.ProductName,p1_0.Status,od1_0.quantity,od1_0.TotalAmount from OrderDetail od1_0 left join product p1_0 on p1_0.ProductID=od1_0.ProductID left join category c1_0 on c1_0.CategoryID=p1_0.CategoryID where od1_0.OrderID=?
Hibernate: select od1_0.OrderID,od1_0.orderDetailID,od1_0.price,p1_0.ProductID,p1_0.CategoryID,c1_0.CategoryID,c1_0.CategoryName,c1_0.Description,c1_0.Status,p1_0.Description,p1_0.ImageURL,p1_0.Price,p1_0.ProductName,p1_0.Status,od1_0.quantity,od1_0.TotalAmount from OrderDetail od1_0 left join product p1_0 on p1_0.ProductID=od1_0.ProductID left join category c1_0 on c1_0.CategoryID=p1_0.CategoryID where od1_0.OrderID=?
2026-04-28T09:52:00.134+07:00 DEBUG 8304 --- [ProjWEB] [nio-8081-exec-7] org.hibernate.SQL                        : select od1_0.OrderID,od1_0.orderDetailID,od1_0.price,p1_0.ProductID,p1_0.CategoryID,c1_0.CategoryID,c1_0.CategoryName,c1_0.Description,c1_0.Status,p1_0.Description,p1_0.ImageURL,p1_0.Price,p1_0.ProductName,p1_0.Status,od1_0.quantity,od1_0.TotalAmount from OrderDetail od1_0 left join product p1_0 on p1_0.ProductID=od1_0.ProductID left join category c1_0 on c1_0.CategoryID=p1_0.CategoryID where od1_0.OrderID=?
Hibernate: select od1_0.OrderID,od1_0.orderDetailID,od1_0.price,p1_0.ProductID,p1_0.CategoryID,c1_0.CategoryID,c1_0.CategoryName,c1_0.Description,c1_0.Status,p1_0.Description,p1_0.ImageURL,p1_0.Price,p1_0.ProductName,p1_0.Status,od1_0.quantity,od1_0.TotalAmount from OrderDetail od1_0 left join product p1_0 on p1_0.ProductID=od1_0.ProductID left join category c1_0 on c1_0.CategoryID=p1_0.CategoryID where od1_0.OrderID=?
2026-04-28T09:52:00.135+07:00 DEBUG 8304 --- [ProjWEB] [nio-8081-exec-7] org.hibernate.SQL                        : select od1_0.OrderID,od1_0.orderDetailID,od1_0.price,p1_0.ProductID,p1_0.CategoryID,c1_0.CategoryID,c1_0.CategoryName,c1_0.Description,c1_0.Status,p1_0.Description,p1_0.ImageURL,p1_0.Price,p1_0.ProductName,p1_0.Status,od1_0.quantity,od1_0.TotalAmount from OrderDetail od1_0 left join product p1_0 on p1_0.ProductID=od1_0.ProductID left join category c1_0 on c1_0.CategoryID=p1_0.CategoryID where od1_0.OrderID=?
Hibernate: select od1_0.OrderID,od1_0.orderDetailID,od1_0.price,p1_0.ProductID,p1_0.CategoryID,c1_0.CategoryID,c1_0.CategoryName,c1_0.Description,c1_0.Status,p1_0.Description,p1_0.ImageURL,p1_0.Price,p1_0.ProductName,p1_0.Status,od1_0.quantity,od1_0.TotalAmount from OrderDetail od1_0 left join product p1_0 on p1_0.ProductID=od1_0.ProductID left join category c1_0 on c1_0.CategoryID=p1_0.CategoryID where od1_0.OrderID=?
2026-04-28T09:52:00.137+07:00 DEBUG 8304 --- [ProjWEB] [nio-8081-exec-7] org.hibernate.SQL                        : select pd1_0.ProductID,pd1_0.productDetailID,pd1_0.composition,pd1_0.detailDescription,m1_0.materialID,m1_0.composition,m1_0.materialName,m1_0.purity,m1_0.unit,m1_0.weight,pd1_0.referenceWeight,pd1_0.stockQuantity from ProductDetail pd1_0 left join Material m1_0 on m1_0.materialID=pd1_0.MaterialID where pd1_0.ProductID=?
Hibernate: select pd1_0.ProductID,pd1_0.productDetailID,pd1_0.composition,pd1_0.detailDescription,m1_0.materialID,m1_0.composition,m1_0.materialName,m1_0.purity,m1_0.unit,m1_0.weight,pd1_0.referenceWeight,pd1_0.stockQuantity from ProductDetail pd1_0 left join Material m1_0 on m1_0.materialID=pd1_0.MaterialID where pd1_0.ProductID=?
2026-04-28T09:52:00.138+07:00 DEBUG 8304 --- [ProjWEB] [nio-8081-exec-7] org.hibernate.SQL                        : select od1_0.OrderID,od1_0.orderDetailID,od1_0.price,p1_0.ProductID,p1_0.CategoryID,c1_0.CategoryID,c1_0.CategoryName,c1_0.Description,c1_0.Status,p1_0.Description,p1_0.ImageURL,p1_0.Price,p1_0.ProductName,p1_0.Status,od1_0.quantity,od1_0.TotalAmount from OrderDetail od1_0 left join product p1_0 on p1_0.ProductID=od1_0.ProductID left join category c1_0 on c1_0.CategoryID=p1_0.CategoryID where od1_0.OrderID=?
Hibernate: select od1_0.OrderID,od1_0.orderDetailID,od1_0.price,p1_0.ProductID,p1_0.CategoryID,c1_0.CategoryID,c1_0.CategoryName,c1_0.Description,c1_0.Status,p1_0.Description,p1_0.ImageURL,p1_0.Price,p1_0.ProductName,p1_0.Status,od1_0.quantity,od1_0.TotalAmount from OrderDetail od1_0 left join product p1_0 on p1_0.ProductID=od1_0.ProductID left join category c1_0 on c1_0.CategoryID=p1_0.CategoryID where od1_0.OrderID=?
2026-04-28T09:52:00.140+07:00 DEBUG 8304 --- [ProjWEB] [nio-8081-exec-7] org.hibernate.SQL                        : select od1_0.OrderID,od1_0.orderDetailID,od1_0.price,p1_0.ProductID,p1_0.CategoryID,c1_0.CategoryID,c1_0.CategoryName,c1_0.Description,c1_0.Status,p1_0.Description,p1_0.ImageURL,p1_0.Price,p1_0.ProductName,p1_0.Status,od1_0.quantity,od1_0.TotalAmount from OrderDetail od1_0 left join product p1_0 on p1_0.ProductID=od1_0.ProductID left join category c1_0 on c1_0.CategoryID=p1_0.CategoryID where od1_0.OrderID=?
Hibernate: select od1_0.OrderID,od1_0.orderDetailID,od1_0.price,p1_0.ProductID,p1_0.CategoryID,c1_0.CategoryID,c1_0.CategoryName,c1_0.Description,c1_0.Status,p1_0.Description,p1_0.ImageURL,p1_0.Price,p1_0.ProductName,p1_0.Status,od1_0.quantity,od1_0.TotalAmount from OrderDetail od1_0 left join product p1_0 on p1_0.ProductID=od1_0.ProductID left join category c1_0 on c1_0.CategoryID=p1_0.CategoryID where od1_0.OrderID=?
2026-04-28T09:52:00.142+07:00 DEBUG 8304 --- [ProjWEB] [nio-8081-exec-7] org.hibernate.SQL                        : select od1_0.OrderID,od1_0.orderDetailID,od1_0.price,p1_0.ProductID,p1_0.CategoryID,c1_0.CategoryID,c1_0.CategoryName,c1_0.Description,c1_0.Status,p1_0.Description,p1_0.ImageURL,p1_0.Price,p1_0.ProductName,p1_0.Status,od1_0.quantity,od1_0.TotalAmount from OrderDetail od1_0 left join product p1_0 on p1_0.ProductID=od1_0.ProductID left join category c1_0 on c1_0.CategoryID=p1_0.CategoryID where od1_0.OrderID=?
Hibernate: select od1_0.OrderID,od1_0.orderDetailID,od1_0.price,p1_0.ProductID,p1_0.CategoryID,c1_0.CategoryID,c1_0.CategoryName,c1_0.Description,c1_0.Status,p1_0.Description,p1_0.ImageURL,p1_0.Price,p1_0.ProductName,p1_0.Status,od1_0.quantity,od1_0.TotalAmount from OrderDetail od1_0 left join product p1_0 on p1_0.ProductID=od1_0.ProductID left join category c1_0 on c1_0.CategoryID=p1_0.CategoryID where od1_0.OrderID=?
2026-04-28T09:52:00.144+07:00 DEBUG 8304 --- [ProjWEB] [nio-8081-exec-7] org.hibernate.SQL                        : select od1_0.OrderID,od1_0.orderDetailID,od1_0.price,p1_0.ProductID,p1_0.CategoryID,c1_0.CategoryID,c1_0.CategoryName,c1_0.Description,c1_0.Status,p1_0.Description,p1_0.ImageURL,p1_0.Price,p1_0.ProductName,p1_0.Status,od1_0.quantity,od1_0.TotalAmount from OrderDetail od1_0 left join product p1_0 on p1_0.ProductID=od1_0.ProductID left join category c1_0 on c1_0.CategoryID=p1_0.CategoryID where od1_0.OrderID=?
Hibernate: select od1_0.OrderID,od1_0.orderDetailID,od1_0.price,p1_0.ProductID,p1_0.CategoryID,c1_0.CategoryID,c1_0.CategoryName,c1_0.Description,c1_0.Status,p1_0.Description,p1_0.ImageURL,p1_0.Price,p1_0.ProductName,p1_0.Status,od1_0.quantity,od1_0.TotalAmount from OrderDetail od1_0 left join product p1_0 on p1_0.ProductID=od1_0.ProductID left join category c1_0 on c1_0.CategoryID=p1_0.CategoryID where od1_0.OrderID=?
2026-04-28T09:52:00.149+07:00 DEBUG 8304 --- [ProjWEB] [nio-8081-exec-7] o.s.w.s.m.m.a.HttpEntityMethodProcessor  : Using 'application/json', given [application/json, text/plain, */*] and supported [application/json, application/*+json]
2026-04-28T09:52:00.149+07:00 DEBUG 8304 --- [ProjWEB] [nio-8081-exec-7] o.s.w.s.m.m.a.HttpEntityMethodProcessor  : Writing [com.jewellery.ProjWEB.admin.order.model.response.OrderResponse$Payload@47d43018]
2026-04-28T09:52:00.154+07:00 DEBUG 8304 --- [ProjWEB] [nio-8081-exec-7] o.s.web.servlet.DispatcherServlet        : Completed 200 OK
2026-04-28T09:52:02.718+07:00 DEBUG 8304 --- [ProjWEB] [nio-8081-exec-9] o.s.web.servlet.DispatcherServlet        : GET "/admin/products", parameters={}
2026-04-28T09:52:02.719+07:00 DEBUG 8304 --- [ProjWEB] [nio-8081-exec-9] s.w.s.m.m.a.RequestMappingHandlerMapping : Mapped to com.jewellery.ProjWEB.admin.product.controller.ProductController#adminPage(ProductRequest)
2026-04-28T09:52:02.721+07:00 DEBUG 8304 --- [ProjWEB] [nio-8081-exec-9] org.hibernate.SQL                        : select pe1_0.ProductID,pe1_0.CategoryID,pe1_0.Description,pe1_0.ImageURL,pe1_0.Price,pe1_0.ProductName,pe1_0.Status from product pe1_0 where 1=1
Hibernate: select pe1_0.ProductID,pe1_0.CategoryID,pe1_0.Description,pe1_0.ImageURL,pe1_0.Price,pe1_0.ProductName,pe1_0.Status from product pe1_0 where 1=1
2026-04-28T09:52:02.723+07:00 DEBUG 8304 --- [ProjWEB] [nio-8081-exec-9] org.hibernate.SQL                        : select ce1_0.CategoryID,ce1_0.CategoryName,ce1_0.Description,ce1_0.Status from category ce1_0 where ce1_0.CategoryID=?
Hibernate: select ce1_0.CategoryID,ce1_0.CategoryName,ce1_0.Description,ce1_0.Status from category ce1_0 where ce1_0.CategoryID=?
2026-04-28T09:52:02.725+07:00 DEBUG 8304 --- [ProjWEB] [nio-8081-exec-9] org.hibernate.SQL                        : select ce1_0.CategoryID,ce1_0.CategoryName,ce1_0.Description,ce1_0.Status from category ce1_0 where ce1_0.CategoryID=?
Hibernate: select ce1_0.CategoryID,ce1_0.CategoryName,ce1_0.Description,ce1_0.Status from category ce1_0 where ce1_0.CategoryID=?
2026-04-28T09:52:02.727+07:00 DEBUG 8304 --- [ProjWEB] [nio-8081-exec-9] org.hibernate.SQL                        : select ce1_0.CategoryID,ce1_0.CategoryName,ce1_0.Description,ce1_0.Status from category ce1_0 where ce1_0.CategoryID=?
Hibernate: select ce1_0.CategoryID,ce1_0.CategoryName,ce1_0.Description,ce1_0.Status from category ce1_0 where ce1_0.CategoryID=?
2026-04-28T09:52:02.729+07:00 DEBUG 8304 --- [ProjWEB] [nio-8081-exec-9] org.hibernate.SQL                        : select ce1_0.CategoryID,ce1_0.CategoryName,ce1_0.Description,ce1_0.Status from category ce1_0 where ce1_0.CategoryID=?
Hibernate: select ce1_0.CategoryID,ce1_0.CategoryName,ce1_0.Description,ce1_0.Status from category ce1_0 where ce1_0.CategoryID=?
2026-04-28T09:52:02.731+07:00 DEBUG 8304 --- [ProjWEB] [nio-8081-exec-9] org.hibernate.SQL                        : select ce1_0.CategoryID,ce1_0.CategoryName,ce1_0.Description,ce1_0.Status from category ce1_0 where ce1_0.CategoryID=?
Hibernate: select ce1_0.CategoryID,ce1_0.CategoryName,ce1_0.Description,ce1_0.Status from category ce1_0 where ce1_0.CategoryID=?
2026-04-28T09:52:02.733+07:00 DEBUG 8304 --- [ProjWEB] [nio-8081-exec-9] org.hibernate.SQL                        : select ce1_0.CategoryID,ce1_0.CategoryName,ce1_0.Description,ce1_0.Status from category ce1_0 where ce1_0.CategoryID=?
Hibernate: select ce1_0.CategoryID,ce1_0.CategoryName,ce1_0.Description,ce1_0.Status from category ce1_0 where ce1_0.CategoryID=?
2026-04-28T09:52:02.738+07:00 DEBUG 8304 --- [ProjWEB] [nio-8081-exec-9] o.s.w.s.m.m.a.HttpEntityMethodProcessor  : Using 'application/json', given [application/json, text/plain, */*] and supported [application/json, application/*+json]
2026-04-28T09:52:02.739+07:00 DEBUG 8304 --- [ProjWEB] [nio-8081-exec-9] o.s.w.s.m.m.a.HttpEntityMethodProcessor  : Writing [com.jewellery.ProjWEB.admin.product.model.response.ProductResponse$Payload@2fcc65a6]
2026-04-28T09:52:02.740+07:00 DEBUG 8304 --- [ProjWEB] [nio-8081-exec-9] o.s.web.servlet.DispatcherServlet        : Completed 200 OK
2026-04-28T09:56:06.890+07:00 DEBUG 8304 --- [ProjWEB] [nio-8081-exec-3] o.s.web.servlet.DispatcherServlet        : GET "/admin/categorys", parameters={}
2026-04-28T09:56:06.892+07:00 DEBUG 8304 --- [ProjWEB] [nio-8081-exec-3] s.w.s.m.m.a.RequestMappingHandlerMapping : Mapped to com.jewellery.ProjWEB.admin.category.controller.CategoryController#categoryHomePage()
2026-04-28T09:56:06.895+07:00 DEBUG 8304 --- [ProjWEB] [nio-8081-exec-3] org.hibernate.SQL                        : select ce1_0.CategoryID,ce1_0.CategoryName,ce1_0.Description,ce1_0.Status from category ce1_0
Hibernate: select ce1_0.CategoryID,ce1_0.CategoryName,ce1_0.Description,ce1_0.Status from category ce1_0
2026-04-28T09:56:06.904+07:00 DEBUG 8304 --- [ProjWEB] [nio-8081-exec-3] o.s.w.s.m.m.a.HttpEntityMethodProcessor  : Using 'application/json', given [application/json, text/plain, */*] and supported [application/json, application/*+json]
2026-04-28T09:56:06.904+07:00 DEBUG 8304 --- [ProjWEB] [nio-8081-exec-3] o.s.w.s.m.m.a.HttpEntityMethodProcessor  : Writing [com.jewellery.ProjWEB.admin.category.model.CategoryResponse$Payload@5007559e]
2026-04-28T09:56:06.907+07:00 DEBUG 8304 --- [ProjWEB] [nio-8081-exec-3] o.s.web.servlet.DispatcherServlet        : Completed 200 OK
2026-04-28T09:56:08.496+07:00 DEBUG 8304 --- [ProjWEB] [nio-8081-exec-2] o.s.web.servlet.DispatcherServlet        : GET "/admin/products", parameters={}
2026-04-28T09:56:08.514+07:00 DEBUG 8304 --- [ProjWEB] [nio-8081-exec-2] s.w.s.m.m.a.RequestMappingHandlerMapping : Mapped to com.jewellery.ProjWEB.admin.product.controller.ProductController#adminPage(ProductRequest)
2026-04-28T09:56:08.518+07:00 DEBUG 8304 --- [ProjWEB] [nio-8081-exec-2] org.hibernate.SQL                        : select pe1_0.ProductID,pe1_0.CategoryID,pe1_0.Description,pe1_0.ImageURL,pe1_0.Price,pe1_0.ProductName,pe1_0.Status from product pe1_0 where 1=1
Hibernate: select pe1_0.ProductID,pe1_0.CategoryID,pe1_0.Description,pe1_0.ImageURL,pe1_0.Price,pe1_0.ProductName,pe1_0.Status from product pe1_0 where 1=1
2026-04-28T09:56:08.520+07:00 DEBUG 8304 --- [ProjWEB] [nio-8081-exec-2] org.hibernate.SQL                        : select ce1_0.CategoryID,ce1_0.CategoryName,ce1_0.Description,ce1_0.Status from category ce1_0 where ce1_0.CategoryID=?
Hibernate: select ce1_0.CategoryID,ce1_0.CategoryName,ce1_0.Description,ce1_0.Status from category ce1_0 where ce1_0.CategoryID=?
2026-04-28T09:56:08.521+07:00 DEBUG 8304 --- [ProjWEB] [nio-8081-exec-2] org.hibernate.SQL                        : select ce1_0.CategoryID,ce1_0.CategoryName,ce1_0.Description,ce1_0.Status from category ce1_0 where ce1_0.CategoryID=?
Hibernate: select ce1_0.CategoryID,ce1_0.CategoryName,ce1_0.Description,ce1_0.Status from category ce1_0 where ce1_0.CategoryID=?
2026-04-28T09:56:08.523+07:00 DEBUG 8304 --- [ProjWEB] [nio-8081-exec-2] org.hibernate.SQL                        : select ce1_0.CategoryID,ce1_0.CategoryName,ce1_0.Description,ce1_0.Status from category ce1_0 where ce1_0.CategoryID=?
Hibernate: select ce1_0.CategoryID,ce1_0.CategoryName,ce1_0.Description,ce1_0.Status from category ce1_0 where ce1_0.CategoryID=?
2026-04-28T09:56:08.525+07:00 DEBUG 8304 --- [ProjWEB] [nio-8081-exec-2] org.hibernate.SQL                        : select ce1_0.CategoryID,ce1_0.CategoryName,ce1_0.Description,ce1_0.Status from category ce1_0 where ce1_0.CategoryID=?
Hibernate: select ce1_0.CategoryID,ce1_0.CategoryName,ce1_0.Description,ce1_0.Status from category ce1_0 where ce1_0.CategoryID=?
2026-04-28T09:56:08.526+07:00 DEBUG 8304 --- [ProjWEB] [nio-8081-exec-2] org.hibernate.SQL                        : select ce1_0.CategoryID,ce1_0.CategoryName,ce1_0.Description,ce1_0.Status from category ce1_0 where ce1_0.CategoryID=?
Hibernate: select ce1_0.CategoryID,ce1_0.CategoryName,ce1_0.Description,ce1_0.Status from category ce1_0 where ce1_0.CategoryID=?
2026-04-28T09:56:08.527+07:00 DEBUG 8304 --- [ProjWEB] [nio-8081-exec-2] org.hibernate.SQL                        : select ce1_0.CategoryID,ce1_0.CategoryName,ce1_0.Description,ce1_0.Status from category ce1_0 where ce1_0.CategoryID=?
Hibernate: select ce1_0.CategoryID,ce1_0.CategoryName,ce1_0.Description,ce1_0.Status from category ce1_0 where ce1_0.CategoryID=?
2026-04-28T09:56:08.533+07:00 DEBUG 8304 --- [ProjWEB] [nio-8081-exec-2] o.s.w.s.m.m.a.HttpEntityMethodProcessor  : Using 'application/json', given [application/json, text/plain, */*] and supported [application/json, application/*+json]
2026-04-28T09:56:08.534+07:00 DEBUG 8304 --- [ProjWEB] [nio-8081-exec-2] o.s.w.s.m.m.a.HttpEntityMethodProcessor  : Writing [com.jewellery.ProjWEB.admin.product.model.response.ProductResponse$Payload@7f93ee0b]
2026-04-28T09:56:08.534+07:00 DEBUG 8304 --- [ProjWEB] [nio-8081-exec-2] o.s.web.servlet.DispatcherServlet        : Completed 200 OK
2026-04-28T09:56:09.058+07:00 DEBUG 8304 --- [ProjWEB] [nio-8081-exec-7] o.s.web.servlet.DispatcherServlet        : GET "/admin/orders", parameters={}
2026-04-28T09:56:09.076+07:00 DEBUG 8304 --- [ProjWEB] [nio-8081-exec-7] s.w.s.m.m.a.RequestMappingHandlerMapping : Mapped to com.jewellery.ProjWEB.admin.order.controller.OrderController#orderPage()
2026-04-28T09:56:09.078+07:00 DEBUG 8304 --- [ProjWEB] [nio-8081-exec-7] org.hibernate.SQL                        : select oe1_0.orderID,oe1_0.AccountID,oe1_0.OrderDate,oe1_0.OrderStatus,oe1_0.ShippingAddress,oe1_0.TotalAmount from `Order` oe1_0
Hibernate: select oe1_0.orderID,oe1_0.AccountID,oe1_0.OrderDate,oe1_0.OrderStatus,oe1_0.ShippingAddress,oe1_0.TotalAmount from `Order` oe1_0
2026-04-28T09:56:09.080+07:00 DEBUG 8304 --- [ProjWEB] [nio-8081-exec-7] org.hibernate.SQL                        : select ae1_0.accountID,ae1_0.address,ae1_0.createdAt,ae1_0.fullName,ae1_0.password,ae1_0.phoneNumber,u1_0.id,u1_0.address,u1_0.created_at,u1_0.email,u1_0.enabled,u1_0.fullName,u1_0.password,u1_0.phoneNumber,u1_0.updated_at,u1_0.username,ae1_0.username from Account ae1_0 left join users u1_0 on u1_0.id=ae1_0.user_id where ae1_0.accountID=?
Hibernate: select ae1_0.accountID,ae1_0.address,ae1_0.createdAt,ae1_0.fullName,ae1_0.password,ae1_0.phoneNumber,u1_0.id,u1_0.address,u1_0.created_at,u1_0.email,u1_0.enabled,u1_0.fullName,u1_0.password,u1_0.phoneNumber,u1_0.updated_at,u1_0.username,ae1_0.username from Account ae1_0 left join users u1_0 on u1_0.id=ae1_0.user_id where ae1_0.accountID=?
2026-04-28T09:56:09.083+07:00 DEBUG 8304 --- [ProjWEB] [nio-8081-exec-7] org.hibernate.SQL                        : select ae1_0.accountID,ae1_0.address,ae1_0.createdAt,ae1_0.fullName,ae1_0.password,ae1_0.phoneNumber,u1_0.id,u1_0.address,u1_0.created_at,u1_0.email,u1_0.enabled,u1_0.fullName,u1_0.password,u1_0.phoneNumber,u1_0.updated_at,u1_0.username,ae1_0.username from Account ae1_0 left join users u1_0 on u1_0.id=ae1_0.user_id where ae1_0.accountID=?
Hibernate: select ae1_0.accountID,ae1_0.address,ae1_0.createdAt,ae1_0.fullName,ae1_0.password,ae1_0.phoneNumber,u1_0.id,u1_0.address,u1_0.created_at,u1_0.email,u1_0.enabled,u1_0.fullName,u1_0.password,u1_0.phoneNumber,u1_0.updated_at,u1_0.username,ae1_0.username from Account ae1_0 left join users u1_0 on u1_0.id=ae1_0.user_id where ae1_0.accountID=?
2026-04-28T09:56:09.085+07:00 DEBUG 8304 --- [ProjWEB] [nio-8081-exec-7] org.hibernate.SQL                        : select ae1_0.accountID,ae1_0.address,ae1_0.createdAt,ae1_0.fullName,ae1_0.password,ae1_0.phoneNumber,u1_0.id,u1_0.address,u1_0.created_at,u1_0.email,u1_0.enabled,u1_0.fullName,u1_0.password,u1_0.phoneNumber,u1_0.updated_at,u1_0.username,ae1_0.username from Account ae1_0 left join users u1_0 on u1_0.id=ae1_0.user_id where ae1_0.accountID=?
Hibernate: select ae1_0.accountID,ae1_0.address,ae1_0.createdAt,ae1_0.fullName,ae1_0.password,ae1_0.phoneNumber,u1_0.id,u1_0.address,u1_0.created_at,u1_0.email,u1_0.enabled,u1_0.fullName,u1_0.password,u1_0.phoneNumber,u1_0.updated_at,u1_0.username,ae1_0.username from Account ae1_0 left join users u1_0 on u1_0.id=ae1_0.user_id where ae1_0.accountID=?
2026-04-28T09:56:09.087+07:00 DEBUG 8304 --- [ProjWEB] [nio-8081-exec-7] org.hibernate.SQL                        : select ae1_0.accountID,ae1_0.address,ae1_0.createdAt,ae1_0.fullName,ae1_0.password,ae1_0.phoneNumber,u1_0.id,u1_0.address,u1_0.created_at,u1_0.email,u1_0.enabled,u1_0.fullName,u1_0.password,u1_0.phoneNumber,u1_0.updated_at,u1_0.username,ae1_0.username from Account ae1_0 left join users u1_0 on u1_0.id=ae1_0.user_id where ae1_0.accountID=?
Hibernate: select ae1_0.accountID,ae1_0.address,ae1_0.createdAt,ae1_0.fullName,ae1_0.password,ae1_0.phoneNumber,u1_0.id,u1_0.address,u1_0.created_at,u1_0.email,u1_0.enabled,u1_0.fullName,u1_0.password,u1_0.phoneNumber,u1_0.updated_at,u1_0.username,ae1_0.username from Account ae1_0 left join users u1_0 on u1_0.id=ae1_0.user_id where ae1_0.accountID=?
2026-04-28T09:56:09.089+07:00 DEBUG 8304 --- [ProjWEB] [nio-8081-exec-7] org.hibernate.SQL                        : select ae1_0.accountID,ae1_0.address,ae1_0.createdAt,ae1_0.fullName,ae1_0.password,ae1_0.phoneNumber,u1_0.id,u1_0.address,u1_0.created_at,u1_0.email,u1_0.enabled,u1_0.fullName,u1_0.password,u1_0.phoneNumber,u1_0.updated_at,u1_0.username,ae1_0.username from Account ae1_0 left join users u1_0 on u1_0.id=ae1_0.user_id where ae1_0.accountID=?
Hibernate: select ae1_0.accountID,ae1_0.address,ae1_0.createdAt,ae1_0.fullName,ae1_0.password,ae1_0.phoneNumber,u1_0.id,u1_0.address,u1_0.created_at,u1_0.email,u1_0.enabled,u1_0.fullName,u1_0.password,u1_0.phoneNumber,u1_0.updated_at,u1_0.username,ae1_0.username from Account ae1_0 left join users u1_0 on u1_0.id=ae1_0.user_id where ae1_0.accountID=?
2026-04-28T09:56:09.090+07:00 DEBUG 8304 --- [ProjWEB] [nio-8081-exec-7] org.hibernate.SQL                        : select ae1_0.accountID,ae1_0.address,ae1_0.createdAt,ae1_0.fullName,ae1_0.password,ae1_0.phoneNumber,u1_0.id,u1_0.address,u1_0.created_at,u1_0.email,u1_0.enabled,u1_0.fullName,u1_0.password,u1_0.phoneNumber,u1_0.updated_at,u1_0.username,ae1_0.username from Account ae1_0 left join users u1_0 on u1_0.id=ae1_0.user_id where ae1_0.accountID=?
Hibernate: select ae1_0.accountID,ae1_0.address,ae1_0.createdAt,ae1_0.fullName,ae1_0.password,ae1_0.phoneNumber,u1_0.id,u1_0.address,u1_0.created_at,u1_0.email,u1_0.enabled,u1_0.fullName,u1_0.password,u1_0.phoneNumber,u1_0.updated_at,u1_0.username,ae1_0.username from Account ae1_0 left join users u1_0 on u1_0.id=ae1_0.user_id where ae1_0.accountID=?
2026-04-28T09:56:09.092+07:00 DEBUG 8304 --- [ProjWEB] [nio-8081-exec-7] org.hibernate.SQL                        : select ae1_0.accountID,ae1_0.address,ae1_0.createdAt,ae1_0.fullName,ae1_0.password,ae1_0.phoneNumber,u1_0.id,u1_0.address,u1_0.created_at,u1_0.email,u1_0.enabled,u1_0.fullName,u1_0.password,u1_0.phoneNumber,u1_0.updated_at,u1_0.username,ae1_0.username from Account ae1_0 left join users u1_0 on u1_0.id=ae1_0.user_id where ae1_0.accountID=?
Hibernate: select ae1_0.accountID,ae1_0.address,ae1_0.createdAt,ae1_0.fullName,ae1_0.password,ae1_0.phoneNumber,u1_0.id,u1_0.address,u1_0.created_at,u1_0.email,u1_0.enabled,u1_0.fullName,u1_0.password,u1_0.phoneNumber,u1_0.updated_at,u1_0.username,ae1_0.username from Account ae1_0 left join users u1_0 on u1_0.id=ae1_0.user_id where ae1_0.accountID=?
2026-04-28T09:56:09.094+07:00 DEBUG 8304 --- [ProjWEB] [nio-8081-exec-7] org.hibernate.SQL                        : select ae1_0.accountID,ae1_0.address,ae1_0.createdAt,ae1_0.fullName,ae1_0.password,ae1_0.phoneNumber,u1_0.id,u1_0.address,u1_0.created_at,u1_0.email,u1_0.enabled,u1_0.fullName,u1_0.password,u1_0.phoneNumber,u1_0.updated_at,u1_0.username,ae1_0.username from Account ae1_0 left join users u1_0 on u1_0.id=ae1_0.user_id where ae1_0.accountID=?
Hibernate: select ae1_0.accountID,ae1_0.address,ae1_0.createdAt,ae1_0.fullName,ae1_0.password,ae1_0.phoneNumber,u1_0.id,u1_0.address,u1_0.created_at,u1_0.email,u1_0.enabled,u1_0.fullName,u1_0.password,u1_0.phoneNumber,u1_0.updated_at,u1_0.username,ae1_0.username from Account ae1_0 left join users u1_0 on u1_0.id=ae1_0.user_id where ae1_0.accountID=?
2026-04-28T09:56:09.095+07:00 DEBUG 8304 --- [ProjWEB] [nio-8081-exec-7] org.hibernate.SQL                        : select ae1_0.accountID,ae1_0.address,ae1_0.createdAt,ae1_0.fullName,ae1_0.password,ae1_0.phoneNumber,u1_0.id,u1_0.address,u1_0.created_at,u1_0.email,u1_0.enabled,u1_0.fullName,u1_0.password,u1_0.phoneNumber,u1_0.updated_at,u1_0.username,ae1_0.username from Account ae1_0 left join users u1_0 on u1_0.id=ae1_0.user_id where ae1_0.accountID=?
Hibernate: select ae1_0.accountID,ae1_0.address,ae1_0.createdAt,ae1_0.fullName,ae1_0.password,ae1_0.phoneNumber,u1_0.id,u1_0.address,u1_0.created_at,u1_0.email,u1_0.enabled,u1_0.fullName,u1_0.password,u1_0.phoneNumber,u1_0.updated_at,u1_0.username,ae1_0.username from Account ae1_0 left join users u1_0 on u1_0.id=ae1_0.user_id where ae1_0.accountID=?
2026-04-28T09:56:09.098+07:00 DEBUG 8304 --- [ProjWEB] [nio-8081-exec-7] org.hibernate.SQL                        : select ae1_0.accountID,ae1_0.address,ae1_0.createdAt,ae1_0.fullName,ae1_0.password,ae1_0.phoneNumber,u1_0.id,u1_0.address,u1_0.created_at,u1_0.email,u1_0.enabled,u1_0.fullName,u1_0.password,u1_0.phoneNumber,u1_0.updated_at,u1_0.username,ae1_0.username from Account ae1_0 left join users u1_0 on u1_0.id=ae1_0.user_id where ae1_0.accountID=?
Hibernate: select ae1_0.accountID,ae1_0.address,ae1_0.createdAt,ae1_0.fullName,ae1_0.password,ae1_0.phoneNumber,u1_0.id,u1_0.address,u1_0.created_at,u1_0.email,u1_0.enabled,u1_0.fullName,u1_0.password,u1_0.phoneNumber,u1_0.updated_at,u1_0.username,ae1_0.username from Account ae1_0 left join users u1_0 on u1_0.id=ae1_0.user_id where ae1_0.accountID=?
2026-04-28T09:56:09.100+07:00 DEBUG 8304 --- [ProjWEB] [nio-8081-exec-7] org.hibernate.SQL                        : select ae1_0.accountID,ae1_0.address,ae1_0.createdAt,ae1_0.fullName,ae1_0.password,ae1_0.phoneNumber,u1_0.id,u1_0.address,u1_0.created_at,u1_0.email,u1_0.enabled,u1_0.fullName,u1_0.password,u1_0.phoneNumber,u1_0.updated_at,u1_0.username,ae1_0.username from Account ae1_0 left join users u1_0 on u1_0.id=ae1_0.user_id where ae1_0.accountID=?
Hibernate: select ae1_0.accountID,ae1_0.address,ae1_0.createdAt,ae1_0.fullName,ae1_0.password,ae1_0.phoneNumber,u1_0.id,u1_0.address,u1_0.created_at,u1_0.email,u1_0.enabled,u1_0.fullName,u1_0.password,u1_0.phoneNumber,u1_0.updated_at,u1_0.username,ae1_0.username from Account ae1_0 left join users u1_0 on u1_0.id=ae1_0.user_id where ae1_0.accountID=?
2026-04-28T09:56:09.102+07:00 DEBUG 8304 --- [ProjWEB] [nio-8081-exec-7] org.hibernate.SQL                        : select ae1_0.accountID,ae1_0.address,ae1_0.createdAt,ae1_0.fullName,ae1_0.password,ae1_0.phoneNumber,u1_0.id,u1_0.address,u1_0.created_at,u1_0.email,u1_0.enabled,u1_0.fullName,u1_0.password,u1_0.phoneNumber,u1_0.updated_at,u1_0.username,ae1_0.username from Account ae1_0 left join users u1_0 on u1_0.id=ae1_0.user_id where ae1_0.accountID=?
Hibernate: select ae1_0.accountID,ae1_0.address,ae1_0.createdAt,ae1_0.fullName,ae1_0.password,ae1_0.phoneNumber,u1_0.id,u1_0.address,u1_0.created_at,u1_0.email,u1_0.enabled,u1_0.fullName,u1_0.password,u1_0.phoneNumber,u1_0.updated_at,u1_0.username,ae1_0.username from Account ae1_0 left join users u1_0 on u1_0.id=ae1_0.user_id where ae1_0.accountID=?
2026-04-28T09:56:09.104+07:00 DEBUG 8304 --- [ProjWEB] [nio-8081-exec-7] org.hibernate.SQL                        : select od1_0.OrderID,od1_0.orderDetailID,od1_0.price,p1_0.ProductID,p1_0.CategoryID,c1_0.CategoryID,c1_0.CategoryName,c1_0.Description,c1_0.Status,p1_0.Description,p1_0.ImageURL,p1_0.Price,p1_0.ProductName,p1_0.Status,od1_0.quantity,od1_0.TotalAmount from OrderDetail od1_0 left join product p1_0 on p1_0.ProductID=od1_0.ProductID left join category c1_0 on c1_0.CategoryID=p1_0.CategoryID where od1_0.OrderID=?
Hibernate: select od1_0.OrderID,od1_0.orderDetailID,od1_0.price,p1_0.ProductID,p1_0.CategoryID,c1_0.CategoryID,c1_0.CategoryName,c1_0.Description,c1_0.Status,p1_0.Description,p1_0.ImageURL,p1_0.Price,p1_0.ProductName,p1_0.Status,od1_0.quantity,od1_0.TotalAmount from OrderDetail od1_0 left join product p1_0 on p1_0.ProductID=od1_0.ProductID left join category c1_0 on c1_0.CategoryID=p1_0.CategoryID where od1_0.OrderID=?
2026-04-28T09:56:09.105+07:00 DEBUG 8304 --- [ProjWEB] [nio-8081-exec-7] org.hibernate.SQL                        : select od1_0.OrderID,od1_0.orderDetailID,od1_0.price,p1_0.ProductID,p1_0.CategoryID,c1_0.CategoryID,c1_0.CategoryName,c1_0.Description,c1_0.Status,p1_0.Description,p1_0.ImageURL,p1_0.Price,p1_0.ProductName,p1_0.Status,od1_0.quantity,od1_0.TotalAmount from OrderDetail od1_0 left join product p1_0 on p1_0.ProductID=od1_0.ProductID left join category c1_0 on c1_0.CategoryID=p1_0.CategoryID where od1_0.OrderID=?
Hibernate: select od1_0.OrderID,od1_0.orderDetailID,od1_0.price,p1_0.ProductID,p1_0.CategoryID,c1_0.CategoryID,c1_0.CategoryName,c1_0.Description,c1_0.Status,p1_0.Description,p1_0.ImageURL,p1_0.Price,p1_0.ProductName,p1_0.Status,od1_0.quantity,od1_0.TotalAmount from OrderDetail od1_0 left join product p1_0 on p1_0.ProductID=od1_0.ProductID left join category c1_0 on c1_0.CategoryID=p1_0.CategoryID where od1_0.OrderID=?
2026-04-28T09:56:09.107+07:00 DEBUG 8304 --- [ProjWEB] [nio-8081-exec-7] org.hibernate.SQL                        : select pd1_0.ProductID,pd1_0.productDetailID,pd1_0.composition,pd1_0.detailDescription,m1_0.materialID,m1_0.composition,m1_0.materialName,m1_0.purity,m1_0.unit,m1_0.weight,pd1_0.referenceWeight,pd1_0.stockQuantity from ProductDetail pd1_0 left join Material m1_0 on m1_0.materialID=pd1_0.MaterialID where pd1_0.ProductID=?
Hibernate: select pd1_0.ProductID,pd1_0.productDetailID,pd1_0.composition,pd1_0.detailDescription,m1_0.materialID,m1_0.composition,m1_0.materialName,m1_0.purity,m1_0.unit,m1_0.weight,pd1_0.referenceWeight,pd1_0.stockQuantity from ProductDetail pd1_0 left join Material m1_0 on m1_0.materialID=pd1_0.MaterialID where pd1_0.ProductID=?
2026-04-28T09:56:09.109+07:00 DEBUG 8304 --- [ProjWEB] [nio-8081-exec-7] org.hibernate.SQL                        : select od1_0.OrderID,od1_0.orderDetailID,od1_0.price,p1_0.ProductID,p1_0.CategoryID,c1_0.CategoryID,c1_0.CategoryName,c1_0.Description,c1_0.Status,p1_0.Description,p1_0.ImageURL,p1_0.Price,p1_0.ProductName,p1_0.Status,od1_0.quantity,od1_0.TotalAmount from OrderDetail od1_0 left join product p1_0 on p1_0.ProductID=od1_0.ProductID left join category c1_0 on c1_0.CategoryID=p1_0.CategoryID where od1_0.OrderID=?
Hibernate: select od1_0.OrderID,od1_0.orderDetailID,od1_0.price,p1_0.ProductID,p1_0.CategoryID,c1_0.CategoryID,c1_0.CategoryName,c1_0.Description,c1_0.Status,p1_0.Description,p1_0.ImageURL,p1_0.Price,p1_0.ProductName,p1_0.Status,od1_0.quantity,od1_0.TotalAmount from OrderDetail od1_0 left join product p1_0 on p1_0.ProductID=od1_0.ProductID left join category c1_0 on c1_0.CategoryID=p1_0.CategoryID where od1_0.OrderID=?
2026-04-28T09:56:09.110+07:00 DEBUG 8304 --- [ProjWEB] [nio-8081-exec-7] org.hibernate.SQL                        : select pd1_0.ProductID,pd1_0.productDetailID,pd1_0.composition,pd1_0.detailDescription,m1_0.materialID,m1_0.composition,m1_0.materialName,m1_0.purity,m1_0.unit,m1_0.weight,pd1_0.referenceWeight,pd1_0.stockQuantity from ProductDetail pd1_0 left join Material m1_0 on m1_0.materialID=pd1_0.MaterialID where pd1_0.ProductID=?
Hibernate: select pd1_0.ProductID,pd1_0.productDetailID,pd1_0.composition,pd1_0.detailDescription,m1_0.materialID,m1_0.composition,m1_0.materialName,m1_0.purity,m1_0.unit,m1_0.weight,pd1_0.referenceWeight,pd1_0.stockQuantity from ProductDetail pd1_0 left join Material m1_0 on m1_0.materialID=pd1_0.MaterialID where pd1_0.ProductID=?
2026-04-28T09:56:09.111+07:00 DEBUG 8304 --- [ProjWEB] [nio-8081-exec-7] org.hibernate.SQL                        : select od1_0.OrderID,od1_0.orderDetailID,od1_0.price,p1_0.ProductID,p1_0.CategoryID,c1_0.CategoryID,c1_0.CategoryName,c1_0.Description,c1_0.Status,p1_0.Description,p1_0.ImageURL,p1_0.Price,p1_0.ProductName,p1_0.Status,od1_0.quantity,od1_0.TotalAmount from OrderDetail od1_0 left join product p1_0 on p1_0.ProductID=od1_0.ProductID left join category c1_0 on c1_0.CategoryID=p1_0.CategoryID where od1_0.OrderID=?
Hibernate: select od1_0.OrderID,od1_0.orderDetailID,od1_0.price,p1_0.ProductID,p1_0.CategoryID,c1_0.CategoryID,c1_0.CategoryName,c1_0.Description,c1_0.Status,p1_0.Description,p1_0.ImageURL,p1_0.Price,p1_0.ProductName,p1_0.Status,od1_0.quantity,od1_0.TotalAmount from OrderDetail od1_0 left join product p1_0 on p1_0.ProductID=od1_0.ProductID left join category c1_0 on c1_0.CategoryID=p1_0.CategoryID where od1_0.OrderID=?
2026-04-28T09:56:09.113+07:00 DEBUG 8304 --- [ProjWEB] [nio-8081-exec-7] org.hibernate.SQL                        : select pd1_0.ProductID,pd1_0.productDetailID,pd1_0.composition,pd1_0.detailDescription,m1_0.materialID,m1_0.composition,m1_0.materialName,m1_0.purity,m1_0.unit,m1_0.weight,pd1_0.referenceWeight,pd1_0.stockQuantity from ProductDetail pd1_0 left join Material m1_0 on m1_0.materialID=pd1_0.MaterialID where pd1_0.ProductID=?
Hibernate: select pd1_0.ProductID,pd1_0.productDetailID,pd1_0.composition,pd1_0.detailDescription,m1_0.materialID,m1_0.composition,m1_0.materialName,m1_0.purity,m1_0.unit,m1_0.weight,pd1_0.referenceWeight,pd1_0.stockQuantity from ProductDetail pd1_0 left join Material m1_0 on m1_0.materialID=pd1_0.MaterialID where pd1_0.ProductID=?
2026-04-28T09:56:09.115+07:00 DEBUG 8304 --- [ProjWEB] [nio-8081-exec-7] org.hibernate.SQL                        : select od1_0.OrderID,od1_0.orderDetailID,od1_0.price,p1_0.ProductID,p1_0.CategoryID,c1_0.CategoryID,c1_0.CategoryName,c1_0.Description,c1_0.Status,p1_0.Description,p1_0.ImageURL,p1_0.Price,p1_0.ProductName,p1_0.Status,od1_0.quantity,od1_0.TotalAmount from OrderDetail od1_0 left join product p1_0 on p1_0.ProductID=od1_0.ProductID left join category c1_0 on c1_0.CategoryID=p1_0.CategoryID where od1_0.OrderID=?
Hibernate: select od1_0.OrderID,od1_0.orderDetailID,od1_0.price,p1_0.ProductID,p1_0.CategoryID,c1_0.CategoryID,c1_0.CategoryName,c1_0.Description,c1_0.Status,p1_0.Description,p1_0.ImageURL,p1_0.Price,p1_0.ProductName,p1_0.Status,od1_0.quantity,od1_0.TotalAmount from OrderDetail od1_0 left join product p1_0 on p1_0.ProductID=od1_0.ProductID left join category c1_0 on c1_0.CategoryID=p1_0.CategoryID where od1_0.OrderID=?
2026-04-28T09:56:09.117+07:00 DEBUG 8304 --- [ProjWEB] [nio-8081-exec-7] org.hibernate.SQL                        : select pd1_0.ProductID,pd1_0.productDetailID,pd1_0.composition,pd1_0.detailDescription,m1_0.materialID,m1_0.composition,m1_0.materialName,m1_0.purity,m1_0.unit,m1_0.weight,pd1_0.referenceWeight,pd1_0.stockQuantity from ProductDetail pd1_0 left join Material m1_0 on m1_0.materialID=pd1_0.MaterialID where pd1_0.ProductID=?
Hibernate: select pd1_0.ProductID,pd1_0.productDetailID,pd1_0.composition,pd1_0.detailDescription,m1_0.materialID,m1_0.composition,m1_0.materialName,m1_0.purity,m1_0.unit,m1_0.weight,pd1_0.referenceWeight,pd1_0.stockQuantity from ProductDetail pd1_0 left join Material m1_0 on m1_0.materialID=pd1_0.MaterialID where pd1_0.ProductID=?
2026-04-28T09:56:09.118+07:00 DEBUG 8304 --- [ProjWEB] [nio-8081-exec-7] org.hibernate.SQL                        : select od1_0.OrderID,od1_0.orderDetailID,od1_0.price,p1_0.ProductID,p1_0.CategoryID,c1_0.CategoryID,c1_0.CategoryName,c1_0.Description,c1_0.Status,p1_0.Description,p1_0.ImageURL,p1_0.Price,p1_0.ProductName,p1_0.Status,od1_0.quantity,od1_0.TotalAmount from OrderDetail od1_0 left join product p1_0 on p1_0.ProductID=od1_0.ProductID left join category c1_0 on c1_0.CategoryID=p1_0.CategoryID where od1_0.OrderID=?
Hibernate: select od1_0.OrderID,od1_0.orderDetailID,od1_0.price,p1_0.ProductID,p1_0.CategoryID,c1_0.CategoryID,c1_0.CategoryName,c1_0.Description,c1_0.Status,p1_0.Description,p1_0.ImageURL,p1_0.Price,p1_0.ProductName,p1_0.Status,od1_0.quantity,od1_0.TotalAmount from OrderDetail od1_0 left join product p1_0 on p1_0.ProductID=od1_0.ProductID left join category c1_0 on c1_0.CategoryID=p1_0.CategoryID where od1_0.OrderID=?
2026-04-28T09:56:09.119+07:00 DEBUG 8304 --- [ProjWEB] [nio-8081-exec-7] org.hibernate.SQL                        : select pd1_0.ProductID,pd1_0.productDetailID,pd1_0.composition,pd1_0.detailDescription,m1_0.materialID,m1_0.composition,m1_0.materialName,m1_0.purity,m1_0.unit,m1_0.weight,pd1_0.referenceWeight,pd1_0.stockQuantity from ProductDetail pd1_0 left join Material m1_0 on m1_0.materialID=pd1_0.MaterialID where pd1_0.ProductID=?
Hibernate: select pd1_0.ProductID,pd1_0.productDetailID,pd1_0.composition,pd1_0.detailDescription,m1_0.materialID,m1_0.composition,m1_0.materialName,m1_0.purity,m1_0.unit,m1_0.weight,pd1_0.referenceWeight,pd1_0.stockQuantity from ProductDetail pd1_0 left join Material m1_0 on m1_0.materialID=pd1_0.MaterialID where pd1_0.ProductID=?
2026-04-28T09:56:09.120+07:00 DEBUG 8304 --- [ProjWEB] [nio-8081-exec-7] org.hibernate.SQL                        : select od1_0.OrderID,od1_0.orderDetailID,od1_0.price,p1_0.ProductID,p1_0.CategoryID,c1_0.CategoryID,c1_0.CategoryName,c1_0.Description,c1_0.Status,p1_0.Description,p1_0.ImageURL,p1_0.Price,p1_0.ProductName,p1_0.Status,od1_0.quantity,od1_0.TotalAmount from OrderDetail od1_0 left join product p1_0 on p1_0.ProductID=od1_0.ProductID left join category c1_0 on c1_0.CategoryID=p1_0.CategoryID where od1_0.OrderID=?
Hibernate: select od1_0.OrderID,od1_0.orderDetailID,od1_0.price,p1_0.ProductID,p1_0.CategoryID,c1_0.CategoryID,c1_0.CategoryName,c1_0.Description,c1_0.Status,p1_0.Description,p1_0.ImageURL,p1_0.Price,p1_0.ProductName,p1_0.Status,od1_0.quantity,od1_0.TotalAmount from OrderDetail od1_0 left join product p1_0 on p1_0.ProductID=od1_0.ProductID left join category c1_0 on c1_0.CategoryID=p1_0.CategoryID where od1_0.OrderID=?
2026-04-28T09:56:09.121+07:00 DEBUG 8304 --- [ProjWEB] [nio-8081-exec-7] org.hibernate.SQL                        : select od1_0.OrderID,od1_0.orderDetailID,od1_0.price,p1_0.ProductID,p1_0.CategoryID,c1_0.CategoryID,c1_0.CategoryName,c1_0.Description,c1_0.Status,p1_0.Description,p1_0.ImageURL,p1_0.Price,p1_0.ProductName,p1_0.Status,od1_0.quantity,od1_0.TotalAmount from OrderDetail od1_0 left join product p1_0 on p1_0.ProductID=od1_0.ProductID left join category c1_0 on c1_0.CategoryID=p1_0.CategoryID where od1_0.OrderID=?
Hibernate: select od1_0.OrderID,od1_0.orderDetailID,od1_0.price,p1_0.ProductID,p1_0.CategoryID,c1_0.CategoryID,c1_0.CategoryName,c1_0.Description,c1_0.Status,p1_0.Description,p1_0.ImageURL,p1_0.Price,p1_0.ProductName,p1_0.Status,od1_0.quantity,od1_0.TotalAmount from OrderDetail od1_0 left join product p1_0 on p1_0.ProductID=od1_0.ProductID left join category c1_0 on c1_0.CategoryID=p1_0.CategoryID where od1_0.OrderID=?
2026-04-28T09:56:09.123+07:00 DEBUG 8304 --- [ProjWEB] [nio-8081-exec-7] org.hibernate.SQL                        : select od1_0.OrderID,od1_0.orderDetailID,od1_0.price,p1_0.ProductID,p1_0.CategoryID,c1_0.CategoryID,c1_0.CategoryName,c1_0.Description,c1_0.Status,p1_0.Description,p1_0.ImageURL,p1_0.Price,p1_0.ProductName,p1_0.Status,od1_0.quantity,od1_0.TotalAmount from OrderDetail od1_0 left join product p1_0 on p1_0.ProductID=od1_0.ProductID left join category c1_0 on c1_0.CategoryID=p1_0.CategoryID where od1_0.OrderID=?
Hibernate: select od1_0.OrderID,od1_0.orderDetailID,od1_0.price,p1_0.ProductID,p1_0.CategoryID,c1_0.CategoryID,c1_0.CategoryName,c1_0.Description,c1_0.Status,p1_0.Description,p1_0.ImageURL,p1_0.Price,p1_0.ProductName,p1_0.Status,od1_0.quantity,od1_0.TotalAmount from OrderDetail od1_0 left join product p1_0 on p1_0.ProductID=od1_0.ProductID left join category c1_0 on c1_0.CategoryID=p1_0.CategoryID where od1_0.OrderID=?
2026-04-28T09:56:09.124+07:00 DEBUG 8304 --- [ProjWEB] [nio-8081-exec-7] org.hibernate.SQL                        : select pd1_0.ProductID,pd1_0.productDetailID,pd1_0.composition,pd1_0.detailDescription,m1_0.materialID,m1_0.composition,m1_0.materialName,m1_0.purity,m1_0.unit,m1_0.weight,pd1_0.referenceWeight,pd1_0.stockQuantity from ProductDetail pd1_0 left join Material m1_0 on m1_0.materialID=pd1_0.MaterialID where pd1_0.ProductID=?
Hibernate: select pd1_0.ProductID,pd1_0.productDetailID,pd1_0.composition,pd1_0.detailDescription,m1_0.materialID,m1_0.composition,m1_0.materialName,m1_0.purity,m1_0.unit,m1_0.weight,pd1_0.referenceWeight,pd1_0.stockQuantity from ProductDetail pd1_0 left join Material m1_0 on m1_0.materialID=pd1_0.MaterialID where pd1_0.ProductID=?
2026-04-28T09:56:09.125+07:00 DEBUG 8304 --- [ProjWEB] [nio-8081-exec-7] org.hibernate.SQL                        : select od1_0.OrderID,od1_0.orderDetailID,od1_0.price,p1_0.ProductID,p1_0.CategoryID,c1_0.CategoryID,c1_0.CategoryName,c1_0.Description,c1_0.Status,p1_0.Description,p1_0.ImageURL,p1_0.Price,p1_0.ProductName,p1_0.Status,od1_0.quantity,od1_0.TotalAmount from OrderDetail od1_0 left join product p1_0 on p1_0.ProductID=od1_0.ProductID left join category c1_0 on c1_0.CategoryID=p1_0.CategoryID where od1_0.OrderID=?
Hibernate: select od1_0.OrderID,od1_0.orderDetailID,od1_0.price,p1_0.ProductID,p1_0.CategoryID,c1_0.CategoryID,c1_0.CategoryName,c1_0.Description,c1_0.Status,p1_0.Description,p1_0.ImageURL,p1_0.Price,p1_0.ProductName,p1_0.Status,od1_0.quantity,od1_0.TotalAmount from OrderDetail od1_0 left join product p1_0 on p1_0.ProductID=od1_0.ProductID left join category c1_0 on c1_0.CategoryID=p1_0.CategoryID where od1_0.OrderID=?
2026-04-28T09:56:09.126+07:00 DEBUG 8304 --- [ProjWEB] [nio-8081-exec-7] org.hibernate.SQL                        : select od1_0.OrderID,od1_0.orderDetailID,od1_0.price,p1_0.ProductID,p1_0.CategoryID,c1_0.CategoryID,c1_0.CategoryName,c1_0.Description,c1_0.Status,p1_0.Description,p1_0.ImageURL,p1_0.Price,p1_0.ProductName,p1_0.Status,od1_0.quantity,od1_0.TotalAmount from OrderDetail od1_0 left join product p1_0 on p1_0.ProductID=od1_0.ProductID left join category c1_0 on c1_0.CategoryID=p1_0.CategoryID where od1_0.OrderID=?
Hibernate: select od1_0.OrderID,od1_0.orderDetailID,od1_0.price,p1_0.ProductID,p1_0.CategoryID,c1_0.CategoryID,c1_0.CategoryName,c1_0.Description,c1_0.Status,p1_0.Description,p1_0.ImageURL,p1_0.Price,p1_0.ProductName,p1_0.Status,od1_0.quantity,od1_0.TotalAmount from OrderDetail od1_0 left join product p1_0 on p1_0.ProductID=od1_0.ProductID left join category c1_0 on c1_0.CategoryID=p1_0.CategoryID where od1_0.OrderID=?
2026-04-28T09:56:09.128+07:00 DEBUG 8304 --- [ProjWEB] [nio-8081-exec-7] org.hibernate.SQL                        : select od1_0.OrderID,od1_0.orderDetailID,od1_0.price,p1_0.ProductID,p1_0.CategoryID,c1_0.CategoryID,c1_0.CategoryName,c1_0.Description,c1_0.Status,p1_0.Description,p1_0.ImageURL,p1_0.Price,p1_0.ProductName,p1_0.Status,od1_0.quantity,od1_0.TotalAmount from OrderDetail od1_0 left join product p1_0 on p1_0.ProductID=od1_0.ProductID left join category c1_0 on c1_0.CategoryID=p1_0.CategoryID where od1_0.OrderID=?
Hibernate: select od1_0.OrderID,od1_0.orderDetailID,od1_0.price,p1_0.ProductID,p1_0.CategoryID,c1_0.CategoryID,c1_0.CategoryName,c1_0.Description,c1_0.Status,p1_0.Description,p1_0.ImageURL,p1_0.Price,p1_0.ProductName,p1_0.Status,od1_0.quantity,od1_0.TotalAmount from OrderDetail od1_0 left join product p1_0 on p1_0.ProductID=od1_0.ProductID left join category c1_0 on c1_0.CategoryID=p1_0.CategoryID where od1_0.OrderID=?
2026-04-28T09:56:09.129+07:00 DEBUG 8304 --- [ProjWEB] [nio-8081-exec-7] org.hibernate.SQL                        : select od1_0.OrderID,od1_0.orderDetailID,od1_0.price,p1_0.ProductID,p1_0.CategoryID,c1_0.CategoryID,c1_0.CategoryName,c1_0.Description,c1_0.Status,p1_0.Description,p1_0.ImageURL,p1_0.Price,p1_0.ProductName,p1_0.Status,od1_0.quantity,od1_0.TotalAmount from OrderDetail od1_0 left join product p1_0 on p1_0.ProductID=od1_0.ProductID left join category c1_0 on c1_0.CategoryID=p1_0.CategoryID where od1_0.OrderID=?
Hibernate: select od1_0.OrderID,od1_0.orderDetailID,od1_0.price,p1_0.ProductID,p1_0.CategoryID,c1_0.CategoryID,c1_0.CategoryName,c1_0.Description,c1_0.Status,p1_0.Description,p1_0.ImageURL,p1_0.Price,p1_0.ProductName,p1_0.Status,od1_0.quantity,od1_0.TotalAmount from OrderDetail od1_0 left join product p1_0 on p1_0.ProductID=od1_0.ProductID left join category c1_0 on c1_0.CategoryID=p1_0.CategoryID where od1_0.OrderID=?
2026-04-28T09:56:09.132+07:00 DEBUG 8304 --- [ProjWEB] [nio-8081-exec-7] org.hibernate.SQL                        : select od1_0.OrderID,od1_0.orderDetailID,od1_0.price,p1_0.ProductID,p1_0.CategoryID,c1_0.CategoryID,c1_0.CategoryName,c1_0.Description,c1_0.Status,p1_0.Description,p1_0.ImageURL,p1_0.Price,p1_0.ProductName,p1_0.Status,od1_0.quantity,od1_0.TotalAmount from OrderDetail od1_0 left join product p1_0 on p1_0.ProductID=od1_0.ProductID left join category c1_0 on c1_0.CategoryID=p1_0.CategoryID where od1_0.OrderID=?
Hibernate: select od1_0.OrderID,od1_0.orderDetailID,od1_0.price,p1_0.ProductID,p1_0.CategoryID,c1_0.CategoryID,c1_0.CategoryName,c1_0.Description,c1_0.Status,p1_0.Description,p1_0.ImageURL,p1_0.Price,p1_0.ProductName,p1_0.Status,od1_0.quantity,od1_0.TotalAmount from OrderDetail od1_0 left join product p1_0 on p1_0.ProductID=od1_0.ProductID left join category c1_0 on c1_0.CategoryID=p1_0.CategoryID where od1_0.OrderID=?
2026-04-28T09:56:09.133+07:00 DEBUG 8304 --- [ProjWEB] [nio-8081-exec-7] org.hibernate.SQL                        : select od1_0.OrderID,od1_0.orderDetailID,od1_0.price,p1_0.ProductID,p1_0.CategoryID,c1_0.CategoryID,c1_0.CategoryName,c1_0.Description,c1_0.Status,p1_0.Description,p1_0.ImageURL,p1_0.Price,p1_0.ProductName,p1_0.Status,od1_0.quantity,od1_0.TotalAmount from OrderDetail od1_0 left join product p1_0 on p1_0.ProductID=od1_0.ProductID left join category c1_0 on c1_0.CategoryID=p1_0.CategoryID where od1_0.OrderID=?
Hibernate: select od1_0.OrderID,od1_0.orderDetailID,od1_0.price,p1_0.ProductID,p1_0.CategoryID,c1_0.CategoryID,c1_0.CategoryName,c1_0.Description,c1_0.Status,p1_0.Description,p1_0.ImageURL,p1_0.Price,p1_0.ProductName,p1_0.Status,od1_0.quantity,od1_0.TotalAmount from OrderDetail od1_0 left join product p1_0 on p1_0.ProductID=od1_0.ProductID left join category c1_0 on c1_0.CategoryID=p1_0.CategoryID where od1_0.OrderID=?
2026-04-28T09:56:09.135+07:00 DEBUG 8304 --- [ProjWEB] [nio-8081-exec-7] org.hibernate.SQL                        : select od1_0.OrderID,od1_0.orderDetailID,od1_0.price,p1_0.ProductID,p1_0.CategoryID,c1_0.CategoryID,c1_0.CategoryName,c1_0.Description,c1_0.Status,p1_0.Description,p1_0.ImageURL,p1_0.Price,p1_0.ProductName,p1_0.Status,od1_0.quantity,od1_0.TotalAmount from OrderDetail od1_0 left join product p1_0 on p1_0.ProductID=od1_0.ProductID left join category c1_0 on c1_0.CategoryID=p1_0.CategoryID where od1_0.OrderID=?
Hibernate: select od1_0.OrderID,od1_0.orderDetailID,od1_0.price,p1_0.ProductID,p1_0.CategoryID,c1_0.CategoryID,c1_0.CategoryName,c1_0.Description,c1_0.Status,p1_0.Description,p1_0.ImageURL,p1_0.Price,p1_0.ProductName,p1_0.Status,od1_0.quantity,od1_0.TotalAmount from OrderDetail od1_0 left join product p1_0 on p1_0.ProductID=od1_0.ProductID left join category c1_0 on c1_0.CategoryID=p1_0.CategoryID where od1_0.OrderID=?
2026-04-28T09:56:09.136+07:00 DEBUG 8304 --- [ProjWEB] [nio-8081-exec-7] org.hibernate.SQL                        : select pd1_0.ProductID,pd1_0.productDetailID,pd1_0.composition,pd1_0.detailDescription,m1_0.materialID,m1_0.composition,m1_0.materialName,m1_0.purity,m1_0.unit,m1_0.weight,pd1_0.referenceWeight,pd1_0.stockQuantity from ProductDetail pd1_0 left join Material m1_0 on m1_0.materialID=pd1_0.MaterialID where pd1_0.ProductID=?
Hibernate: select pd1_0.ProductID,pd1_0.productDetailID,pd1_0.composition,pd1_0.detailDescription,m1_0.materialID,m1_0.composition,m1_0.materialName,m1_0.purity,m1_0.unit,m1_0.weight,pd1_0.referenceWeight,pd1_0.stockQuantity from ProductDetail pd1_0 left join Material m1_0 on m1_0.materialID=pd1_0.MaterialID where pd1_0.ProductID=?
2026-04-28T09:56:09.138+07:00 DEBUG 8304 --- [ProjWEB] [nio-8081-exec-7] org.hibernate.SQL                        : select od1_0.OrderID,od1_0.orderDetailID,od1_0.price,p1_0.ProductID,p1_0.CategoryID,c1_0.CategoryID,c1_0.CategoryName,c1_0.Description,c1_0.Status,p1_0.Description,p1_0.ImageURL,p1_0.Price,p1_0.ProductName,p1_0.Status,od1_0.quantity,od1_0.TotalAmount from OrderDetail od1_0 left join product p1_0 on p1_0.ProductID=od1_0.ProductID left join category c1_0 on c1_0.CategoryID=p1_0.CategoryID where od1_0.OrderID=?
Hibernate: select od1_0.OrderID,od1_0.orderDetailID,od1_0.price,p1_0.ProductID,p1_0.CategoryID,c1_0.CategoryID,c1_0.CategoryName,c1_0.Description,c1_0.Status,p1_0.Description,p1_0.ImageURL,p1_0.Price,p1_0.ProductName,p1_0.Status,od1_0.quantity,od1_0.TotalAmount from OrderDetail od1_0 left join product p1_0 on p1_0.ProductID=od1_0.ProductID left join category c1_0 on c1_0.CategoryID=p1_0.CategoryID where od1_0.OrderID=?
2026-04-28T09:56:09.139+07:00 DEBUG 8304 --- [ProjWEB] [nio-8081-exec-7] org.hibernate.SQL                        : select od1_0.OrderID,od1_0.orderDetailID,od1_0.price,p1_0.ProductID,p1_0.CategoryID,c1_0.CategoryID,c1_0.CategoryName,c1_0.Description,c1_0.Status,p1_0.Description,p1_0.ImageURL,p1_0.Price,p1_0.ProductName,p1_0.Status,od1_0.quantity,od1_0.TotalAmount from OrderDetail od1_0 left join product p1_0 on p1_0.ProductID=od1_0.ProductID left join category c1_0 on c1_0.CategoryID=p1_0.CategoryID where od1_0.OrderID=?
Hibernate: select od1_0.OrderID,od1_0.orderDetailID,od1_0.price,p1_0.ProductID,p1_0.CategoryID,c1_0.CategoryID,c1_0.CategoryName,c1_0.Description,c1_0.Status,p1_0.Description,p1_0.ImageURL,p1_0.Price,p1_0.ProductName,p1_0.Status,od1_0.quantity,od1_0.TotalAmount from OrderDetail od1_0 left join product p1_0 on p1_0.ProductID=od1_0.ProductID left join category c1_0 on c1_0.CategoryID=p1_0.CategoryID where od1_0.OrderID=?
2026-04-28T09:56:09.140+07:00 DEBUG 8304 --- [ProjWEB] [nio-8081-exec-7] org.hibernate.SQL                        : select od1_0.OrderID,od1_0.orderDetailID,od1_0.price,p1_0.ProductID,p1_0.CategoryID,c1_0.CategoryID,c1_0.CategoryName,c1_0.Description,c1_0.Status,p1_0.Description,p1_0.ImageURL,p1_0.Price,p1_0.ProductName,p1_0.Status,od1_0.quantity,od1_0.TotalAmount from OrderDetail od1_0 left join product p1_0 on p1_0.ProductID=od1_0.ProductID left join category c1_0 on c1_0.CategoryID=p1_0.CategoryID where od1_0.OrderID=?
Hibernate: select od1_0.OrderID,od1_0.orderDetailID,od1_0.price,p1_0.ProductID,p1_0.CategoryID,c1_0.CategoryID,c1_0.CategoryName,c1_0.Description,c1_0.Status,p1_0.Description,p1_0.ImageURL,p1_0.Price,p1_0.ProductName,p1_0.Status,od1_0.quantity,od1_0.TotalAmount from OrderDetail od1_0 left join product p1_0 on p1_0.ProductID=od1_0.ProductID left join category c1_0 on c1_0.CategoryID=p1_0.CategoryID where od1_0.OrderID=?
2026-04-28T09:56:09.142+07:00 DEBUG 8304 --- [ProjWEB] [nio-8081-exec-7] org.hibernate.SQL                        : select od1_0.OrderID,od1_0.orderDetailID,od1_0.price,p1_0.ProductID,p1_0.CategoryID,c1_0.CategoryID,c1_0.CategoryName,c1_0.Description,c1_0.Status,p1_0.Description,p1_0.ImageURL,p1_0.Price,p1_0.ProductName,p1_0.Status,od1_0.quantity,od1_0.TotalAmount from OrderDetail od1_0 left join product p1_0 on p1_0.ProductID=od1_0.ProductID left join category c1_0 on c1_0.CategoryID=p1_0.CategoryID where od1_0.OrderID=?
Hibernate: select od1_0.OrderID,od1_0.orderDetailID,od1_0.price,p1_0.ProductID,p1_0.CategoryID,c1_0.CategoryID,c1_0.CategoryName,c1_0.Description,c1_0.Status,p1_0.Description,p1_0.ImageURL,p1_0.Price,p1_0.ProductName,p1_0.Status,od1_0.quantity,od1_0.TotalAmount from OrderDetail od1_0 left join product p1_0 on p1_0.ProductID=od1_0.ProductID left join category c1_0 on c1_0.CategoryID=p1_0.CategoryID where od1_0.OrderID=?
2026-04-28T09:56:09.144+07:00 DEBUG 8304 --- [ProjWEB] [nio-8081-exec-7] o.s.w.s.m.m.a.HttpEntityMethodProcessor  : Using 'application/json', given [application/json, text/plain, */*] and supported [application/json, application/*+json]
2026-04-28T09:56:09.144+07:00 DEBUG 8304 --- [ProjWEB] [nio-8081-exec-7] o.s.w.s.m.m.a.HttpEntityMethodProcessor  : Writing [com.jewellery.ProjWEB.admin.order.model.response.OrderResponse$Payload@37cb588b]
2026-04-28T09:56:09.146+07:00 DEBUG 8304 --- [ProjWEB] [nio-8081-exec-7] o.s.web.servlet.DispatcherServlet        : Completed 200 OK
2026-04-28T09:56:09.149+07:00 DEBUG 8304 --- [ProjWEB] [nio-8081-exec-9] o.s.web.servlet.DispatcherServlet        : GET "/admin/orders", parameters={}
2026-04-28T09:56:09.149+07:00 DEBUG 8304 --- [ProjWEB] [nio-8081-exec-9] s.w.s.m.m.a.RequestMappingHandlerMapping : Mapped to com.jewellery.ProjWEB.admin.order.controller.OrderController#orderPage()
2026-04-28T09:56:09.150+07:00 DEBUG 8304 --- [ProjWEB] [nio-8081-exec-9] org.hibernate.SQL                        : select oe1_0.orderID,oe1_0.AccountID,oe1_0.OrderDate,oe1_0.OrderStatus,oe1_0.ShippingAddress,oe1_0.TotalAmount from `Order` oe1_0
Hibernate: select oe1_0.orderID,oe1_0.AccountID,oe1_0.OrderDate,oe1_0.OrderStatus,oe1_0.ShippingAddress,oe1_0.TotalAmount from `Order` oe1_0
2026-04-28T09:56:09.153+07:00 DEBUG 8304 --- [ProjWEB] [nio-8081-exec-9] org.hibernate.SQL                        : select ae1_0.accountID,ae1_0.address,ae1_0.createdAt,ae1_0.fullName,ae1_0.password,ae1_0.phoneNumber,u1_0.id,u1_0.address,u1_0.created_at,u1_0.email,u1_0.enabled,u1_0.fullName,u1_0.password,u1_0.phoneNumber,u1_0.updated_at,u1_0.username,ae1_0.username from Account ae1_0 left join users u1_0 on u1_0.id=ae1_0.user_id where ae1_0.accountID=?
Hibernate: select ae1_0.accountID,ae1_0.address,ae1_0.createdAt,ae1_0.fullName,ae1_0.password,ae1_0.phoneNumber,u1_0.id,u1_0.address,u1_0.created_at,u1_0.email,u1_0.enabled,u1_0.fullName,u1_0.password,u1_0.phoneNumber,u1_0.updated_at,u1_0.username,ae1_0.username from Account ae1_0 left join users u1_0 on u1_0.id=ae1_0.user_id where ae1_0.accountID=?
2026-04-28T09:56:09.155+07:00 DEBUG 8304 --- [ProjWEB] [nio-8081-exec-9] org.hibernate.SQL                        : select ae1_0.accountID,ae1_0.address,ae1_0.createdAt,ae1_0.fullName,ae1_0.password,ae1_0.phoneNumber,u1_0.id,u1_0.address,u1_0.created_at,u1_0.email,u1_0.enabled,u1_0.fullName,u1_0.password,u1_0.phoneNumber,u1_0.updated_at,u1_0.username,ae1_0.username from Account ae1_0 left join users u1_0 on u1_0.id=ae1_0.user_id where ae1_0.accountID=?
Hibernate: select ae1_0.accountID,ae1_0.address,ae1_0.createdAt,ae1_0.fullName,ae1_0.password,ae1_0.phoneNumber,u1_0.id,u1_0.address,u1_0.created_at,u1_0.email,u1_0.enabled,u1_0.fullName,u1_0.password,u1_0.phoneNumber,u1_0.updated_at,u1_0.username,ae1_0.username from Account ae1_0 left join users u1_0 on u1_0.id=ae1_0.user_id where ae1_0.accountID=?
2026-04-28T09:56:09.156+07:00 DEBUG 8304 --- [ProjWEB] [nio-8081-exec-9] org.hibernate.SQL                        : select ae1_0.accountID,ae1_0.address,ae1_0.createdAt,ae1_0.fullName,ae1_0.password,ae1_0.phoneNumber,u1_0.id,u1_0.address,u1_0.created_at,u1_0.email,u1_0.enabled,u1_0.fullName,u1_0.password,u1_0.phoneNumber,u1_0.updated_at,u1_0.username,ae1_0.username from Account ae1_0 left join users u1_0 on u1_0.id=ae1_0.user_id where ae1_0.accountID=?
Hibernate: select ae1_0.accountID,ae1_0.address,ae1_0.createdAt,ae1_0.fullName,ae1_0.password,ae1_0.phoneNumber,u1_0.id,u1_0.address,u1_0.created_at,u1_0.email,u1_0.enabled,u1_0.fullName,u1_0.password,u1_0.phoneNumber,u1_0.updated_at,u1_0.username,ae1_0.username from Account ae1_0 left join users u1_0 on u1_0.id=ae1_0.user_id where ae1_0.accountID=?
2026-04-28T09:56:09.157+07:00 DEBUG 8304 --- [ProjWEB] [nio-8081-exec-9] org.hibernate.SQL                        : select ae1_0.accountID,ae1_0.address,ae1_0.createdAt,ae1_0.fullName,ae1_0.password,ae1_0.phoneNumber,u1_0.id,u1_0.address,u1_0.created_at,u1_0.email,u1_0.enabled,u1_0.fullName,u1_0.password,u1_0.phoneNumber,u1_0.updated_at,u1_0.username,ae1_0.username from Account ae1_0 left join users u1_0 on u1_0.id=ae1_0.user_id where ae1_0.accountID=?
Hibernate: select ae1_0.accountID,ae1_0.address,ae1_0.createdAt,ae1_0.fullName,ae1_0.password,ae1_0.phoneNumber,u1_0.id,u1_0.address,u1_0.created_at,u1_0.email,u1_0.enabled,u1_0.fullName,u1_0.password,u1_0.phoneNumber,u1_0.updated_at,u1_0.username,ae1_0.username from Account ae1_0 left join users u1_0 on u1_0.id=ae1_0.user_id where ae1_0.accountID=?
2026-04-28T09:56:09.157+07:00 DEBUG 8304 --- [ProjWEB] [nio-8081-exec-9] org.hibernate.SQL                        : select ae1_0.accountID,ae1_0.address,ae1_0.createdAt,ae1_0.fullName,ae1_0.password,ae1_0.phoneNumber,u1_0.id,u1_0.address,u1_0.created_at,u1_0.email,u1_0.enabled,u1_0.fullName,u1_0.password,u1_0.phoneNumber,u1_0.updated_at,u1_0.username,ae1_0.username from Account ae1_0 left join users u1_0 on u1_0.id=ae1_0.user_id where ae1_0.accountID=?
Hibernate: select ae1_0.accountID,ae1_0.address,ae1_0.createdAt,ae1_0.fullName,ae1_0.password,ae1_0.phoneNumber,u1_0.id,u1_0.address,u1_0.created_at,u1_0.email,u1_0.enabled,u1_0.fullName,u1_0.password,u1_0.phoneNumber,u1_0.updated_at,u1_0.username,ae1_0.username from Account ae1_0 left join users u1_0 on u1_0.id=ae1_0.user_id where ae1_0.accountID=?
2026-04-28T09:56:09.159+07:00 DEBUG 8304 --- [ProjWEB] [nio-8081-exec-9] org.hibernate.SQL                        : select ae1_0.accountID,ae1_0.address,ae1_0.createdAt,ae1_0.fullName,ae1_0.password,ae1_0.phoneNumber,u1_0.id,u1_0.address,u1_0.created_at,u1_0.email,u1_0.enabled,u1_0.fullName,u1_0.password,u1_0.phoneNumber,u1_0.updated_at,u1_0.username,ae1_0.username from Account ae1_0 left join users u1_0 on u1_0.id=ae1_0.user_id where ae1_0.accountID=?
Hibernate: select ae1_0.accountID,ae1_0.address,ae1_0.createdAt,ae1_0.fullName,ae1_0.password,ae1_0.phoneNumber,u1_0.id,u1_0.address,u1_0.created_at,u1_0.email,u1_0.enabled,u1_0.fullName,u1_0.password,u1_0.phoneNumber,u1_0.updated_at,u1_0.username,ae1_0.username from Account ae1_0 left join users u1_0 on u1_0.id=ae1_0.user_id where ae1_0.accountID=?
2026-04-28T09:56:09.160+07:00 DEBUG 8304 --- [ProjWEB] [nio-8081-exec-9] org.hibernate.SQL                        : select ae1_0.accountID,ae1_0.address,ae1_0.createdAt,ae1_0.fullName,ae1_0.password,ae1_0.phoneNumber,u1_0.id,u1_0.address,u1_0.created_at,u1_0.email,u1_0.enabled,u1_0.fullName,u1_0.password,u1_0.phoneNumber,u1_0.updated_at,u1_0.username,ae1_0.username from Account ae1_0 left join users u1_0 on u1_0.id=ae1_0.user_id where ae1_0.accountID=?
Hibernate: select ae1_0.accountID,ae1_0.address,ae1_0.createdAt,ae1_0.fullName,ae1_0.password,ae1_0.phoneNumber,u1_0.id,u1_0.address,u1_0.created_at,u1_0.email,u1_0.enabled,u1_0.fullName,u1_0.password,u1_0.phoneNumber,u1_0.updated_at,u1_0.username,ae1_0.username from Account ae1_0 left join users u1_0 on u1_0.id=ae1_0.user_id where ae1_0.accountID=?
2026-04-28T09:56:09.161+07:00 DEBUG 8304 --- [ProjWEB] [nio-8081-exec-9] org.hibernate.SQL                        : select ae1_0.accountID,ae1_0.address,ae1_0.createdAt,ae1_0.fullName,ae1_0.password,ae1_0.phoneNumber,u1_0.id,u1_0.address,u1_0.created_at,u1_0.email,u1_0.enabled,u1_0.fullName,u1_0.password,u1_0.phoneNumber,u1_0.updated_at,u1_0.username,ae1_0.username from Account ae1_0 left join users u1_0 on u1_0.id=ae1_0.user_id where ae1_0.accountID=?
Hibernate: select ae1_0.accountID,ae1_0.address,ae1_0.createdAt,ae1_0.fullName,ae1_0.password,ae1_0.phoneNumber,u1_0.id,u1_0.address,u1_0.created_at,u1_0.email,u1_0.enabled,u1_0.fullName,u1_0.password,u1_0.phoneNumber,u1_0.updated_at,u1_0.username,ae1_0.username from Account ae1_0 left join users u1_0 on u1_0.id=ae1_0.user_id where ae1_0.accountID=?
2026-04-28T09:56:09.163+07:00 DEBUG 8304 --- [ProjWEB] [nio-8081-exec-9] org.hibernate.SQL                        : select ae1_0.accountID,ae1_0.address,ae1_0.createdAt,ae1_0.fullName,ae1_0.password,ae1_0.phoneNumber,u1_0.id,u1_0.address,u1_0.created_at,u1_0.email,u1_0.enabled,u1_0.fullName,u1_0.password,u1_0.phoneNumber,u1_0.updated_at,u1_0.username,ae1_0.username from Account ae1_0 left join users u1_0 on u1_0.id=ae1_0.user_id where ae1_0.accountID=?
Hibernate: select ae1_0.accountID,ae1_0.address,ae1_0.createdAt,ae1_0.fullName,ae1_0.password,ae1_0.phoneNumber,u1_0.id,u1_0.address,u1_0.created_at,u1_0.email,u1_0.enabled,u1_0.fullName,u1_0.password,u1_0.phoneNumber,u1_0.updated_at,u1_0.username,ae1_0.username from Account ae1_0 left join users u1_0 on u1_0.id=ae1_0.user_id where ae1_0.accountID=?
2026-04-28T09:56:09.165+07:00 DEBUG 8304 --- [ProjWEB] [nio-8081-exec-9] org.hibernate.SQL                        : select ae1_0.accountID,ae1_0.address,ae1_0.createdAt,ae1_0.fullName,ae1_0.password,ae1_0.phoneNumber,u1_0.id,u1_0.address,u1_0.created_at,u1_0.email,u1_0.enabled,u1_0.fullName,u1_0.password,u1_0.phoneNumber,u1_0.updated_at,u1_0.username,ae1_0.username from Account ae1_0 left join users u1_0 on u1_0.id=ae1_0.user_id where ae1_0.accountID=?
Hibernate: select ae1_0.accountID,ae1_0.address,ae1_0.createdAt,ae1_0.fullName,ae1_0.password,ae1_0.phoneNumber,u1_0.id,u1_0.address,u1_0.created_at,u1_0.email,u1_0.enabled,u1_0.fullName,u1_0.password,u1_0.phoneNumber,u1_0.updated_at,u1_0.username,ae1_0.username from Account ae1_0 left join users u1_0 on u1_0.id=ae1_0.user_id where ae1_0.accountID=?
2026-04-28T09:56:09.166+07:00 DEBUG 8304 --- [ProjWEB] [nio-8081-exec-9] org.hibernate.SQL                        : select ae1_0.accountID,ae1_0.address,ae1_0.createdAt,ae1_0.fullName,ae1_0.password,ae1_0.phoneNumber,u1_0.id,u1_0.address,u1_0.created_at,u1_0.email,u1_0.enabled,u1_0.fullName,u1_0.password,u1_0.phoneNumber,u1_0.updated_at,u1_0.username,ae1_0.username from Account ae1_0 left join users u1_0 on u1_0.id=ae1_0.user_id where ae1_0.accountID=?
Hibernate: select ae1_0.accountID,ae1_0.address,ae1_0.createdAt,ae1_0.fullName,ae1_0.password,ae1_0.phoneNumber,u1_0.id,u1_0.address,u1_0.created_at,u1_0.email,u1_0.enabled,u1_0.fullName,u1_0.password,u1_0.phoneNumber,u1_0.updated_at,u1_0.username,ae1_0.username from Account ae1_0 left join users u1_0 on u1_0.id=ae1_0.user_id where ae1_0.accountID=?
2026-04-28T09:56:09.167+07:00 DEBUG 8304 --- [ProjWEB] [nio-8081-exec-9] org.hibernate.SQL                        : select ae1_0.accountID,ae1_0.address,ae1_0.createdAt,ae1_0.fullName,ae1_0.password,ae1_0.phoneNumber,u1_0.id,u1_0.address,u1_0.created_at,u1_0.email,u1_0.enabled,u1_0.fullName,u1_0.password,u1_0.phoneNumber,u1_0.updated_at,u1_0.username,ae1_0.username from Account ae1_0 left join users u1_0 on u1_0.id=ae1_0.user_id where ae1_0.accountID=?
Hibernate: select ae1_0.accountID,ae1_0.address,ae1_0.createdAt,ae1_0.fullName,ae1_0.password,ae1_0.phoneNumber,u1_0.id,u1_0.address,u1_0.created_at,u1_0.email,u1_0.enabled,u1_0.fullName,u1_0.password,u1_0.phoneNumber,u1_0.updated_at,u1_0.username,ae1_0.username from Account ae1_0 left join users u1_0 on u1_0.id=ae1_0.user_id where ae1_0.accountID=?
2026-04-28T09:56:09.169+07:00 DEBUG 8304 --- [ProjWEB] [nio-8081-exec-9] org.hibernate.SQL                        : select od1_0.OrderID,od1_0.orderDetailID,od1_0.price,p1_0.ProductID,p1_0.CategoryID,c1_0.CategoryID,c1_0.CategoryName,c1_0.Description,c1_0.Status,p1_0.Description,p1_0.ImageURL,p1_0.Price,p1_0.ProductName,p1_0.Status,od1_0.quantity,od1_0.TotalAmount from OrderDetail od1_0 left join product p1_0 on p1_0.ProductID=od1_0.ProductID left join category c1_0 on c1_0.CategoryID=p1_0.CategoryID where od1_0.OrderID=?
Hibernate: select od1_0.OrderID,od1_0.orderDetailID,od1_0.price,p1_0.ProductID,p1_0.CategoryID,c1_0.CategoryID,c1_0.CategoryName,c1_0.Description,c1_0.Status,p1_0.Description,p1_0.ImageURL,p1_0.Price,p1_0.ProductName,p1_0.Status,od1_0.quantity,od1_0.TotalAmount from OrderDetail od1_0 left join product p1_0 on p1_0.ProductID=od1_0.ProductID left join category c1_0 on c1_0.CategoryID=p1_0.CategoryID where od1_0.OrderID=?
2026-04-28T09:56:09.170+07:00 DEBUG 8304 --- [ProjWEB] [nio-8081-exec-9] org.hibernate.SQL                        : select od1_0.OrderID,od1_0.orderDetailID,od1_0.price,p1_0.ProductID,p1_0.CategoryID,c1_0.CategoryID,c1_0.CategoryName,c1_0.Description,c1_0.Status,p1_0.Description,p1_0.ImageURL,p1_0.Price,p1_0.ProductName,p1_0.Status,od1_0.quantity,od1_0.TotalAmount from OrderDetail od1_0 left join product p1_0 on p1_0.ProductID=od1_0.ProductID left join category c1_0 on c1_0.CategoryID=p1_0.CategoryID where od1_0.OrderID=?
Hibernate: select od1_0.OrderID,od1_0.orderDetailID,od1_0.price,p1_0.ProductID,p1_0.CategoryID,c1_0.CategoryID,c1_0.CategoryName,c1_0.Description,c1_0.Status,p1_0.Description,p1_0.ImageURL,p1_0.Price,p1_0.ProductName,p1_0.Status,od1_0.quantity,od1_0.TotalAmount from OrderDetail od1_0 left join product p1_0 on p1_0.ProductID=od1_0.ProductID left join category c1_0 on c1_0.CategoryID=p1_0.CategoryID where od1_0.OrderID=?
2026-04-28T09:56:09.172+07:00 DEBUG 8304 --- [ProjWEB] [nio-8081-exec-9] org.hibernate.SQL                        : select pd1_0.ProductID,pd1_0.productDetailID,pd1_0.composition,pd1_0.detailDescription,m1_0.materialID,m1_0.composition,m1_0.materialName,m1_0.purity,m1_0.unit,m1_0.weight,pd1_0.referenceWeight,pd1_0.stockQuantity from ProductDetail pd1_0 left join Material m1_0 on m1_0.materialID=pd1_0.MaterialID where pd1_0.ProductID=?
Hibernate: select pd1_0.ProductID,pd1_0.productDetailID,pd1_0.composition,pd1_0.detailDescription,m1_0.materialID,m1_0.composition,m1_0.materialName,m1_0.purity,m1_0.unit,m1_0.weight,pd1_0.referenceWeight,pd1_0.stockQuantity from ProductDetail pd1_0 left join Material m1_0 on m1_0.materialID=pd1_0.MaterialID where pd1_0.ProductID=?
2026-04-28T09:56:09.173+07:00 DEBUG 8304 --- [ProjWEB] [nio-8081-exec-9] org.hibernate.SQL                        : select od1_0.OrderID,od1_0.orderDetailID,od1_0.price,p1_0.ProductID,p1_0.CategoryID,c1_0.CategoryID,c1_0.CategoryName,c1_0.Description,c1_0.Status,p1_0.Description,p1_0.ImageURL,p1_0.Price,p1_0.ProductName,p1_0.Status,od1_0.quantity,od1_0.TotalAmount from OrderDetail od1_0 left join product p1_0 on p1_0.ProductID=od1_0.ProductID left join category c1_0 on c1_0.CategoryID=p1_0.CategoryID where od1_0.OrderID=?
Hibernate: select od1_0.OrderID,od1_0.orderDetailID,od1_0.price,p1_0.ProductID,p1_0.CategoryID,c1_0.CategoryID,c1_0.CategoryName,c1_0.Description,c1_0.Status,p1_0.Description,p1_0.ImageURL,p1_0.Price,p1_0.ProductName,p1_0.Status,od1_0.quantity,od1_0.TotalAmount from OrderDetail od1_0 left join product p1_0 on p1_0.ProductID=od1_0.ProductID left join category c1_0 on c1_0.CategoryID=p1_0.CategoryID where od1_0.OrderID=?
2026-04-28T09:56:09.174+07:00 DEBUG 8304 --- [ProjWEB] [nio-8081-exec-9] org.hibernate.SQL                        : select pd1_0.ProductID,pd1_0.productDetailID,pd1_0.composition,pd1_0.detailDescription,m1_0.materialID,m1_0.composition,m1_0.materialName,m1_0.purity,m1_0.unit,m1_0.weight,pd1_0.referenceWeight,pd1_0.stockQuantity from ProductDetail pd1_0 left join Material m1_0 on m1_0.materialID=pd1_0.MaterialID where pd1_0.ProductID=?
Hibernate: select pd1_0.ProductID,pd1_0.productDetailID,pd1_0.composition,pd1_0.detailDescription,m1_0.materialID,m1_0.composition,m1_0.materialName,m1_0.purity,m1_0.unit,m1_0.weight,pd1_0.referenceWeight,pd1_0.stockQuantity from ProductDetail pd1_0 left join Material m1_0 on m1_0.materialID=pd1_0.MaterialID where pd1_0.ProductID=?
2026-04-28T09:56:09.175+07:00 DEBUG 8304 --- [ProjWEB] [nio-8081-exec-9] org.hibernate.SQL                        : select od1_0.OrderID,od1_0.orderDetailID,od1_0.price,p1_0.ProductID,p1_0.CategoryID,c1_0.CategoryID,c1_0.CategoryName,c1_0.Description,c1_0.Status,p1_0.Description,p1_0.ImageURL,p1_0.Price,p1_0.ProductName,p1_0.Status,od1_0.quantity,od1_0.TotalAmount from OrderDetail od1_0 left join product p1_0 on p1_0.ProductID=od1_0.ProductID left join category c1_0 on c1_0.CategoryID=p1_0.CategoryID where od1_0.OrderID=?
Hibernate: select od1_0.OrderID,od1_0.orderDetailID,od1_0.price,p1_0.ProductID,p1_0.CategoryID,c1_0.CategoryID,c1_0.CategoryName,c1_0.Description,c1_0.Status,p1_0.Description,p1_0.ImageURL,p1_0.Price,p1_0.ProductName,p1_0.Status,od1_0.quantity,od1_0.TotalAmount from OrderDetail od1_0 left join product p1_0 on p1_0.ProductID=od1_0.ProductID left join category c1_0 on c1_0.CategoryID=p1_0.CategoryID where od1_0.OrderID=?
2026-04-28T09:56:09.176+07:00 DEBUG 8304 --- [ProjWEB] [nio-8081-exec-9] org.hibernate.SQL                        : select pd1_0.ProductID,pd1_0.productDetailID,pd1_0.composition,pd1_0.detailDescription,m1_0.materialID,m1_0.composition,m1_0.materialName,m1_0.purity,m1_0.unit,m1_0.weight,pd1_0.referenceWeight,pd1_0.stockQuantity from ProductDetail pd1_0 left join Material m1_0 on m1_0.materialID=pd1_0.MaterialID where pd1_0.ProductID=?
Hibernate: select pd1_0.ProductID,pd1_0.productDetailID,pd1_0.composition,pd1_0.detailDescription,m1_0.materialID,m1_0.composition,m1_0.materialName,m1_0.purity,m1_0.unit,m1_0.weight,pd1_0.referenceWeight,pd1_0.stockQuantity from ProductDetail pd1_0 left join Material m1_0 on m1_0.materialID=pd1_0.MaterialID where pd1_0.ProductID=?
2026-04-28T09:56:09.177+07:00 DEBUG 8304 --- [ProjWEB] [nio-8081-exec-9] org.hibernate.SQL                        : select od1_0.OrderID,od1_0.orderDetailID,od1_0.price,p1_0.ProductID,p1_0.CategoryID,c1_0.CategoryID,c1_0.CategoryName,c1_0.Description,c1_0.Status,p1_0.Description,p1_0.ImageURL,p1_0.Price,p1_0.ProductName,p1_0.Status,od1_0.quantity,od1_0.TotalAmount from OrderDetail od1_0 left join product p1_0 on p1_0.ProductID=od1_0.ProductID left join category c1_0 on c1_0.CategoryID=p1_0.CategoryID where od1_0.OrderID=?
Hibernate: select od1_0.OrderID,od1_0.orderDetailID,od1_0.price,p1_0.ProductID,p1_0.CategoryID,c1_0.CategoryID,c1_0.CategoryName,c1_0.Description,c1_0.Status,p1_0.Description,p1_0.ImageURL,p1_0.Price,p1_0.ProductName,p1_0.Status,od1_0.quantity,od1_0.TotalAmount from OrderDetail od1_0 left join product p1_0 on p1_0.ProductID=od1_0.ProductID left join category c1_0 on c1_0.CategoryID=p1_0.CategoryID where od1_0.OrderID=?
2026-04-28T09:56:09.178+07:00 DEBUG 8304 --- [ProjWEB] [nio-8081-exec-9] org.hibernate.SQL                        : select pd1_0.ProductID,pd1_0.productDetailID,pd1_0.composition,pd1_0.detailDescription,m1_0.materialID,m1_0.composition,m1_0.materialName,m1_0.purity,m1_0.unit,m1_0.weight,pd1_0.referenceWeight,pd1_0.stockQuantity from ProductDetail pd1_0 left join Material m1_0 on m1_0.materialID=pd1_0.MaterialID where pd1_0.ProductID=?
Hibernate: select pd1_0.ProductID,pd1_0.productDetailID,pd1_0.composition,pd1_0.detailDescription,m1_0.materialID,m1_0.composition,m1_0.materialName,m1_0.purity,m1_0.unit,m1_0.weight,pd1_0.referenceWeight,pd1_0.stockQuantity from ProductDetail pd1_0 left join Material m1_0 on m1_0.materialID=pd1_0.MaterialID where pd1_0.ProductID=?
2026-04-28T09:56:09.179+07:00 DEBUG 8304 --- [ProjWEB] [nio-8081-exec-9] org.hibernate.SQL                        : select od1_0.OrderID,od1_0.orderDetailID,od1_0.price,p1_0.ProductID,p1_0.CategoryID,c1_0.CategoryID,c1_0.CategoryName,c1_0.Description,c1_0.Status,p1_0.Description,p1_0.ImageURL,p1_0.Price,p1_0.ProductName,p1_0.Status,od1_0.quantity,od1_0.TotalAmount from OrderDetail od1_0 left join product p1_0 on p1_0.ProductID=od1_0.ProductID left join category c1_0 on c1_0.CategoryID=p1_0.CategoryID where od1_0.OrderID=?
Hibernate: select od1_0.OrderID,od1_0.orderDetailID,od1_0.price,p1_0.ProductID,p1_0.CategoryID,c1_0.CategoryID,c1_0.CategoryName,c1_0.Description,c1_0.Status,p1_0.Description,p1_0.ImageURL,p1_0.Price,p1_0.ProductName,p1_0.Status,od1_0.quantity,od1_0.TotalAmount from OrderDetail od1_0 left join product p1_0 on p1_0.ProductID=od1_0.ProductID left join category c1_0 on c1_0.CategoryID=p1_0.CategoryID where od1_0.OrderID=?
2026-04-28T09:56:09.181+07:00 DEBUG 8304 --- [ProjWEB] [nio-8081-exec-9] org.hibernate.SQL                        : select pd1_0.ProductID,pd1_0.productDetailID,pd1_0.composition,pd1_0.detailDescription,m1_0.materialID,m1_0.composition,m1_0.materialName,m1_0.purity,m1_0.unit,m1_0.weight,pd1_0.referenceWeight,pd1_0.stockQuantity from ProductDetail pd1_0 left join Material m1_0 on m1_0.materialID=pd1_0.MaterialID where pd1_0.ProductID=?
Hibernate: select pd1_0.ProductID,pd1_0.productDetailID,pd1_0.composition,pd1_0.detailDescription,m1_0.materialID,m1_0.composition,m1_0.materialName,m1_0.purity,m1_0.unit,m1_0.weight,pd1_0.referenceWeight,pd1_0.stockQuantity from ProductDetail pd1_0 left join Material m1_0 on m1_0.materialID=pd1_0.MaterialID where pd1_0.ProductID=?
2026-04-28T09:56:09.182+07:00 DEBUG 8304 --- [ProjWEB] [nio-8081-exec-9] org.hibernate.SQL                        : select od1_0.OrderID,od1_0.orderDetailID,od1_0.price,p1_0.ProductID,p1_0.CategoryID,c1_0.CategoryID,c1_0.CategoryName,c1_0.Description,c1_0.Status,p1_0.Description,p1_0.ImageURL,p1_0.Price,p1_0.ProductName,p1_0.Status,od1_0.quantity,od1_0.TotalAmount from OrderDetail od1_0 left join product p1_0 on p1_0.ProductID=od1_0.ProductID left join category c1_0 on c1_0.CategoryID=p1_0.CategoryID where od1_0.OrderID=?
Hibernate: select od1_0.OrderID,od1_0.orderDetailID,od1_0.price,p1_0.ProductID,p1_0.CategoryID,c1_0.CategoryID,c1_0.CategoryName,c1_0.Description,c1_0.Status,p1_0.Description,p1_0.ImageURL,p1_0.Price,p1_0.ProductName,p1_0.Status,od1_0.quantity,od1_0.TotalAmount from OrderDetail od1_0 left join product p1_0 on p1_0.ProductID=od1_0.ProductID left join category c1_0 on c1_0.CategoryID=p1_0.CategoryID where od1_0.OrderID=?
2026-04-28T09:56:09.183+07:00 DEBUG 8304 --- [ProjWEB] [nio-8081-exec-9] org.hibernate.SQL                        : select od1_0.OrderID,od1_0.orderDetailID,od1_0.price,p1_0.ProductID,p1_0.CategoryID,c1_0.CategoryID,c1_0.CategoryName,c1_0.Description,c1_0.Status,p1_0.Description,p1_0.ImageURL,p1_0.Price,p1_0.ProductName,p1_0.Status,od1_0.quantity,od1_0.TotalAmount from OrderDetail od1_0 left join product p1_0 on p1_0.ProductID=od1_0.ProductID left join category c1_0 on c1_0.CategoryID=p1_0.CategoryID where od1_0.OrderID=?
Hibernate: select od1_0.OrderID,od1_0.orderDetailID,od1_0.price,p1_0.ProductID,p1_0.CategoryID,c1_0.CategoryID,c1_0.CategoryName,c1_0.Description,c1_0.Status,p1_0.Description,p1_0.ImageURL,p1_0.Price,p1_0.ProductName,p1_0.Status,od1_0.quantity,od1_0.TotalAmount from OrderDetail od1_0 left join product p1_0 on p1_0.ProductID=od1_0.ProductID left join category c1_0 on c1_0.CategoryID=p1_0.CategoryID where od1_0.OrderID=?
2026-04-28T09:56:09.185+07:00 DEBUG 8304 --- [ProjWEB] [nio-8081-exec-9] org.hibernate.SQL                        : select od1_0.OrderID,od1_0.orderDetailID,od1_0.price,p1_0.ProductID,p1_0.CategoryID,c1_0.CategoryID,c1_0.CategoryName,c1_0.Description,c1_0.Status,p1_0.Description,p1_0.ImageURL,p1_0.Price,p1_0.ProductName,p1_0.Status,od1_0.quantity,od1_0.TotalAmount from OrderDetail od1_0 left join product p1_0 on p1_0.ProductID=od1_0.ProductID left join category c1_0 on c1_0.CategoryID=p1_0.CategoryID where od1_0.OrderID=?
Hibernate: select od1_0.OrderID,od1_0.orderDetailID,od1_0.price,p1_0.ProductID,p1_0.CategoryID,c1_0.CategoryID,c1_0.CategoryName,c1_0.Description,c1_0.Status,p1_0.Description,p1_0.ImageURL,p1_0.Price,p1_0.ProductName,p1_0.Status,od1_0.quantity,od1_0.TotalAmount from OrderDetail od1_0 left join product p1_0 on p1_0.ProductID=od1_0.ProductID left join category c1_0 on c1_0.CategoryID=p1_0.CategoryID where od1_0.OrderID=?
2026-04-28T09:56:09.186+07:00 DEBUG 8304 --- [ProjWEB] [nio-8081-exec-9] org.hibernate.SQL                        : select pd1_0.ProductID,pd1_0.productDetailID,pd1_0.composition,pd1_0.detailDescription,m1_0.materialID,m1_0.composition,m1_0.materialName,m1_0.purity,m1_0.unit,m1_0.weight,pd1_0.referenceWeight,pd1_0.stockQuantity from ProductDetail pd1_0 left join Material m1_0 on m1_0.materialID=pd1_0.MaterialID where pd1_0.ProductID=?
Hibernate: select pd1_0.ProductID,pd1_0.productDetailID,pd1_0.composition,pd1_0.detailDescription,m1_0.materialID,m1_0.composition,m1_0.materialName,m1_0.purity,m1_0.unit,m1_0.weight,pd1_0.referenceWeight,pd1_0.stockQuantity from ProductDetail pd1_0 left join Material m1_0 on m1_0.materialID=pd1_0.MaterialID where pd1_0.ProductID=?
2026-04-28T09:56:09.187+07:00 DEBUG 8304 --- [ProjWEB] [nio-8081-exec-9] org.hibernate.SQL                        : select od1_0.OrderID,od1_0.orderDetailID,od1_0.price,p1_0.ProductID,p1_0.CategoryID,c1_0.CategoryID,c1_0.CategoryName,c1_0.Description,c1_0.Status,p1_0.Description,p1_0.ImageURL,p1_0.Price,p1_0.ProductName,p1_0.Status,od1_0.quantity,od1_0.TotalAmount from OrderDetail od1_0 left join product p1_0 on p1_0.ProductID=od1_0.ProductID left join category c1_0 on c1_0.CategoryID=p1_0.CategoryID where od1_0.OrderID=?
Hibernate: select od1_0.OrderID,od1_0.orderDetailID,od1_0.price,p1_0.ProductID,p1_0.CategoryID,c1_0.CategoryID,c1_0.CategoryName,c1_0.Description,c1_0.Status,p1_0.Description,p1_0.ImageURL,p1_0.Price,p1_0.ProductName,p1_0.Status,od1_0.quantity,od1_0.TotalAmount from OrderDetail od1_0 left join product p1_0 on p1_0.ProductID=od1_0.ProductID left join category c1_0 on c1_0.CategoryID=p1_0.CategoryID where od1_0.OrderID=?
2026-04-28T09:56:09.188+07:00 DEBUG 8304 --- [ProjWEB] [nio-8081-exec-9] org.hibernate.SQL                        : select od1_0.OrderID,od1_0.orderDetailID,od1_0.price,p1_0.ProductID,p1_0.CategoryID,c1_0.CategoryID,c1_0.CategoryName,c1_0.Description,c1_0.Status,p1_0.Description,p1_0.ImageURL,p1_0.Price,p1_0.ProductName,p1_0.Status,od1_0.quantity,od1_0.TotalAmount from OrderDetail od1_0 left join product p1_0 on p1_0.ProductID=od1_0.ProductID left join category c1_0 on c1_0.CategoryID=p1_0.CategoryID where od1_0.OrderID=?
Hibernate: select od1_0.OrderID,od1_0.orderDetailID,od1_0.price,p1_0.ProductID,p1_0.CategoryID,c1_0.CategoryID,c1_0.CategoryName,c1_0.Description,c1_0.Status,p1_0.Description,p1_0.ImageURL,p1_0.Price,p1_0.ProductName,p1_0.Status,od1_0.quantity,od1_0.TotalAmount from OrderDetail od1_0 left join product p1_0 on p1_0.ProductID=od1_0.ProductID left join category c1_0 on c1_0.CategoryID=p1_0.CategoryID where od1_0.OrderID=?
2026-04-28T09:56:09.189+07:00 DEBUG 8304 --- [ProjWEB] [nio-8081-exec-9] org.hibernate.SQL                        : select od1_0.OrderID,od1_0.orderDetailID,od1_0.price,p1_0.ProductID,p1_0.CategoryID,c1_0.CategoryID,c1_0.CategoryName,c1_0.Description,c1_0.Status,p1_0.Description,p1_0.ImageURL,p1_0.Price,p1_0.ProductName,p1_0.Status,od1_0.quantity,od1_0.TotalAmount from OrderDetail od1_0 left join product p1_0 on p1_0.ProductID=od1_0.ProductID left join category c1_0 on c1_0.CategoryID=p1_0.CategoryID where od1_0.OrderID=?
Hibernate: select od1_0.OrderID,od1_0.orderDetailID,od1_0.price,p1_0.ProductID,p1_0.CategoryID,c1_0.CategoryID,c1_0.CategoryName,c1_0.Description,c1_0.Status,p1_0.Description,p1_0.ImageURL,p1_0.Price,p1_0.ProductName,p1_0.Status,od1_0.quantity,od1_0.TotalAmount from OrderDetail od1_0 left join product p1_0 on p1_0.ProductID=od1_0.ProductID left join category c1_0 on c1_0.CategoryID=p1_0.CategoryID where od1_0.OrderID=?
2026-04-28T09:56:09.190+07:00 DEBUG 8304 --- [ProjWEB] [nio-8081-exec-9] org.hibernate.SQL                        : select od1_0.OrderID,od1_0.orderDetailID,od1_0.price,p1_0.ProductID,p1_0.CategoryID,c1_0.CategoryID,c1_0.CategoryName,c1_0.Description,c1_0.Status,p1_0.Description,p1_0.ImageURL,p1_0.Price,p1_0.ProductName,p1_0.Status,od1_0.quantity,od1_0.TotalAmount from OrderDetail od1_0 left join product p1_0 on p1_0.ProductID=od1_0.ProductID left join category c1_0 on c1_0.CategoryID=p1_0.CategoryID where od1_0.OrderID=?
Hibernate: select od1_0.OrderID,od1_0.orderDetailID,od1_0.price,p1_0.ProductID,p1_0.CategoryID,c1_0.CategoryID,c1_0.CategoryName,c1_0.Description,c1_0.Status,p1_0.Description,p1_0.ImageURL,p1_0.Price,p1_0.ProductName,p1_0.Status,od1_0.quantity,od1_0.TotalAmount from OrderDetail od1_0 left join product p1_0 on p1_0.ProductID=od1_0.ProductID left join category c1_0 on c1_0.CategoryID=p1_0.CategoryID where od1_0.OrderID=?
2026-04-28T09:56:09.191+07:00 DEBUG 8304 --- [ProjWEB] [nio-8081-exec-9] org.hibernate.SQL                        : select od1_0.OrderID,od1_0.orderDetailID,od1_0.price,p1_0.ProductID,p1_0.CategoryID,c1_0.CategoryID,c1_0.CategoryName,c1_0.Description,c1_0.Status,p1_0.Description,p1_0.ImageURL,p1_0.Price,p1_0.ProductName,p1_0.Status,od1_0.quantity,od1_0.TotalAmount from OrderDetail od1_0 left join product p1_0 on p1_0.ProductID=od1_0.ProductID left join category c1_0 on c1_0.CategoryID=p1_0.CategoryID where od1_0.OrderID=?
Hibernate: select od1_0.OrderID,od1_0.orderDetailID,od1_0.price,p1_0.ProductID,p1_0.CategoryID,c1_0.CategoryID,c1_0.CategoryName,c1_0.Description,c1_0.Status,p1_0.Description,p1_0.ImageURL,p1_0.Price,p1_0.ProductName,p1_0.Status,od1_0.quantity,od1_0.TotalAmount from OrderDetail od1_0 left join product p1_0 on p1_0.ProductID=od1_0.ProductID left join category c1_0 on c1_0.CategoryID=p1_0.CategoryID where od1_0.OrderID=?
2026-04-28T09:56:09.192+07:00 DEBUG 8304 --- [ProjWEB] [nio-8081-exec-9] org.hibernate.SQL                        : select od1_0.OrderID,od1_0.orderDetailID,od1_0.price,p1_0.ProductID,p1_0.CategoryID,c1_0.CategoryID,c1_0.CategoryName,c1_0.Description,c1_0.Status,p1_0.Description,p1_0.ImageURL,p1_0.Price,p1_0.ProductName,p1_0.Status,od1_0.quantity,od1_0.TotalAmount from OrderDetail od1_0 left join product p1_0 on p1_0.ProductID=od1_0.ProductID left join category c1_0 on c1_0.CategoryID=p1_0.CategoryID where od1_0.OrderID=?
Hibernate: select od1_0.OrderID,od1_0.orderDetailID,od1_0.price,p1_0.ProductID,p1_0.CategoryID,c1_0.CategoryID,c1_0.CategoryName,c1_0.Description,c1_0.Status,p1_0.Description,p1_0.ImageURL,p1_0.Price,p1_0.ProductName,p1_0.Status,od1_0.quantity,od1_0.TotalAmount from OrderDetail od1_0 left join product p1_0 on p1_0.ProductID=od1_0.ProductID left join category c1_0 on c1_0.CategoryID=p1_0.CategoryID where od1_0.OrderID=?
2026-04-28T09:56:09.193+07:00 DEBUG 8304 --- [ProjWEB] [nio-8081-exec-9] org.hibernate.SQL                        : select od1_0.OrderID,od1_0.orderDetailID,od1_0.price,p1_0.ProductID,p1_0.CategoryID,c1_0.CategoryID,c1_0.CategoryName,c1_0.Description,c1_0.Status,p1_0.Description,p1_0.ImageURL,p1_0.Price,p1_0.ProductName,p1_0.Status,od1_0.quantity,od1_0.TotalAmount from OrderDetail od1_0 left join product p1_0 on p1_0.ProductID=od1_0.ProductID left join category c1_0 on c1_0.CategoryID=p1_0.CategoryID where od1_0.OrderID=?
Hibernate: select od1_0.OrderID,od1_0.orderDetailID,od1_0.price,p1_0.ProductID,p1_0.CategoryID,c1_0.CategoryID,c1_0.CategoryName,c1_0.Description,c1_0.Status,p1_0.Description,p1_0.ImageURL,p1_0.Price,p1_0.ProductName,p1_0.Status,od1_0.quantity,od1_0.TotalAmount from OrderDetail od1_0 left join product p1_0 on p1_0.ProductID=od1_0.ProductID left join category c1_0 on c1_0.CategoryID=p1_0.CategoryID where od1_0.OrderID=?
2026-04-28T09:56:09.194+07:00 DEBUG 8304 --- [ProjWEB] [nio-8081-exec-9] org.hibernate.SQL                        : select pd1_0.ProductID,pd1_0.productDetailID,pd1_0.composition,pd1_0.detailDescription,m1_0.materialID,m1_0.composition,m1_0.materialName,m1_0.purity,m1_0.unit,m1_0.weight,pd1_0.referenceWeight,pd1_0.stockQuantity from ProductDetail pd1_0 left join Material m1_0 on m1_0.materialID=pd1_0.MaterialID where pd1_0.ProductID=?
Hibernate: select pd1_0.ProductID,pd1_0.productDetailID,pd1_0.composition,pd1_0.detailDescription,m1_0.materialID,m1_0.composition,m1_0.materialName,m1_0.purity,m1_0.unit,m1_0.weight,pd1_0.referenceWeight,pd1_0.stockQuantity from ProductDetail pd1_0 left join Material m1_0 on m1_0.materialID=pd1_0.MaterialID where pd1_0.ProductID=?
2026-04-28T09:56:09.195+07:00 DEBUG 8304 --- [ProjWEB] [nio-8081-exec-9] org.hibernate.SQL                        : select od1_0.OrderID,od1_0.orderDetailID,od1_0.price,p1_0.ProductID,p1_0.CategoryID,c1_0.CategoryID,c1_0.CategoryName,c1_0.Description,c1_0.Status,p1_0.Description,p1_0.ImageURL,p1_0.Price,p1_0.ProductName,p1_0.Status,od1_0.quantity,od1_0.TotalAmount from OrderDetail od1_0 left join product p1_0 on p1_0.ProductID=od1_0.ProductID left join category c1_0 on c1_0.CategoryID=p1_0.CategoryID where od1_0.OrderID=?
Hibernate: select od1_0.OrderID,od1_0.orderDetailID,od1_0.price,p1_0.ProductID,p1_0.CategoryID,c1_0.CategoryID,c1_0.CategoryName,c1_0.Description,c1_0.Status,p1_0.Description,p1_0.ImageURL,p1_0.Price,p1_0.ProductName,p1_0.Status,od1_0.quantity,od1_0.TotalAmount from OrderDetail od1_0 left join product p1_0 on p1_0.ProductID=od1_0.ProductID left join category c1_0 on c1_0.CategoryID=p1_0.CategoryID where od1_0.OrderID=?
2026-04-28T09:56:09.197+07:00 DEBUG 8304 --- [ProjWEB] [nio-8081-exec-9] org.hibernate.SQL                        : select od1_0.OrderID,od1_0.orderDetailID,od1_0.price,p1_0.ProductID,p1_0.CategoryID,c1_0.CategoryID,c1_0.CategoryName,c1_0.Description,c1_0.Status,p1_0.Description,p1_0.ImageURL,p1_0.Price,p1_0.ProductName,p1_0.Status,od1_0.quantity,od1_0.TotalAmount from OrderDetail od1_0 left join product p1_0 on p1_0.ProductID=od1_0.ProductID left join category c1_0 on c1_0.CategoryID=p1_0.CategoryID where od1_0.OrderID=?
Hibernate: select od1_0.OrderID,od1_0.orderDetailID,od1_0.price,p1_0.ProductID,p1_0.CategoryID,c1_0.CategoryID,c1_0.CategoryName,c1_0.Description,c1_0.Status,p1_0.Description,p1_0.ImageURL,p1_0.Price,p1_0.ProductName,p1_0.Status,od1_0.quantity,od1_0.TotalAmount from OrderDetail od1_0 left join product p1_0 on p1_0.ProductID=od1_0.ProductID left join category c1_0 on c1_0.CategoryID=p1_0.CategoryID where od1_0.OrderID=?
2026-04-28T09:56:09.198+07:00 DEBUG 8304 --- [ProjWEB] [nio-8081-exec-9] org.hibernate.SQL                        : select od1_0.OrderID,od1_0.orderDetailID,od1_0.price,p1_0.ProductID,p1_0.CategoryID,c1_0.CategoryID,c1_0.CategoryName,c1_0.Description,c1_0.Status,p1_0.Description,p1_0.ImageURL,p1_0.Price,p1_0.ProductName,p1_0.Status,od1_0.quantity,od1_0.TotalAmount from OrderDetail od1_0 left join product p1_0 on p1_0.ProductID=od1_0.ProductID left join category c1_0 on c1_0.CategoryID=p1_0.CategoryID where od1_0.OrderID=?
Hibernate: select od1_0.OrderID,od1_0.orderDetailID,od1_0.price,p1_0.ProductID,p1_0.CategoryID,c1_0.CategoryID,c1_0.CategoryName,c1_0.Description,c1_0.Status,p1_0.Description,p1_0.ImageURL,p1_0.Price,p1_0.ProductName,p1_0.Status,od1_0.quantity,od1_0.TotalAmount from OrderDetail od1_0 left join product p1_0 on p1_0.ProductID=od1_0.ProductID left join category c1_0 on c1_0.CategoryID=p1_0.CategoryID where od1_0.OrderID=?
2026-04-28T09:56:09.200+07:00 DEBUG 8304 --- [ProjWEB] [nio-8081-exec-9] org.hibernate.SQL                        : select od1_0.OrderID,od1_0.orderDetailID,od1_0.price,p1_0.ProductID,p1_0.CategoryID,c1_0.CategoryID,c1_0.CategoryName,c1_0.Description,c1_0.Status,p1_0.Description,p1_0.ImageURL,p1_0.Price,p1_0.ProductName,p1_0.Status,od1_0.quantity,od1_0.TotalAmount from OrderDetail od1_0 left join product p1_0 on p1_0.ProductID=od1_0.ProductID left join category c1_0 on c1_0.CategoryID=p1_0.CategoryID where od1_0.OrderID=?
Hibernate: select od1_0.OrderID,od1_0.orderDetailID,od1_0.price,p1_0.ProductID,p1_0.CategoryID,c1_0.CategoryID,c1_0.CategoryName,c1_0.Description,c1_0.Status,p1_0.Description,p1_0.ImageURL,p1_0.Price,p1_0.ProductName,p1_0.Status,od1_0.quantity,od1_0.TotalAmount from OrderDetail od1_0 left join product p1_0 on p1_0.ProductID=od1_0.ProductID left join category c1_0 on c1_0.CategoryID=p1_0.CategoryID where od1_0.OrderID=?
2026-04-28T09:56:09.202+07:00 DEBUG 8304 --- [ProjWEB] [nio-8081-exec-9] o.s.w.s.m.m.a.HttpEntityMethodProcessor  : Using 'application/json', given [application/json, text/plain, */*] and supported [application/json, application/*+json]
2026-04-28T09:56:09.202+07:00 DEBUG 8304 --- [ProjWEB] [nio-8081-exec-9] o.s.w.s.m.m.a.HttpEntityMethodProcessor  : Writing [com.jewellery.ProjWEB.admin.order.model.response.OrderResponse$Payload@3adb866b]
2026-04-28T09:56:09.203+07:00 DEBUG 8304 --- [ProjWEB] [nio-8081-exec-9] o.s.web.servlet.DispatcherServlet        : Completed 200 OK
2026-04-28T09:56:11.407+07:00 DEBUG 8304 --- [ProjWEB] [nio-8081-exec-6] org.hibernate.SQL                        : select u1_0.id,u1_0.address,u1_0.created_at,u1_0.email,u1_0.enabled,u1_0.fullName,u1_0.password,u1_0.phoneNumber,u1_0.updated_at,u1_0.username from users u1_0 where u1_0.username=?
Hibernate: select u1_0.id,u1_0.address,u1_0.created_at,u1_0.email,u1_0.enabled,u1_0.fullName,u1_0.password,u1_0.phoneNumber,u1_0.updated_at,u1_0.username from users u1_0 where u1_0.username=?
2026-04-28T09:56:11.421+07:00 DEBUG 8304 --- [ProjWEB] [nio-8081-exec-6] org.hibernate.SQL                        : select r1_0.user_id,r1_1.id,r1_1.name from user_roles r1_0 join roles r1_1 on r1_1.id=r1_0.role_id where r1_0.user_id=?
Hibernate: select r1_0.user_id,r1_1.id,r1_1.name from user_roles r1_0 join roles r1_1 on r1_1.id=r1_0.role_id where r1_0.user_id=?
2026-04-28T09:56:11.424+07:00 DEBUG 8304 --- [ProjWEB] [nio-8081-exec-6] o.s.web.servlet.DispatcherServlet        : GET "/api/admin/users", parameters={}
2026-04-28T09:56:11.424+07:00 DEBUG 8304 --- [ProjWEB] [nio-8081-exec-6] s.w.s.m.m.a.RequestMappingHandlerMapping : Mapped to com.jewellery.ProjWEB.auth.controller.AdminController#getAllUsers()
2026-04-28T09:56:11.425+07:00 DEBUG 8304 --- [ProjWEB] [nio-8081-exec-6] org.hibernate.SQL                        : select distinct u1_0.id,u1_0.address,u1_0.created_at,u1_0.email,u1_0.enabled,u1_0.fullName,u1_0.password,u1_0.phoneNumber,r1_0.user_id,r1_1.id,r1_1.name,u1_0.updated_at,u1_0.username from users u1_0 left join user_roles r1_0 on u1_0.id=r1_0.user_id left join roles r1_1 on r1_1.id=r1_0.role_id
Hibernate: select distinct u1_0.id,u1_0.address,u1_0.created_at,u1_0.email,u1_0.enabled,u1_0.fullName,u1_0.password,u1_0.phoneNumber,r1_0.user_id,r1_1.id,r1_1.name,u1_0.updated_at,u1_0.username from users u1_0 left join user_roles r1_0 on u1_0.id=r1_0.user_id left join roles r1_1 on r1_1.id=r1_0.role_id
2026-04-28T09:56:11.428+07:00 DEBUG 8304 --- [ProjWEB] [nio-8081-exec-6] o.s.w.s.m.m.a.HttpEntityMethodProcessor  : Using 'application/json', given [application/json, text/plain, */*] and supported [application/json, application/*+json]
2026-04-28T09:56:11.428+07:00 DEBUG 8304 --- [ProjWEB] [nio-8081-exec-6] o.s.w.s.m.m.a.HttpEntityMethodProcessor  : Writing [[{createdAt=2026-04-10T22:35:25.581717, roles=[ROLE_ADMIN], address=Bac Ninh, fullName=Tamdz, phoneN (truncated)...]
2026-04-28T09:56:11.429+07:00 DEBUG 8304 --- [ProjWEB] [nio-8081-exec-6] o.s.web.servlet.DispatcherServlet        : Completed 200 OK
2026-04-28T09:56:12.454+07:00 DEBUG 8304 --- [ProjWEB] [nio-8081-exec-8] o.s.web.servlet.DispatcherServlet        : GET "/admin/materials", parameters={}
2026-04-28T09:56:12.455+07:00 DEBUG 8304 --- [ProjWEB] [nio-8081-exec-8] s.w.s.m.m.a.RequestMappingHandlerMapping : Mapped to com.jewellery.ProjWEB.admin.material.controller.MaterialController#materialHomePage()
2026-04-28T09:56:12.457+07:00 DEBUG 8304 --- [ProjWEB] [nio-8081-exec-8] org.hibernate.SQL                        : select me1_0.materialID,me1_0.composition,me1_0.materialName,me1_0.purity,me1_0.unit,me1_0.weight from Material me1_0
Hibernate: select me1_0.materialID,me1_0.composition,me1_0.materialName,me1_0.purity,me1_0.unit,me1_0.weight from Material me1_0
2026-04-28T09:56:12.462+07:00 DEBUG 8304 --- [ProjWEB] [nio-8081-exec-8] o.s.w.s.m.m.a.HttpEntityMethodProcessor  : Using 'application/json', given [application/json, text/plain, */*] and supported [application/json, application/*+json]
2026-04-28T09:56:12.462+07:00 DEBUG 8304 --- [ProjWEB] [nio-8081-exec-8] o.s.w.s.m.m.a.HttpEntityMethodProcessor  : Writing [com.jewellery.ProjWEB.admin.Response.Response$Payload@537c06b3]
2026-04-28T09:56:12.464+07:00 DEBUG 8304 --- [ProjWEB] [nio-8081-exec-8] o.s.web.servlet.DispatcherServlet        : Completed 200 OK
2026-04-28T09:56:36.565+07:00 DEBUG 8304 --- [ProjWEB] [nio-8081-exec-4] o.s.web.servlet.DispatcherServlet        : GET "/admin/orders", parameters={}
2026-04-28T09:56:36.565+07:00 DEBUG 8304 --- [ProjWEB] [nio-8081-exec-4] s.w.s.m.m.a.RequestMappingHandlerMapping : Mapped to com.jewellery.ProjWEB.admin.order.controller.OrderController#orderPage()
2026-04-28T09:56:36.567+07:00 DEBUG 8304 --- [ProjWEB] [nio-8081-exec-1] o.s.web.servlet.DispatcherServlet        : GET "/admin/products", parameters={}
2026-04-28T09:56:36.567+07:00 DEBUG 8304 --- [ProjWEB] [nio-8081-exec-1] s.w.s.m.m.a.RequestMappingHandlerMapping : Mapped to com.jewellery.ProjWEB.admin.product.controller.ProductController#adminPage(ProductRequest)
2026-04-28T09:56:36.568+07:00 DEBUG 8304 --- [ProjWEB] [nio-8081-exec-4] org.hibernate.SQL                        : select oe1_0.orderID,oe1_0.AccountID,oe1_0.OrderDate,oe1_0.OrderStatus,oe1_0.ShippingAddress,oe1_0.TotalAmount from `Order` oe1_0
Hibernate: select oe1_0.orderID,oe1_0.AccountID,oe1_0.OrderDate,oe1_0.OrderStatus,oe1_0.ShippingAddress,oe1_0.TotalAmount from `Order` oe1_0
2026-04-28T09:56:36.569+07:00 DEBUG 8304 --- [ProjWEB] [nio-8081-exec-3] org.hibernate.SQL                        : select u1_0.id,u1_0.address,u1_0.created_at,u1_0.email,u1_0.enabled,u1_0.fullName,u1_0.password,u1_0.phoneNumber,u1_0.updated_at,u1_0.username from users u1_0 where u1_0.username=?
Hibernate: select u1_0.id,u1_0.address,u1_0.created_at,u1_0.email,u1_0.enabled,u1_0.fullName,u1_0.password,u1_0.phoneNumber,u1_0.updated_at,u1_0.username from users u1_0 where u1_0.username=?
2026-04-28T09:56:36.569+07:00 DEBUG 8304 --- [ProjWEB] [nio-8081-exec-4] org.hibernate.SQL                        : select ae1_0.accountID,ae1_0.address,ae1_0.createdAt,ae1_0.fullName,ae1_0.password,ae1_0.phoneNumber,u1_0.id,u1_0.address,u1_0.created_at,u1_0.email,u1_0.enabled,u1_0.fullName,u1_0.password,u1_0.phoneNumber,u1_0.updated_at,u1_0.username,ae1_0.username from Account ae1_0 left join users u1_0 on u1_0.id=ae1_0.user_id where ae1_0.accountID=?
Hibernate: select ae1_0.accountID,ae1_0.address,ae1_0.createdAt,ae1_0.fullName,ae1_0.password,ae1_0.phoneNumber,u1_0.id,u1_0.address,u1_0.created_at,u1_0.email,u1_0.enabled,u1_0.fullName,u1_0.password,u1_0.phoneNumber,u1_0.updated_at,u1_0.username,ae1_0.username from Account ae1_0 left join users u1_0 on u1_0.id=ae1_0.user_id where ae1_0.accountID=?
2026-04-28T09:56:36.570+07:00 DEBUG 8304 --- [ProjWEB] [nio-8081-exec-1] org.hibernate.SQL                        : select pe1_0.ProductID,pe1_0.CategoryID,pe1_0.Description,pe1_0.ImageURL,pe1_0.Price,pe1_0.ProductName,pe1_0.Status from product pe1_0 where 1=1
Hibernate: select pe1_0.ProductID,pe1_0.CategoryID,pe1_0.Description,pe1_0.ImageURL,pe1_0.Price,pe1_0.ProductName,pe1_0.Status from product pe1_0 where 1=1
2026-04-28T09:56:36.571+07:00 DEBUG 8304 --- [ProjWEB] [nio-8081-exec-4] org.hibernate.SQL                        : select ae1_0.accountID,ae1_0.address,ae1_0.createdAt,ae1_0.fullName,ae1_0.password,ae1_0.phoneNumber,u1_0.id,u1_0.address,u1_0.created_at,u1_0.email,u1_0.enabled,u1_0.fullName,u1_0.password,u1_0.phoneNumber,u1_0.updated_at,u1_0.username,ae1_0.username from Account ae1_0 left join users u1_0 on u1_0.id=ae1_0.user_id where ae1_0.accountID=?
2026-04-28T09:56:36.572+07:00 DEBUG 8304 --- [ProjWEB] [nio-8081-exec-1] org.hibernate.SQL                        : select ce1_0.CategoryID,ce1_0.CategoryName,ce1_0.Description,ce1_0.Status from category ce1_0 where ce1_0.CategoryID=?
2026-04-28T09:56:36.572+07:00 DEBUG 8304 --- [ProjWEB] [nio-8081-exec-3] org.hibernate.SQL                        : select r1_0.user_id,r1_1.id,r1_1.name from user_roles r1_0 join roles r1_1 on r1_1.id=r1_0.role_id where r1_0.user_id=?
Hibernate: select r1_0.user_id,r1_1.id,r1_1.name from user_roles r1_0 join roles r1_1 on r1_1.id=r1_0.role_id where r1_0.user_id=?
Hibernate: select ae1_0.accountID,ae1_0.address,ae1_0.createdAt,ae1_0.fullName,ae1_0.password,ae1_0.phoneNumber,u1_0.id,u1_0.address,u1_0.created_at,u1_0.email,u1_0.enabled,u1_0.fullName,u1_0.password,u1_0.phoneNumber,u1_0.updated_at,u1_0.username,ae1_0.username from Account ae1_0 left join users u1_0 on u1_0.id=ae1_0.user_id where ae1_0.accountID=?
Hibernate: select ce1_0.CategoryID,ce1_0.CategoryName,ce1_0.Description,ce1_0.Status from category ce1_0 where ce1_0.CategoryID=?
2026-04-28T09:56:36.574+07:00 DEBUG 8304 --- [ProjWEB] [nio-8081-exec-4] org.hibernate.SQL                        : select ae1_0.accountID,ae1_0.address,ae1_0.createdAt,ae1_0.fullName,ae1_0.password,ae1_0.phoneNumber,u1_0.id,u1_0.address,u1_0.created_at,u1_0.email,u1_0.enabled,u1_0.fullName,u1_0.password,u1_0.phoneNumber,u1_0.updated_at,u1_0.username,ae1_0.username from Account ae1_0 left join users u1_0 on u1_0.id=ae1_0.user_id where ae1_0.accountID=?
Hibernate: select ae1_0.accountID,ae1_0.address,ae1_0.createdAt,ae1_0.fullName,ae1_0.password,ae1_0.phoneNumber,u1_0.id,u1_0.address,u1_0.created_at,u1_0.email,u1_0.enabled,u1_0.fullName,u1_0.password,u1_0.phoneNumber,u1_0.updated_at,u1_0.username,ae1_0.username from Account ae1_0 left join users u1_0 on u1_0.id=ae1_0.user_id where ae1_0.accountID=?
2026-04-28T09:56:36.574+07:00 DEBUG 8304 --- [ProjWEB] [nio-8081-exec-1] org.hibernate.SQL                        : select ce1_0.CategoryID,ce1_0.CategoryName,ce1_0.Description,ce1_0.Status from category ce1_0 where ce1_0.CategoryID=?
Hibernate: select ce1_0.CategoryID,ce1_0.CategoryName,ce1_0.Description,ce1_0.Status from category ce1_0 where ce1_0.CategoryID=?
2026-04-28T09:56:36.577+07:00 DEBUG 8304 --- [ProjWEB] [nio-8081-exec-4] org.hibernate.SQL                        : select ae1_0.accountID,ae1_0.address,ae1_0.createdAt,ae1_0.fullName,ae1_0.password,ae1_0.phoneNumber,u1_0.id,u1_0.address,u1_0.created_at,u1_0.email,u1_0.enabled,u1_0.fullName,u1_0.password,u1_0.phoneNumber,u1_0.updated_at,u1_0.username,ae1_0.username from Account ae1_0 left join users u1_0 on u1_0.id=ae1_0.user_id where ae1_0.accountID=?
Hibernate: select ae1_0.accountID,ae1_0.address,ae1_0.createdAt,ae1_0.fullName,ae1_0.password,ae1_0.phoneNumber,u1_0.id,u1_0.address,u1_0.created_at,u1_0.email,u1_0.enabled,u1_0.fullName,u1_0.password,u1_0.phoneNumber,u1_0.updated_at,u1_0.username,ae1_0.username from Account ae1_0 left join users u1_0 on u1_0.id=ae1_0.user_id where ae1_0.accountID=?
2026-04-28T09:56:36.577+07:00 DEBUG 8304 --- [ProjWEB] [nio-8081-exec-1] org.hibernate.SQL                        : select ce1_0.CategoryID,ce1_0.CategoryName,ce1_0.Description,ce1_0.Status from category ce1_0 where ce1_0.CategoryID=?
Hibernate: select ce1_0.CategoryID,ce1_0.CategoryName,ce1_0.Description,ce1_0.Status from category ce1_0 where ce1_0.CategoryID=?
2026-04-28T09:56:36.578+07:00 DEBUG 8304 --- [ProjWEB] [nio-8081-exec-3] o.s.web.servlet.DispatcherServlet        : GET "/api/admin/users", parameters={}
2026-04-28T09:56:36.578+07:00 DEBUG 8304 --- [ProjWEB] [nio-8081-exec-3] s.w.s.m.m.a.RequestMappingHandlerMapping : Mapped to com.jewellery.ProjWEB.auth.controller.AdminController#getAllUsers()
2026-04-28T09:56:36.579+07:00 DEBUG 8304 --- [ProjWEB] [nio-8081-exec-1] org.hibernate.SQL                        : select ce1_0.CategoryID,ce1_0.CategoryName,ce1_0.Description,ce1_0.Status from category ce1_0 where ce1_0.CategoryID=?
2026-04-28T09:56:36.579+07:00 DEBUG 8304 --- [ProjWEB] [nio-8081-exec-4] org.hibernate.SQL                        : select ae1_0.accountID,ae1_0.address,ae1_0.createdAt,ae1_0.fullName,ae1_0.password,ae1_0.phoneNumber,u1_0.id,u1_0.address,u1_0.created_at,u1_0.email,u1_0.enabled,u1_0.fullName,u1_0.password,u1_0.phoneNumber,u1_0.updated_at,u1_0.username,ae1_0.username from Account ae1_0 left join users u1_0 on u1_0.id=ae1_0.user_id where ae1_0.accountID=?
Hibernate: select ae1_0.accountID,ae1_0.address,ae1_0.createdAt,ae1_0.fullName,ae1_0.password,ae1_0.phoneNumber,u1_0.id,u1_0.address,u1_0.created_at,u1_0.email,u1_0.enabled,u1_0.fullName,u1_0.password,u1_0.phoneNumber,u1_0.updated_at,u1_0.username,ae1_0.username from Account ae1_0 left join users u1_0 on u1_0.id=ae1_0.user_id where ae1_0.accountID=?
Hibernate: select ce1_0.CategoryID,ce1_0.CategoryName,ce1_0.Description,ce1_0.Status from category ce1_0 where ce1_0.CategoryID=?
2026-04-28T09:56:36.579+07:00 DEBUG 8304 --- [ProjWEB] [nio-8081-exec-3] org.hibernate.SQL                        : select distinct u1_0.id,u1_0.address,u1_0.created_at,u1_0.email,u1_0.enabled,u1_0.fullName,u1_0.password,u1_0.phoneNumber,r1_0.user_id,r1_1.id,r1_1.name,u1_0.updated_at,u1_0.username from users u1_0 left join user_roles r1_0 on u1_0.id=r1_0.user_id left join roles r1_1 on r1_1.id=r1_0.role_id
Hibernate: select distinct u1_0.id,u1_0.address,u1_0.created_at,u1_0.email,u1_0.enabled,u1_0.fullName,u1_0.password,u1_0.phoneNumber,r1_0.user_id,r1_1.id,r1_1.name,u1_0.updated_at,u1_0.username from users u1_0 left join user_roles r1_0 on u1_0.id=r1_0.user_id left join roles r1_1 on r1_1.id=r1_0.role_id
2026-04-28T09:56:36.581+07:00 DEBUG 8304 --- [ProjWEB] [nio-8081-exec-1] org.hibernate.SQL                        : select ce1_0.CategoryID,ce1_0.CategoryName,ce1_0.Description,ce1_0.Status from category ce1_0 where ce1_0.CategoryID=?
2026-04-28T09:56:36.581+07:00 DEBUG 8304 --- [ProjWEB] [nio-8081-exec-4] org.hibernate.SQL                        : select ae1_0.accountID,ae1_0.address,ae1_0.createdAt,ae1_0.fullName,ae1_0.password,ae1_0.phoneNumber,u1_0.id,u1_0.address,u1_0.created_at,u1_0.email,u1_0.enabled,u1_0.fullName,u1_0.password,u1_0.phoneNumber,u1_0.updated_at,u1_0.username,ae1_0.username from Account ae1_0 left join users u1_0 on u1_0.id=ae1_0.user_id where ae1_0.accountID=?
Hibernate: select ae1_0.accountID,ae1_0.address,ae1_0.createdAt,ae1_0.fullName,ae1_0.password,ae1_0.phoneNumber,u1_0.id,u1_0.address,u1_0.created_at,u1_0.email,u1_0.enabled,u1_0.fullName,u1_0.password,u1_0.phoneNumber,u1_0.updated_at,u1_0.username,ae1_0.username from Account ae1_0 left join users u1_0 on u1_0.id=ae1_0.user_id where ae1_0.accountID=?
Hibernate: select ce1_0.CategoryID,ce1_0.CategoryName,ce1_0.Description,ce1_0.Status from category ce1_0 where ce1_0.CategoryID=?
2026-04-28T09:56:36.583+07:00 DEBUG 8304 --- [ProjWEB] [nio-8081-exec-1] org.hibernate.SQL                        : select ce1_0.CategoryID,ce1_0.CategoryName,ce1_0.Description,ce1_0.Status from category ce1_0 where ce1_0.CategoryID=?
Hibernate: select ce1_0.CategoryID,ce1_0.CategoryName,ce1_0.Description,ce1_0.Status from category ce1_0 where ce1_0.CategoryID=?
2026-04-28T09:56:36.583+07:00 DEBUG 8304 --- [ProjWEB] [nio-8081-exec-4] org.hibernate.SQL                        : select ae1_0.accountID,ae1_0.address,ae1_0.createdAt,ae1_0.fullName,ae1_0.password,ae1_0.phoneNumber,u1_0.id,u1_0.address,u1_0.created_at,u1_0.email,u1_0.enabled,u1_0.fullName,u1_0.password,u1_0.phoneNumber,u1_0.updated_at,u1_0.username,ae1_0.username from Account ae1_0 left join users u1_0 on u1_0.id=ae1_0.user_id where ae1_0.accountID=?
Hibernate: select ae1_0.accountID,ae1_0.address,ae1_0.createdAt,ae1_0.fullName,ae1_0.password,ae1_0.phoneNumber,u1_0.id,u1_0.address,u1_0.created_at,u1_0.email,u1_0.enabled,u1_0.fullName,u1_0.password,u1_0.phoneNumber,u1_0.updated_at,u1_0.username,ae1_0.username from Account ae1_0 left join users u1_0 on u1_0.id=ae1_0.user_id where ae1_0.accountID=?
2026-04-28T09:56:36.584+07:00 DEBUG 8304 --- [ProjWEB] [nio-8081-exec-3] o.s.w.s.m.m.a.HttpEntityMethodProcessor  : Using 'application/json', given [application/json, text/plain, */*] and supported [application/json, application/*+json]
2026-04-28T09:56:36.585+07:00 DEBUG 8304 --- [ProjWEB] [nio-8081-exec-3] o.s.w.s.m.m.a.HttpEntityMethodProcessor  : Writing [[{createdAt=2026-04-10T22:35:25.581717, roles=[ROLE_ADMIN], address=Bac Ninh, fullName=Tamdz, phoneN (truncated)...]
2026-04-28T09:56:36.586+07:00 DEBUG 8304 --- [ProjWEB] [nio-8081-exec-4] org.hibernate.SQL                        : select ae1_0.accountID,ae1_0.address,ae1_0.createdAt,ae1_0.fullName,ae1_0.password,ae1_0.phoneNumber,u1_0.id,u1_0.address,u1_0.created_at,u1_0.email,u1_0.enabled,u1_0.fullName,u1_0.password,u1_0.phoneNumber,u1_0.updated_at,u1_0.username,ae1_0.username from Account ae1_0 left join users u1_0 on u1_0.id=ae1_0.user_id where ae1_0.accountID=?
Hibernate: select ae1_0.accountID,ae1_0.address,ae1_0.createdAt,ae1_0.fullName,ae1_0.password,ae1_0.phoneNumber,u1_0.id,u1_0.address,u1_0.created_at,u1_0.email,u1_0.enabled,u1_0.fullName,u1_0.password,u1_0.phoneNumber,u1_0.updated_at,u1_0.username,ae1_0.username from Account ae1_0 left join users u1_0 on u1_0.id=ae1_0.user_id where ae1_0.accountID=?
2026-04-28T09:56:36.586+07:00 DEBUG 8304 --- [ProjWEB] [nio-8081-exec-3] o.s.web.servlet.DispatcherServlet        : Completed 200 OK
2026-04-28T09:56:36.588+07:00 DEBUG 8304 --- [ProjWEB] [nio-8081-exec-1] o.s.w.s.m.m.a.HttpEntityMethodProcessor  : Using 'application/json', given [application/json, text/plain, */*] and supported [application/json, application/*+json]
2026-04-28T09:56:36.588+07:00 DEBUG 8304 --- [ProjWEB] [nio-8081-exec-1] o.s.w.s.m.m.a.HttpEntityMethodProcessor  : Writing [com.jewellery.ProjWEB.admin.product.model.response.ProductResponse$Payload@3ec2269d]
2026-04-28T09:56:36.588+07:00 DEBUG 8304 --- [ProjWEB] [nio-8081-exec-4] org.hibernate.SQL                        : select ae1_0.accountID,ae1_0.address,ae1_0.createdAt,ae1_0.fullName,ae1_0.password,ae1_0.phoneNumber,u1_0.id,u1_0.address,u1_0.created_at,u1_0.email,u1_0.enabled,u1_0.fullName,u1_0.password,u1_0.phoneNumber,u1_0.updated_at,u1_0.username,ae1_0.username from Account ae1_0 left join users u1_0 on u1_0.id=ae1_0.user_id where ae1_0.accountID=?
Hibernate: select ae1_0.accountID,ae1_0.address,ae1_0.createdAt,ae1_0.fullName,ae1_0.password,ae1_0.phoneNumber,u1_0.id,u1_0.address,u1_0.created_at,u1_0.email,u1_0.enabled,u1_0.fullName,u1_0.password,u1_0.phoneNumber,u1_0.updated_at,u1_0.username,ae1_0.username from Account ae1_0 left join users u1_0 on u1_0.id=ae1_0.user_id where ae1_0.accountID=?
2026-04-28T09:56:36.589+07:00 DEBUG 8304 --- [ProjWEB] [nio-8081-exec-1] o.s.web.servlet.DispatcherServlet        : Completed 200 OK
2026-04-28T09:56:36.590+07:00 DEBUG 8304 --- [ProjWEB] [nio-8081-exec-4] org.hibernate.SQL                        : select ae1_0.accountID,ae1_0.address,ae1_0.createdAt,ae1_0.fullName,ae1_0.password,ae1_0.phoneNumber,u1_0.id,u1_0.address,u1_0.created_at,u1_0.email,u1_0.enabled,u1_0.fullName,u1_0.password,u1_0.phoneNumber,u1_0.updated_at,u1_0.username,ae1_0.username from Account ae1_0 left join users u1_0 on u1_0.id=ae1_0.user_id where ae1_0.accountID=?
Hibernate: select ae1_0.accountID,ae1_0.address,ae1_0.createdAt,ae1_0.fullName,ae1_0.password,ae1_0.phoneNumber,u1_0.id,u1_0.address,u1_0.created_at,u1_0.email,u1_0.enabled,u1_0.fullName,u1_0.password,u1_0.phoneNumber,u1_0.updated_at,u1_0.username,ae1_0.username from Account ae1_0 left join users u1_0 on u1_0.id=ae1_0.user_id where ae1_0.accountID=?
2026-04-28T09:56:36.592+07:00 DEBUG 8304 --- [ProjWEB] [nio-8081-exec-4] org.hibernate.SQL                        : select ae1_0.accountID,ae1_0.address,ae1_0.createdAt,ae1_0.fullName,ae1_0.password,ae1_0.phoneNumber,u1_0.id,u1_0.address,u1_0.created_at,u1_0.email,u1_0.enabled,u1_0.fullName,u1_0.password,u1_0.phoneNumber,u1_0.updated_at,u1_0.username,ae1_0.username from Account ae1_0 left join users u1_0 on u1_0.id=ae1_0.user_id where ae1_0.accountID=?
Hibernate: select ae1_0.accountID,ae1_0.address,ae1_0.createdAt,ae1_0.fullName,ae1_0.password,ae1_0.phoneNumber,u1_0.id,u1_0.address,u1_0.created_at,u1_0.email,u1_0.enabled,u1_0.fullName,u1_0.password,u1_0.phoneNumber,u1_0.updated_at,u1_0.username,ae1_0.username from Account ae1_0 left join users u1_0 on u1_0.id=ae1_0.user_id where ae1_0.accountID=?
2026-04-28T09:56:36.594+07:00 DEBUG 8304 --- [ProjWEB] [nio-8081-exec-4] org.hibernate.SQL                        : select ae1_0.accountID,ae1_0.address,ae1_0.createdAt,ae1_0.fullName,ae1_0.password,ae1_0.phoneNumber,u1_0.id,u1_0.address,u1_0.created_at,u1_0.email,u1_0.enabled,u1_0.fullName,u1_0.password,u1_0.phoneNumber,u1_0.updated_at,u1_0.username,ae1_0.username from Account ae1_0 left join users u1_0 on u1_0.id=ae1_0.user_id where ae1_0.accountID=?
Hibernate: select ae1_0.accountID,ae1_0.address,ae1_0.createdAt,ae1_0.fullName,ae1_0.password,ae1_0.phoneNumber,u1_0.id,u1_0.address,u1_0.created_at,u1_0.email,u1_0.enabled,u1_0.fullName,u1_0.password,u1_0.phoneNumber,u1_0.updated_at,u1_0.username,ae1_0.username from Account ae1_0 left join users u1_0 on u1_0.id=ae1_0.user_id where ae1_0.accountID=?
2026-04-28T09:56:36.597+07:00 DEBUG 8304 --- [ProjWEB] [nio-8081-exec-4] org.hibernate.SQL                        : select od1_0.OrderID,od1_0.orderDetailID,od1_0.price,p1_0.ProductID,p1_0.CategoryID,c1_0.CategoryID,c1_0.CategoryName,c1_0.Description,c1_0.Status,p1_0.Description,p1_0.ImageURL,p1_0.Price,p1_0.ProductName,p1_0.Status,od1_0.quantity,od1_0.TotalAmount from OrderDetail od1_0 left join product p1_0 on p1_0.ProductID=od1_0.ProductID left join category c1_0 on c1_0.CategoryID=p1_0.CategoryID where od1_0.OrderID=?
Hibernate: select od1_0.OrderID,od1_0.orderDetailID,od1_0.price,p1_0.ProductID,p1_0.CategoryID,c1_0.CategoryID,c1_0.CategoryName,c1_0.Description,c1_0.Status,p1_0.Description,p1_0.ImageURL,p1_0.Price,p1_0.ProductName,p1_0.Status,od1_0.quantity,od1_0.TotalAmount from OrderDetail od1_0 left join product p1_0 on p1_0.ProductID=od1_0.ProductID left join category c1_0 on c1_0.CategoryID=p1_0.CategoryID where od1_0.OrderID=?
2026-04-28T09:56:36.599+07:00 DEBUG 8304 --- [ProjWEB] [nio-8081-exec-4] org.hibernate.SQL                        : select od1_0.OrderID,od1_0.orderDetailID,od1_0.price,p1_0.ProductID,p1_0.CategoryID,c1_0.CategoryID,c1_0.CategoryName,c1_0.Description,c1_0.Status,p1_0.Description,p1_0.ImageURL,p1_0.Price,p1_0.ProductName,p1_0.Status,od1_0.quantity,od1_0.TotalAmount from OrderDetail od1_0 left join product p1_0 on p1_0.ProductID=od1_0.ProductID left join category c1_0 on c1_0.CategoryID=p1_0.CategoryID where od1_0.OrderID=?
Hibernate: select od1_0.OrderID,od1_0.orderDetailID,od1_0.price,p1_0.ProductID,p1_0.CategoryID,c1_0.CategoryID,c1_0.CategoryName,c1_0.Description,c1_0.Status,p1_0.Description,p1_0.ImageURL,p1_0.Price,p1_0.ProductName,p1_0.Status,od1_0.quantity,od1_0.TotalAmount from OrderDetail od1_0 left join product p1_0 on p1_0.ProductID=od1_0.ProductID left join category c1_0 on c1_0.CategoryID=p1_0.CategoryID where od1_0.OrderID=?
2026-04-28T09:56:36.601+07:00 DEBUG 8304 --- [ProjWEB] [nio-8081-exec-4] org.hibernate.SQL                        : select pd1_0.ProductID,pd1_0.productDetailID,pd1_0.composition,pd1_0.detailDescription,m1_0.materialID,m1_0.composition,m1_0.materialName,m1_0.purity,m1_0.unit,m1_0.weight,pd1_0.referenceWeight,pd1_0.stockQuantity from ProductDetail pd1_0 left join Material m1_0 on m1_0.materialID=pd1_0.MaterialID where pd1_0.ProductID=?
Hibernate: select pd1_0.ProductID,pd1_0.productDetailID,pd1_0.composition,pd1_0.detailDescription,m1_0.materialID,m1_0.composition,m1_0.materialName,m1_0.purity,m1_0.unit,m1_0.weight,pd1_0.referenceWeight,pd1_0.stockQuantity from ProductDetail pd1_0 left join Material m1_0 on m1_0.materialID=pd1_0.MaterialID where pd1_0.ProductID=?
2026-04-28T09:56:36.603+07:00 DEBUG 8304 --- [ProjWEB] [nio-8081-exec-4] org.hibernate.SQL                        : select od1_0.OrderID,od1_0.orderDetailID,od1_0.price,p1_0.ProductID,p1_0.CategoryID,c1_0.CategoryID,c1_0.CategoryName,c1_0.Description,c1_0.Status,p1_0.Description,p1_0.ImageURL,p1_0.Price,p1_0.ProductName,p1_0.Status,od1_0.quantity,od1_0.TotalAmount from OrderDetail od1_0 left join product p1_0 on p1_0.ProductID=od1_0.ProductID left join category c1_0 on c1_0.CategoryID=p1_0.CategoryID where od1_0.OrderID=?
Hibernate: select od1_0.OrderID,od1_0.orderDetailID,od1_0.price,p1_0.ProductID,p1_0.CategoryID,c1_0.CategoryID,c1_0.CategoryName,c1_0.Description,c1_0.Status,p1_0.Description,p1_0.ImageURL,p1_0.Price,p1_0.ProductName,p1_0.Status,od1_0.quantity,od1_0.TotalAmount from OrderDetail od1_0 left join product p1_0 on p1_0.ProductID=od1_0.ProductID left join category c1_0 on c1_0.CategoryID=p1_0.CategoryID where od1_0.OrderID=?
2026-04-28T09:56:36.604+07:00 DEBUG 8304 --- [ProjWEB] [nio-8081-exec-4] org.hibernate.SQL                        : select pd1_0.ProductID,pd1_0.productDetailID,pd1_0.composition,pd1_0.detailDescription,m1_0.materialID,m1_0.composition,m1_0.materialName,m1_0.purity,m1_0.unit,m1_0.weight,pd1_0.referenceWeight,pd1_0.stockQuantity from ProductDetail pd1_0 left join Material m1_0 on m1_0.materialID=pd1_0.MaterialID where pd1_0.ProductID=?
Hibernate: select pd1_0.ProductID,pd1_0.productDetailID,pd1_0.composition,pd1_0.detailDescription,m1_0.materialID,m1_0.composition,m1_0.materialName,m1_0.purity,m1_0.unit,m1_0.weight,pd1_0.referenceWeight,pd1_0.stockQuantity from ProductDetail pd1_0 left join Material m1_0 on m1_0.materialID=pd1_0.MaterialID where pd1_0.ProductID=?
2026-04-28T09:56:36.605+07:00 DEBUG 8304 --- [ProjWEB] [nio-8081-exec-4] org.hibernate.SQL                        : select od1_0.OrderID,od1_0.orderDetailID,od1_0.price,p1_0.ProductID,p1_0.CategoryID,c1_0.CategoryID,c1_0.CategoryName,c1_0.Description,c1_0.Status,p1_0.Description,p1_0.ImageURL,p1_0.Price,p1_0.ProductName,p1_0.Status,od1_0.quantity,od1_0.TotalAmount from OrderDetail od1_0 left join product p1_0 on p1_0.ProductID=od1_0.ProductID left join category c1_0 on c1_0.CategoryID=p1_0.CategoryID where od1_0.OrderID=?
Hibernate: select od1_0.OrderID,od1_0.orderDetailID,od1_0.price,p1_0.ProductID,p1_0.CategoryID,c1_0.CategoryID,c1_0.CategoryName,c1_0.Description,c1_0.Status,p1_0.Description,p1_0.ImageURL,p1_0.Price,p1_0.ProductName,p1_0.Status,od1_0.quantity,od1_0.TotalAmount from OrderDetail od1_0 left join product p1_0 on p1_0.ProductID=od1_0.ProductID left join category c1_0 on c1_0.CategoryID=p1_0.CategoryID where od1_0.OrderID=?
2026-04-28T09:56:36.607+07:00 DEBUG 8304 --- [ProjWEB] [nio-8081-exec-4] org.hibernate.SQL                        : select pd1_0.ProductID,pd1_0.productDetailID,pd1_0.composition,pd1_0.detailDescription,m1_0.materialID,m1_0.composition,m1_0.materialName,m1_0.purity,m1_0.unit,m1_0.weight,pd1_0.referenceWeight,pd1_0.stockQuantity from ProductDetail pd1_0 left join Material m1_0 on m1_0.materialID=pd1_0.MaterialID where pd1_0.ProductID=?
Hibernate: select pd1_0.ProductID,pd1_0.productDetailID,pd1_0.composition,pd1_0.detailDescription,m1_0.materialID,m1_0.composition,m1_0.materialName,m1_0.purity,m1_0.unit,m1_0.weight,pd1_0.referenceWeight,pd1_0.stockQuantity from ProductDetail pd1_0 left join Material m1_0 on m1_0.materialID=pd1_0.MaterialID where pd1_0.ProductID=?
2026-04-28T09:56:36.608+07:00 DEBUG 8304 --- [ProjWEB] [nio-8081-exec-4] org.hibernate.SQL                        : select od1_0.OrderID,od1_0.orderDetailID,od1_0.price,p1_0.ProductID,p1_0.CategoryID,c1_0.CategoryID,c1_0.CategoryName,c1_0.Description,c1_0.Status,p1_0.Description,p1_0.ImageURL,p1_0.Price,p1_0.ProductName,p1_0.Status,od1_0.quantity,od1_0.TotalAmount from OrderDetail od1_0 left join product p1_0 on p1_0.ProductID=od1_0.ProductID left join category c1_0 on c1_0.CategoryID=p1_0.CategoryID where od1_0.OrderID=?
Hibernate: select od1_0.OrderID,od1_0.orderDetailID,od1_0.price,p1_0.ProductID,p1_0.CategoryID,c1_0.CategoryID,c1_0.CategoryName,c1_0.Description,c1_0.Status,p1_0.Description,p1_0.ImageURL,p1_0.Price,p1_0.ProductName,p1_0.Status,od1_0.quantity,od1_0.TotalAmount from OrderDetail od1_0 left join product p1_0 on p1_0.ProductID=od1_0.ProductID left join category c1_0 on c1_0.CategoryID=p1_0.CategoryID where od1_0.OrderID=?
2026-04-28T09:56:36.609+07:00 DEBUG 8304 --- [ProjWEB] [nio-8081-exec-4] org.hibernate.SQL                        : select pd1_0.ProductID,pd1_0.productDetailID,pd1_0.composition,pd1_0.detailDescription,m1_0.materialID,m1_0.composition,m1_0.materialName,m1_0.purity,m1_0.unit,m1_0.weight,pd1_0.referenceWeight,pd1_0.stockQuantity from ProductDetail pd1_0 left join Material m1_0 on m1_0.materialID=pd1_0.MaterialID where pd1_0.ProductID=?
Hibernate: select pd1_0.ProductID,pd1_0.productDetailID,pd1_0.composition,pd1_0.detailDescription,m1_0.materialID,m1_0.composition,m1_0.materialName,m1_0.purity,m1_0.unit,m1_0.weight,pd1_0.referenceWeight,pd1_0.stockQuantity from ProductDetail pd1_0 left join Material m1_0 on m1_0.materialID=pd1_0.MaterialID where pd1_0.ProductID=?
2026-04-28T09:56:36.610+07:00 DEBUG 8304 --- [ProjWEB] [nio-8081-exec-4] org.hibernate.SQL                        : select od1_0.OrderID,od1_0.orderDetailID,od1_0.price,p1_0.ProductID,p1_0.CategoryID,c1_0.CategoryID,c1_0.CategoryName,c1_0.Description,c1_0.Status,p1_0.Description,p1_0.ImageURL,p1_0.Price,p1_0.ProductName,p1_0.Status,od1_0.quantity,od1_0.TotalAmount from OrderDetail od1_0 left join product p1_0 on p1_0.ProductID=od1_0.ProductID left join category c1_0 on c1_0.CategoryID=p1_0.CategoryID where od1_0.OrderID=?
Hibernate: select od1_0.OrderID,od1_0.orderDetailID,od1_0.price,p1_0.ProductID,p1_0.CategoryID,c1_0.CategoryID,c1_0.CategoryName,c1_0.Description,c1_0.Status,p1_0.Description,p1_0.ImageURL,p1_0.Price,p1_0.ProductName,p1_0.Status,od1_0.quantity,od1_0.TotalAmount from OrderDetail od1_0 left join product p1_0 on p1_0.ProductID=od1_0.ProductID left join category c1_0 on c1_0.CategoryID=p1_0.CategoryID where od1_0.OrderID=?
2026-04-28T09:56:36.611+07:00 DEBUG 8304 --- [ProjWEB] [nio-8081-exec-4] org.hibernate.SQL                        : select pd1_0.ProductID,pd1_0.productDetailID,pd1_0.composition,pd1_0.detailDescription,m1_0.materialID,m1_0.composition,m1_0.materialName,m1_0.purity,m1_0.unit,m1_0.weight,pd1_0.referenceWeight,pd1_0.stockQuantity from ProductDetail pd1_0 left join Material m1_0 on m1_0.materialID=pd1_0.MaterialID where pd1_0.ProductID=?
Hibernate: select pd1_0.ProductID,pd1_0.productDetailID,pd1_0.composition,pd1_0.detailDescription,m1_0.materialID,m1_0.composition,m1_0.materialName,m1_0.purity,m1_0.unit,m1_0.weight,pd1_0.referenceWeight,pd1_0.stockQuantity from ProductDetail pd1_0 left join Material m1_0 on m1_0.materialID=pd1_0.MaterialID where pd1_0.ProductID=?
2026-04-28T09:56:36.612+07:00 DEBUG 8304 --- [ProjWEB] [nio-8081-exec-4] org.hibernate.SQL                        : select od1_0.OrderID,od1_0.orderDetailID,od1_0.price,p1_0.ProductID,p1_0.CategoryID,c1_0.CategoryID,c1_0.CategoryName,c1_0.Description,c1_0.Status,p1_0.Description,p1_0.ImageURL,p1_0.Price,p1_0.ProductName,p1_0.Status,od1_0.quantity,od1_0.TotalAmount from OrderDetail od1_0 left join product p1_0 on p1_0.ProductID=od1_0.ProductID left join category c1_0 on c1_0.CategoryID=p1_0.CategoryID where od1_0.OrderID=?
Hibernate: select od1_0.OrderID,od1_0.orderDetailID,od1_0.price,p1_0.ProductID,p1_0.CategoryID,c1_0.CategoryID,c1_0.CategoryName,c1_0.Description,c1_0.Status,p1_0.Description,p1_0.ImageURL,p1_0.Price,p1_0.ProductName,p1_0.Status,od1_0.quantity,od1_0.TotalAmount from OrderDetail od1_0 left join product p1_0 on p1_0.ProductID=od1_0.ProductID left join category c1_0 on c1_0.CategoryID=p1_0.CategoryID where od1_0.OrderID=?
2026-04-28T09:56:36.614+07:00 DEBUG 8304 --- [ProjWEB] [nio-8081-exec-4] org.hibernate.SQL                        : select od1_0.OrderID,od1_0.orderDetailID,od1_0.price,p1_0.ProductID,p1_0.CategoryID,c1_0.CategoryID,c1_0.CategoryName,c1_0.Description,c1_0.Status,p1_0.Description,p1_0.ImageURL,p1_0.Price,p1_0.ProductName,p1_0.Status,od1_0.quantity,od1_0.TotalAmount from OrderDetail od1_0 left join product p1_0 on p1_0.ProductID=od1_0.ProductID left join category c1_0 on c1_0.CategoryID=p1_0.CategoryID where od1_0.OrderID=?
Hibernate: select od1_0.OrderID,od1_0.orderDetailID,od1_0.price,p1_0.ProductID,p1_0.CategoryID,c1_0.CategoryID,c1_0.CategoryName,c1_0.Description,c1_0.Status,p1_0.Description,p1_0.ImageURL,p1_0.Price,p1_0.ProductName,p1_0.Status,od1_0.quantity,od1_0.TotalAmount from OrderDetail od1_0 left join product p1_0 on p1_0.ProductID=od1_0.ProductID left join category c1_0 on c1_0.CategoryID=p1_0.CategoryID where od1_0.OrderID=?
2026-04-28T09:56:36.615+07:00 DEBUG 8304 --- [ProjWEB] [nio-8081-exec-4] org.hibernate.SQL                        : select od1_0.OrderID,od1_0.orderDetailID,od1_0.price,p1_0.ProductID,p1_0.CategoryID,c1_0.CategoryID,c1_0.CategoryName,c1_0.Description,c1_0.Status,p1_0.Description,p1_0.ImageURL,p1_0.Price,p1_0.ProductName,p1_0.Status,od1_0.quantity,od1_0.TotalAmount from OrderDetail od1_0 left join product p1_0 on p1_0.ProductID=od1_0.ProductID left join category c1_0 on c1_0.CategoryID=p1_0.CategoryID where od1_0.OrderID=?
Hibernate: select od1_0.OrderID,od1_0.orderDetailID,od1_0.price,p1_0.ProductID,p1_0.CategoryID,c1_0.CategoryID,c1_0.CategoryName,c1_0.Description,c1_0.Status,p1_0.Description,p1_0.ImageURL,p1_0.Price,p1_0.ProductName,p1_0.Status,od1_0.quantity,od1_0.TotalAmount from OrderDetail od1_0 left join product p1_0 on p1_0.ProductID=od1_0.ProductID left join category c1_0 on c1_0.CategoryID=p1_0.CategoryID where od1_0.OrderID=?
2026-04-28T09:56:36.616+07:00 DEBUG 8304 --- [ProjWEB] [nio-8081-exec-4] org.hibernate.SQL                        : select pd1_0.ProductID,pd1_0.productDetailID,pd1_0.composition,pd1_0.detailDescription,m1_0.materialID,m1_0.composition,m1_0.materialName,m1_0.purity,m1_0.unit,m1_0.weight,pd1_0.referenceWeight,pd1_0.stockQuantity from ProductDetail pd1_0 left join Material m1_0 on m1_0.materialID=pd1_0.MaterialID where pd1_0.ProductID=?
Hibernate: select pd1_0.ProductID,pd1_0.productDetailID,pd1_0.composition,pd1_0.detailDescription,m1_0.materialID,m1_0.composition,m1_0.materialName,m1_0.purity,m1_0.unit,m1_0.weight,pd1_0.referenceWeight,pd1_0.stockQuantity from ProductDetail pd1_0 left join Material m1_0 on m1_0.materialID=pd1_0.MaterialID where pd1_0.ProductID=?
2026-04-28T09:56:36.618+07:00 DEBUG 8304 --- [ProjWEB] [nio-8081-exec-4] org.hibernate.SQL                        : select od1_0.OrderID,od1_0.orderDetailID,od1_0.price,p1_0.ProductID,p1_0.CategoryID,c1_0.CategoryID,c1_0.CategoryName,c1_0.Description,c1_0.Status,p1_0.Description,p1_0.ImageURL,p1_0.Price,p1_0.ProductName,p1_0.Status,od1_0.quantity,od1_0.TotalAmount from OrderDetail od1_0 left join product p1_0 on p1_0.ProductID=od1_0.ProductID left join category c1_0 on c1_0.CategoryID=p1_0.CategoryID where od1_0.OrderID=?
Hibernate: select od1_0.OrderID,od1_0.orderDetailID,od1_0.price,p1_0.ProductID,p1_0.CategoryID,c1_0.CategoryID,c1_0.CategoryName,c1_0.Description,c1_0.Status,p1_0.Description,p1_0.ImageURL,p1_0.Price,p1_0.ProductName,p1_0.Status,od1_0.quantity,od1_0.TotalAmount from OrderDetail od1_0 left join product p1_0 on p1_0.ProductID=od1_0.ProductID left join category c1_0 on c1_0.CategoryID=p1_0.CategoryID where od1_0.OrderID=?
2026-04-28T09:56:36.619+07:00 DEBUG 8304 --- [ProjWEB] [nio-8081-exec-4] org.hibernate.SQL                        : select od1_0.OrderID,od1_0.orderDetailID,od1_0.price,p1_0.ProductID,p1_0.CategoryID,c1_0.CategoryID,c1_0.CategoryName,c1_0.Description,c1_0.Status,p1_0.Description,p1_0.ImageURL,p1_0.Price,p1_0.ProductName,p1_0.Status,od1_0.quantity,od1_0.TotalAmount from OrderDetail od1_0 left join product p1_0 on p1_0.ProductID=od1_0.ProductID left join category c1_0 on c1_0.CategoryID=p1_0.CategoryID where od1_0.OrderID=?
Hibernate: select od1_0.OrderID,od1_0.orderDetailID,od1_0.price,p1_0.ProductID,p1_0.CategoryID,c1_0.CategoryID,c1_0.CategoryName,c1_0.Description,c1_0.Status,p1_0.Description,p1_0.ImageURL,p1_0.Price,p1_0.ProductName,p1_0.Status,od1_0.quantity,od1_0.TotalAmount from OrderDetail od1_0 left join product p1_0 on p1_0.ProductID=od1_0.ProductID left join category c1_0 on c1_0.CategoryID=p1_0.CategoryID where od1_0.OrderID=?
2026-04-28T09:56:36.620+07:00 DEBUG 8304 --- [ProjWEB] [nio-8081-exec-4] org.hibernate.SQL                        : select od1_0.OrderID,od1_0.orderDetailID,od1_0.price,p1_0.ProductID,p1_0.CategoryID,c1_0.CategoryID,c1_0.CategoryName,c1_0.Description,c1_0.Status,p1_0.Description,p1_0.ImageURL,p1_0.Price,p1_0.ProductName,p1_0.Status,od1_0.quantity,od1_0.TotalAmount from OrderDetail od1_0 left join product p1_0 on p1_0.ProductID=od1_0.ProductID left join category c1_0 on c1_0.CategoryID=p1_0.CategoryID where od1_0.OrderID=?
Hibernate: select od1_0.OrderID,od1_0.orderDetailID,od1_0.price,p1_0.ProductID,p1_0.CategoryID,c1_0.CategoryID,c1_0.CategoryName,c1_0.Description,c1_0.Status,p1_0.Description,p1_0.ImageURL,p1_0.Price,p1_0.ProductName,p1_0.Status,od1_0.quantity,od1_0.TotalAmount from OrderDetail od1_0 left join product p1_0 on p1_0.ProductID=od1_0.ProductID left join category c1_0 on c1_0.CategoryID=p1_0.CategoryID where od1_0.OrderID=?
2026-04-28T09:56:36.621+07:00 DEBUG 8304 --- [ProjWEB] [nio-8081-exec-4] org.hibernate.SQL                        : select od1_0.OrderID,od1_0.orderDetailID,od1_0.price,p1_0.ProductID,p1_0.CategoryID,c1_0.CategoryID,c1_0.CategoryName,c1_0.Description,c1_0.Status,p1_0.Description,p1_0.ImageURL,p1_0.Price,p1_0.ProductName,p1_0.Status,od1_0.quantity,od1_0.TotalAmount from OrderDetail od1_0 left join product p1_0 on p1_0.ProductID=od1_0.ProductID left join category c1_0 on c1_0.CategoryID=p1_0.CategoryID where od1_0.OrderID=?
Hibernate: select od1_0.OrderID,od1_0.orderDetailID,od1_0.price,p1_0.ProductID,p1_0.CategoryID,c1_0.CategoryID,c1_0.CategoryName,c1_0.Description,c1_0.Status,p1_0.Description,p1_0.ImageURL,p1_0.Price,p1_0.ProductName,p1_0.Status,od1_0.quantity,od1_0.TotalAmount from OrderDetail od1_0 left join product p1_0 on p1_0.ProductID=od1_0.ProductID left join category c1_0 on c1_0.CategoryID=p1_0.CategoryID where od1_0.OrderID=?
2026-04-28T09:56:36.622+07:00 DEBUG 8304 --- [ProjWEB] [nio-8081-exec-4] org.hibernate.SQL                        : select od1_0.OrderID,od1_0.orderDetailID,od1_0.price,p1_0.ProductID,p1_0.CategoryID,c1_0.CategoryID,c1_0.CategoryName,c1_0.Description,c1_0.Status,p1_0.Description,p1_0.ImageURL,p1_0.Price,p1_0.ProductName,p1_0.Status,od1_0.quantity,od1_0.TotalAmount from OrderDetail od1_0 left join product p1_0 on p1_0.ProductID=od1_0.ProductID left join category c1_0 on c1_0.CategoryID=p1_0.CategoryID where od1_0.OrderID=?
Hibernate: select od1_0.OrderID,od1_0.orderDetailID,od1_0.price,p1_0.ProductID,p1_0.CategoryID,c1_0.CategoryID,c1_0.CategoryName,c1_0.Description,c1_0.Status,p1_0.Description,p1_0.ImageURL,p1_0.Price,p1_0.ProductName,p1_0.Status,od1_0.quantity,od1_0.TotalAmount from OrderDetail od1_0 left join product p1_0 on p1_0.ProductID=od1_0.ProductID left join category c1_0 on c1_0.CategoryID=p1_0.CategoryID where od1_0.OrderID=?
2026-04-28T09:56:36.624+07:00 DEBUG 8304 --- [ProjWEB] [nio-8081-exec-4] org.hibernate.SQL                        : select od1_0.OrderID,od1_0.orderDetailID,od1_0.price,p1_0.ProductID,p1_0.CategoryID,c1_0.CategoryID,c1_0.CategoryName,c1_0.Description,c1_0.Status,p1_0.Description,p1_0.ImageURL,p1_0.Price,p1_0.ProductName,p1_0.Status,od1_0.quantity,od1_0.TotalAmount from OrderDetail od1_0 left join product p1_0 on p1_0.ProductID=od1_0.ProductID left join category c1_0 on c1_0.CategoryID=p1_0.CategoryID where od1_0.OrderID=?
Hibernate: select od1_0.OrderID,od1_0.orderDetailID,od1_0.price,p1_0.ProductID,p1_0.CategoryID,c1_0.CategoryID,c1_0.CategoryName,c1_0.Description,c1_0.Status,p1_0.Description,p1_0.ImageURL,p1_0.Price,p1_0.ProductName,p1_0.Status,od1_0.quantity,od1_0.TotalAmount from OrderDetail od1_0 left join product p1_0 on p1_0.ProductID=od1_0.ProductID left join category c1_0 on c1_0.CategoryID=p1_0.CategoryID where od1_0.OrderID=?
2026-04-28T09:56:36.625+07:00 DEBUG 8304 --- [ProjWEB] [nio-8081-exec-4] org.hibernate.SQL                        : select od1_0.OrderID,od1_0.orderDetailID,od1_0.price,p1_0.ProductID,p1_0.CategoryID,c1_0.CategoryID,c1_0.CategoryName,c1_0.Description,c1_0.Status,p1_0.Description,p1_0.ImageURL,p1_0.Price,p1_0.ProductName,p1_0.Status,od1_0.quantity,od1_0.TotalAmount from OrderDetail od1_0 left join product p1_0 on p1_0.ProductID=od1_0.ProductID left join category c1_0 on c1_0.CategoryID=p1_0.CategoryID where od1_0.OrderID=?
Hibernate: select od1_0.OrderID,od1_0.orderDetailID,od1_0.price,p1_0.ProductID,p1_0.CategoryID,c1_0.CategoryID,c1_0.CategoryName,c1_0.Description,c1_0.Status,p1_0.Description,p1_0.ImageURL,p1_0.Price,p1_0.ProductName,p1_0.Status,od1_0.quantity,od1_0.TotalAmount from OrderDetail od1_0 left join product p1_0 on p1_0.ProductID=od1_0.ProductID left join category c1_0 on c1_0.CategoryID=p1_0.CategoryID where od1_0.OrderID=?
2026-04-28T09:56:36.626+07:00 DEBUG 8304 --- [ProjWEB] [nio-8081-exec-4] org.hibernate.SQL                        : select pd1_0.ProductID,pd1_0.productDetailID,pd1_0.composition,pd1_0.detailDescription,m1_0.materialID,m1_0.composition,m1_0.materialName,m1_0.purity,m1_0.unit,m1_0.weight,pd1_0.referenceWeight,pd1_0.stockQuantity from ProductDetail pd1_0 left join Material m1_0 on m1_0.materialID=pd1_0.MaterialID where pd1_0.ProductID=?
Hibernate: select pd1_0.ProductID,pd1_0.productDetailID,pd1_0.composition,pd1_0.detailDescription,m1_0.materialID,m1_0.composition,m1_0.materialName,m1_0.purity,m1_0.unit,m1_0.weight,pd1_0.referenceWeight,pd1_0.stockQuantity from ProductDetail pd1_0 left join Material m1_0 on m1_0.materialID=pd1_0.MaterialID where pd1_0.ProductID=?
2026-04-28T09:56:36.627+07:00 DEBUG 8304 --- [ProjWEB] [nio-8081-exec-4] org.hibernate.SQL                        : select od1_0.OrderID,od1_0.orderDetailID,od1_0.price,p1_0.ProductID,p1_0.CategoryID,c1_0.CategoryID,c1_0.CategoryName,c1_0.Description,c1_0.Status,p1_0.Description,p1_0.ImageURL,p1_0.Price,p1_0.ProductName,p1_0.Status,od1_0.quantity,od1_0.TotalAmount from OrderDetail od1_0 left join product p1_0 on p1_0.ProductID=od1_0.ProductID left join category c1_0 on c1_0.CategoryID=p1_0.CategoryID where od1_0.OrderID=?
Hibernate: select od1_0.OrderID,od1_0.orderDetailID,od1_0.price,p1_0.ProductID,p1_0.CategoryID,c1_0.CategoryID,c1_0.CategoryName,c1_0.Description,c1_0.Status,p1_0.Description,p1_0.ImageURL,p1_0.Price,p1_0.ProductName,p1_0.Status,od1_0.quantity,od1_0.TotalAmount from OrderDetail od1_0 left join product p1_0 on p1_0.ProductID=od1_0.ProductID left join category c1_0 on c1_0.CategoryID=p1_0.CategoryID where od1_0.OrderID=?
2026-04-28T09:56:36.628+07:00 DEBUG 8304 --- [ProjWEB] [nio-8081-exec-4] org.hibernate.SQL                        : select od1_0.OrderID,od1_0.orderDetailID,od1_0.price,p1_0.ProductID,p1_0.CategoryID,c1_0.CategoryID,c1_0.CategoryName,c1_0.Description,c1_0.Status,p1_0.Description,p1_0.ImageURL,p1_0.Price,p1_0.ProductName,p1_0.Status,od1_0.quantity,od1_0.TotalAmount from OrderDetail od1_0 left join product p1_0 on p1_0.ProductID=od1_0.ProductID left join category c1_0 on c1_0.CategoryID=p1_0.CategoryID where od1_0.OrderID=?
Hibernate: select od1_0.OrderID,od1_0.orderDetailID,od1_0.price,p1_0.ProductID,p1_0.CategoryID,c1_0.CategoryID,c1_0.CategoryName,c1_0.Description,c1_0.Status,p1_0.Description,p1_0.ImageURL,p1_0.Price,p1_0.ProductName,p1_0.Status,od1_0.quantity,od1_0.TotalAmount from OrderDetail od1_0 left join product p1_0 on p1_0.ProductID=od1_0.ProductID left join category c1_0 on c1_0.CategoryID=p1_0.CategoryID where od1_0.OrderID=?
2026-04-28T09:56:36.630+07:00 DEBUG 8304 --- [ProjWEB] [nio-8081-exec-4] org.hibernate.SQL                        : select od1_0.OrderID,od1_0.orderDetailID,od1_0.price,p1_0.ProductID,p1_0.CategoryID,c1_0.CategoryID,c1_0.CategoryName,c1_0.Description,c1_0.Status,p1_0.Description,p1_0.ImageURL,p1_0.Price,p1_0.ProductName,p1_0.Status,od1_0.quantity,od1_0.TotalAmount from OrderDetail od1_0 left join product p1_0 on p1_0.ProductID=od1_0.ProductID left join category c1_0 on c1_0.CategoryID=p1_0.CategoryID where od1_0.OrderID=?
Hibernate: select od1_0.OrderID,od1_0.orderDetailID,od1_0.price,p1_0.ProductID,p1_0.CategoryID,c1_0.CategoryID,c1_0.CategoryName,c1_0.Description,c1_0.Status,p1_0.Description,p1_0.ImageURL,p1_0.Price,p1_0.ProductName,p1_0.Status,od1_0.quantity,od1_0.TotalAmount from OrderDetail od1_0 left join product p1_0 on p1_0.ProductID=od1_0.ProductID left join category c1_0 on c1_0.CategoryID=p1_0.CategoryID where od1_0.OrderID=?
2026-04-28T09:56:36.632+07:00 DEBUG 8304 --- [ProjWEB] [nio-8081-exec-4] org.hibernate.SQL                        : select od1_0.OrderID,od1_0.orderDetailID,od1_0.price,p1_0.ProductID,p1_0.CategoryID,c1_0.CategoryID,c1_0.CategoryName,c1_0.Description,c1_0.Status,p1_0.Description,p1_0.ImageURL,p1_0.Price,p1_0.ProductName,p1_0.Status,od1_0.quantity,od1_0.TotalAmount from OrderDetail od1_0 left join product p1_0 on p1_0.ProductID=od1_0.ProductID left join category c1_0 on c1_0.CategoryID=p1_0.CategoryID where od1_0.OrderID=?
Hibernate: select od1_0.OrderID,od1_0.orderDetailID,od1_0.price,p1_0.ProductID,p1_0.CategoryID,c1_0.CategoryID,c1_0.CategoryName,c1_0.Description,c1_0.Status,p1_0.Description,p1_0.ImageURL,p1_0.Price,p1_0.ProductName,p1_0.Status,od1_0.quantity,od1_0.TotalAmount from OrderDetail od1_0 left join product p1_0 on p1_0.ProductID=od1_0.ProductID left join category c1_0 on c1_0.CategoryID=p1_0.CategoryID where od1_0.OrderID=?
2026-04-28T09:56:36.635+07:00 DEBUG 8304 --- [ProjWEB] [nio-8081-exec-4] o.s.w.s.m.m.a.HttpEntityMethodProcessor  : Using 'application/json', given [application/json, text/plain, */*] and supported [application/json, application/*+json]
2026-04-28T09:56:36.635+07:00 DEBUG 8304 --- [ProjWEB] [nio-8081-exec-4] o.s.w.s.m.m.a.HttpEntityMethodProcessor  : Writing [com.jewellery.ProjWEB.admin.order.model.response.OrderResponse$Payload@5c76ff30]
2026-04-28T09:56:36.636+07:00 DEBUG 8304 --- [ProjWEB] [nio-8081-exec-4] o.s.web.servlet.DispatcherServlet        : Completed 200 OK
2026-04-28T13:08:54.646+07:00  WARN 8304 --- [ProjWEB] [l-1:housekeeper] com.zaxxer.hikari.pool.HikariPool        : HikariPool-1 - Thread starvation or clock leap detected (housekeeper delta=1h40m38s471ms966탎200ns).
2026-04-28T17:37:23.375+07:00  WARN 8304 --- [ProjWEB] [l-1:housekeeper] com.zaxxer.hikari.pool.HikariPool        : HikariPool-1 - Thread starvation or clock leap detected (housekeeper delta=2h49m57s186ms316탎500ns).
2026-04-28T18:04:59.683+07:00 DEBUG 8304 --- [ProjWEB] [io-8081-exec-10] o.s.web.servlet.DispatcherServlet        : GET "/admin/orders", parameters={}
2026-04-28T18:04:59.683+07:00 DEBUG 8304 --- [ProjWEB] [nio-8081-exec-8] o.s.web.servlet.DispatcherServlet        : GET "/admin/products", parameters={}
2026-04-28T18:04:59.685+07:00 DEBUG 8304 --- [ProjWEB] [io-8081-exec-10] s.w.s.m.m.a.RequestMappingHandlerMapping : Mapped to com.jewellery.ProjWEB.admin.order.controller.OrderController#orderPage()
2026-04-28T18:04:59.685+07:00 DEBUG 8304 --- [ProjWEB] [nio-8081-exec-8] s.w.s.m.m.a.RequestMappingHandlerMapping : Mapped to com.jewellery.ProjWEB.admin.product.controller.ProductController#adminPage(ProductRequest)
2026-04-28T18:04:59.730+07:00 DEBUG 8304 --- [ProjWEB] [nio-8081-exec-5] org.hibernate.SQL                        : select u1_0.id,u1_0.address,u1_0.created_at,u1_0.email,u1_0.enabled,u1_0.fullName,u1_0.password,u1_0.phoneNumber,u1_0.updated_at,u1_0.username from users u1_0 where u1_0.username=?
Hibernate: select u1_0.id,u1_0.address,u1_0.created_at,u1_0.email,u1_0.enabled,u1_0.fullName,u1_0.password,u1_0.phoneNumber,u1_0.updated_at,u1_0.username from users u1_0 where u1_0.username=?
2026-04-28T18:04:59.741+07:00 DEBUG 8304 --- [ProjWEB] [io-8081-exec-10] org.hibernate.SQL                        : select oe1_0.orderID,oe1_0.AccountID,oe1_0.OrderDate,oe1_0.OrderStatus,oe1_0.ShippingAddress,oe1_0.TotalAmount from `Order` oe1_0
Hibernate: select oe1_0.orderID,oe1_0.AccountID,oe1_0.OrderDate,oe1_0.OrderStatus,oe1_0.ShippingAddress,oe1_0.TotalAmount from `Order` oe1_0
2026-04-28T18:04:59.741+07:00 DEBUG 8304 --- [ProjWEB] [nio-8081-exec-8] org.hibernate.SQL                        : select pe1_0.ProductID,pe1_0.CategoryID,pe1_0.Description,pe1_0.ImageURL,pe1_0.Price,pe1_0.ProductName,pe1_0.Status from product pe1_0 where 1=1
Hibernate: select pe1_0.ProductID,pe1_0.CategoryID,pe1_0.Description,pe1_0.ImageURL,pe1_0.Price,pe1_0.ProductName,pe1_0.Status from product pe1_0 where 1=1
2026-04-28T18:04:59.744+07:00 DEBUG 8304 --- [ProjWEB] [io-8081-exec-10] org.hibernate.SQL                        : select ae1_0.accountID,ae1_0.address,ae1_0.createdAt,ae1_0.fullName,ae1_0.password,ae1_0.phoneNumber,u1_0.id,u1_0.address,u1_0.created_at,u1_0.email,u1_0.enabled,u1_0.fullName,u1_0.password,u1_0.phoneNumber,u1_0.updated_at,u1_0.username,ae1_0.username from Account ae1_0 left join users u1_0 on u1_0.id=ae1_0.user_id where ae1_0.accountID=?
Hibernate: select ae1_0.accountID,ae1_0.address,ae1_0.createdAt,ae1_0.fullName,ae1_0.password,ae1_0.phoneNumber,u1_0.id,u1_0.address,u1_0.created_at,u1_0.email,u1_0.enabled,u1_0.fullName,u1_0.password,u1_0.phoneNumber,u1_0.updated_at,u1_0.username,ae1_0.username from Account ae1_0 left join users u1_0 on u1_0.id=ae1_0.user_id where ae1_0.accountID=?
2026-04-28T18:04:59.744+07:00 DEBUG 8304 --- [ProjWEB] [nio-8081-exec-8] org.hibernate.SQL                        : select ce1_0.CategoryID,ce1_0.CategoryName,ce1_0.Description,ce1_0.Status from category ce1_0 where ce1_0.CategoryID=?
Hibernate: select ce1_0.CategoryID,ce1_0.CategoryName,ce1_0.Description,ce1_0.Status from category ce1_0 where ce1_0.CategoryID=?
2026-04-28T18:04:59.744+07:00 DEBUG 8304 --- [ProjWEB] [io-8081-exec-10] org.hibernate.SQL                        : select ae1_0.accountID,ae1_0.address,ae1_0.createdAt,ae1_0.fullName,ae1_0.password,ae1_0.phoneNumber,u1_0.id,u1_0.address,u1_0.created_at,u1_0.email,u1_0.enabled,u1_0.fullName,u1_0.password,u1_0.phoneNumber,u1_0.updated_at,u1_0.username,ae1_0.username from Account ae1_0 left join users u1_0 on u1_0.id=ae1_0.user_id where ae1_0.accountID=?
Hibernate: select ae1_0.accountID,ae1_0.address,ae1_0.createdAt,ae1_0.fullName,ae1_0.password,ae1_0.phoneNumber,u1_0.id,u1_0.address,u1_0.created_at,u1_0.email,u1_0.enabled,u1_0.fullName,u1_0.password,u1_0.phoneNumber,u1_0.updated_at,u1_0.username,ae1_0.username from Account ae1_0 left join users u1_0 on u1_0.id=ae1_0.user_id where ae1_0.accountID=?
2026-04-28T18:04:59.744+07:00 DEBUG 8304 --- [ProjWEB] [io-8081-exec-10] org.hibernate.SQL                        : select ae1_0.accountID,ae1_0.address,ae1_0.createdAt,ae1_0.fullName,ae1_0.password,ae1_0.phoneNumber,u1_0.id,u1_0.address,u1_0.created_at,u1_0.email,u1_0.enabled,u1_0.fullName,u1_0.password,u1_0.phoneNumber,u1_0.updated_at,u1_0.username,ae1_0.username from Account ae1_0 left join users u1_0 on u1_0.id=ae1_0.user_id where ae1_0.accountID=?
Hibernate: select ae1_0.accountID,ae1_0.address,ae1_0.createdAt,ae1_0.fullName,ae1_0.password,ae1_0.phoneNumber,u1_0.id,u1_0.address,u1_0.created_at,u1_0.email,u1_0.enabled,u1_0.fullName,u1_0.password,u1_0.phoneNumber,u1_0.updated_at,u1_0.username,ae1_0.username from Account ae1_0 left join users u1_0 on u1_0.id=ae1_0.user_id where ae1_0.accountID=?
2026-04-28T18:04:59.744+07:00 DEBUG 8304 --- [ProjWEB] [io-8081-exec-10] org.hibernate.SQL                        : select ae1_0.accountID,ae1_0.address,ae1_0.createdAt,ae1_0.fullName,ae1_0.password,ae1_0.phoneNumber,u1_0.id,u1_0.address,u1_0.created_at,u1_0.email,u1_0.enabled,u1_0.fullName,u1_0.password,u1_0.phoneNumber,u1_0.updated_at,u1_0.username,ae1_0.username from Account ae1_0 left join users u1_0 on u1_0.id=ae1_0.user_id where ae1_0.accountID=?
Hibernate: select ae1_0.accountID,ae1_0.address,ae1_0.createdAt,ae1_0.fullName,ae1_0.password,ae1_0.phoneNumber,u1_0.id,u1_0.address,u1_0.created_at,u1_0.email,u1_0.enabled,u1_0.fullName,u1_0.password,u1_0.phoneNumber,u1_0.updated_at,u1_0.username,ae1_0.username from Account ae1_0 left join users u1_0 on u1_0.id=ae1_0.user_id where ae1_0.accountID=?
2026-04-28T18:04:59.744+07:00 DEBUG 8304 --- [ProjWEB] [nio-8081-exec-8] org.hibernate.SQL                        : select ce1_0.CategoryID,ce1_0.CategoryName,ce1_0.Description,ce1_0.Status from category ce1_0 where ce1_0.CategoryID=?
Hibernate: select ce1_0.CategoryID,ce1_0.CategoryName,ce1_0.Description,ce1_0.Status from category ce1_0 where ce1_0.CategoryID=?
2026-04-28T18:04:59.744+07:00 DEBUG 8304 --- [ProjWEB] [io-8081-exec-10] org.hibernate.SQL                        : select ae1_0.accountID,ae1_0.address,ae1_0.createdAt,ae1_0.fullName,ae1_0.password,ae1_0.phoneNumber,u1_0.id,u1_0.address,u1_0.created_at,u1_0.email,u1_0.enabled,u1_0.fullName,u1_0.password,u1_0.phoneNumber,u1_0.updated_at,u1_0.username,ae1_0.username from Account ae1_0 left join users u1_0 on u1_0.id=ae1_0.user_id where ae1_0.accountID=?
Hibernate: select ae1_0.accountID,ae1_0.address,ae1_0.createdAt,ae1_0.fullName,ae1_0.password,ae1_0.phoneNumber,u1_0.id,u1_0.address,u1_0.created_at,u1_0.email,u1_0.enabled,u1_0.fullName,u1_0.password,u1_0.phoneNumber,u1_0.updated_at,u1_0.username,ae1_0.username from Account ae1_0 left join users u1_0 on u1_0.id=ae1_0.user_id where ae1_0.accountID=?
2026-04-28T18:04:59.752+07:00 DEBUG 8304 --- [ProjWEB] [nio-8081-exec-8] org.hibernate.SQL                        : select ce1_0.CategoryID,ce1_0.CategoryName,ce1_0.Description,ce1_0.Status from category ce1_0 where ce1_0.CategoryID=?
Hibernate: select ce1_0.CategoryID,ce1_0.CategoryName,ce1_0.Description,ce1_0.Status from category ce1_0 where ce1_0.CategoryID=?
2026-04-28T18:04:59.752+07:00 DEBUG 8304 --- [ProjWEB] [nio-8081-exec-5] org.hibernate.SQL                        : select r1_0.user_id,r1_1.id,r1_1.name from user_roles r1_0 join roles r1_1 on r1_1.id=r1_0.role_id where r1_0.user_id=?
Hibernate: select r1_0.user_id,r1_1.id,r1_1.name from user_roles r1_0 join roles r1_1 on r1_1.id=r1_0.role_id where r1_0.user_id=?
2026-04-28T18:04:59.753+07:00 DEBUG 8304 --- [ProjWEB] [io-8081-exec-10] org.hibernate.SQL                        : select ae1_0.accountID,ae1_0.address,ae1_0.createdAt,ae1_0.fullName,ae1_0.password,ae1_0.phoneNumber,u1_0.id,u1_0.address,u1_0.created_at,u1_0.email,u1_0.enabled,u1_0.fullName,u1_0.password,u1_0.phoneNumber,u1_0.updated_at,u1_0.username,ae1_0.username from Account ae1_0 left join users u1_0 on u1_0.id=ae1_0.user_id where ae1_0.accountID=?
Hibernate: select ae1_0.accountID,ae1_0.address,ae1_0.createdAt,ae1_0.fullName,ae1_0.password,ae1_0.phoneNumber,u1_0.id,u1_0.address,u1_0.created_at,u1_0.email,u1_0.enabled,u1_0.fullName,u1_0.password,u1_0.phoneNumber,u1_0.updated_at,u1_0.username,ae1_0.username from Account ae1_0 left join users u1_0 on u1_0.id=ae1_0.user_id where ae1_0.accountID=?
2026-04-28T18:04:59.753+07:00 DEBUG 8304 --- [ProjWEB] [nio-8081-exec-8] org.hibernate.SQL                        : select ce1_0.CategoryID,ce1_0.CategoryName,ce1_0.Description,ce1_0.Status from category ce1_0 where ce1_0.CategoryID=?
Hibernate: select ce1_0.CategoryID,ce1_0.CategoryName,ce1_0.Description,ce1_0.Status from category ce1_0 where ce1_0.CategoryID=?
2026-04-28T18:04:59.754+07:00 DEBUG 8304 --- [ProjWEB] [io-8081-exec-10] org.hibernate.SQL                        : select ae1_0.accountID,ae1_0.address,ae1_0.createdAt,ae1_0.fullName,ae1_0.password,ae1_0.phoneNumber,u1_0.id,u1_0.address,u1_0.created_at,u1_0.email,u1_0.enabled,u1_0.fullName,u1_0.password,u1_0.phoneNumber,u1_0.updated_at,u1_0.username,ae1_0.username from Account ae1_0 left join users u1_0 on u1_0.id=ae1_0.user_id where ae1_0.accountID=?
Hibernate: select ae1_0.accountID,ae1_0.address,ae1_0.createdAt,ae1_0.fullName,ae1_0.password,ae1_0.phoneNumber,u1_0.id,u1_0.address,u1_0.created_at,u1_0.email,u1_0.enabled,u1_0.fullName,u1_0.password,u1_0.phoneNumber,u1_0.updated_at,u1_0.username,ae1_0.username from Account ae1_0 left join users u1_0 on u1_0.id=ae1_0.user_id where ae1_0.accountID=?
2026-04-28T18:04:59.754+07:00 DEBUG 8304 --- [ProjWEB] [nio-8081-exec-8] org.hibernate.SQL                        : select ce1_0.CategoryID,ce1_0.CategoryName,ce1_0.Description,ce1_0.Status from category ce1_0 where ce1_0.CategoryID=?
Hibernate: select ce1_0.CategoryID,ce1_0.CategoryName,ce1_0.Description,ce1_0.Status from category ce1_0 where ce1_0.CategoryID=?
2026-04-28T18:04:59.755+07:00 DEBUG 8304 --- [ProjWEB] [io-8081-exec-10] org.hibernate.SQL                        : select ae1_0.accountID,ae1_0.address,ae1_0.createdAt,ae1_0.fullName,ae1_0.password,ae1_0.phoneNumber,u1_0.id,u1_0.address,u1_0.created_at,u1_0.email,u1_0.enabled,u1_0.fullName,u1_0.password,u1_0.phoneNumber,u1_0.updated_at,u1_0.username,ae1_0.username from Account ae1_0 left join users u1_0 on u1_0.id=ae1_0.user_id where ae1_0.accountID=?
Hibernate: select ae1_0.accountID,ae1_0.address,ae1_0.createdAt,ae1_0.fullName,ae1_0.password,ae1_0.phoneNumber,u1_0.id,u1_0.address,u1_0.created_at,u1_0.email,u1_0.enabled,u1_0.fullName,u1_0.password,u1_0.phoneNumber,u1_0.updated_at,u1_0.username,ae1_0.username from Account ae1_0 left join users u1_0 on u1_0.id=ae1_0.user_id where ae1_0.accountID=?
2026-04-28T18:04:59.755+07:00 DEBUG 8304 --- [ProjWEB] [nio-8081-exec-8] org.hibernate.SQL                        : select ce1_0.CategoryID,ce1_0.CategoryName,ce1_0.Description,ce1_0.Status from category ce1_0 where ce1_0.CategoryID=?
Hibernate: select ce1_0.CategoryID,ce1_0.CategoryName,ce1_0.Description,ce1_0.Status from category ce1_0 where ce1_0.CategoryID=?
2026-04-28T18:04:59.758+07:00 DEBUG 8304 --- [ProjWEB] [io-8081-exec-10] org.hibernate.SQL                        : select ae1_0.accountID,ae1_0.address,ae1_0.createdAt,ae1_0.fullName,ae1_0.password,ae1_0.phoneNumber,u1_0.id,u1_0.address,u1_0.created_at,u1_0.email,u1_0.enabled,u1_0.fullName,u1_0.password,u1_0.phoneNumber,u1_0.updated_at,u1_0.username,ae1_0.username from Account ae1_0 left join users u1_0 on u1_0.id=ae1_0.user_id where ae1_0.accountID=?
Hibernate: select ae1_0.accountID,ae1_0.address,ae1_0.createdAt,ae1_0.fullName,ae1_0.password,ae1_0.phoneNumber,u1_0.id,u1_0.address,u1_0.created_at,u1_0.email,u1_0.enabled,u1_0.fullName,u1_0.password,u1_0.phoneNumber,u1_0.updated_at,u1_0.username,ae1_0.username from Account ae1_0 left join users u1_0 on u1_0.id=ae1_0.user_id where ae1_0.accountID=?
2026-04-28T18:04:59.759+07:00 DEBUG 8304 --- [ProjWEB] [io-8081-exec-10] org.hibernate.SQL                        : select ae1_0.accountID,ae1_0.address,ae1_0.createdAt,ae1_0.fullName,ae1_0.password,ae1_0.phoneNumber,u1_0.id,u1_0.address,u1_0.created_at,u1_0.email,u1_0.enabled,u1_0.fullName,u1_0.password,u1_0.phoneNumber,u1_0.updated_at,u1_0.username,ae1_0.username from Account ae1_0 left join users u1_0 on u1_0.id=ae1_0.user_id where ae1_0.accountID=?
Hibernate: select ae1_0.accountID,ae1_0.address,ae1_0.createdAt,ae1_0.fullName,ae1_0.password,ae1_0.phoneNumber,u1_0.id,u1_0.address,u1_0.created_at,u1_0.email,u1_0.enabled,u1_0.fullName,u1_0.password,u1_0.phoneNumber,u1_0.updated_at,u1_0.username,ae1_0.username from Account ae1_0 left join users u1_0 on u1_0.id=ae1_0.user_id where ae1_0.accountID=?
2026-04-28T18:04:59.759+07:00 DEBUG 8304 --- [ProjWEB] [nio-8081-exec-5] o.s.web.servlet.DispatcherServlet        : GET "/api/admin/users", parameters={}
2026-04-28T18:04:59.759+07:00 DEBUG 8304 --- [ProjWEB] [nio-8081-exec-5] s.w.s.m.m.a.RequestMappingHandlerMapping : Mapped to com.jewellery.ProjWEB.auth.controller.AdminController#getAllUsers()
2026-04-28T18:04:59.759+07:00 DEBUG 8304 --- [ProjWEB] [io-8081-exec-10] org.hibernate.SQL                        : select ae1_0.accountID,ae1_0.address,ae1_0.createdAt,ae1_0.fullName,ae1_0.password,ae1_0.phoneNumber,u1_0.id,u1_0.address,u1_0.created_at,u1_0.email,u1_0.enabled,u1_0.fullName,u1_0.password,u1_0.phoneNumber,u1_0.updated_at,u1_0.username,ae1_0.username from Account ae1_0 left join users u1_0 on u1_0.id=ae1_0.user_id where ae1_0.accountID=?
Hibernate: select ae1_0.accountID,ae1_0.address,ae1_0.createdAt,ae1_0.fullName,ae1_0.password,ae1_0.phoneNumber,u1_0.id,u1_0.address,u1_0.created_at,u1_0.email,u1_0.enabled,u1_0.fullName,u1_0.password,u1_0.phoneNumber,u1_0.updated_at,u1_0.username,ae1_0.username from Account ae1_0 left join users u1_0 on u1_0.id=ae1_0.user_id where ae1_0.accountID=?
2026-04-28T18:04:59.759+07:00 DEBUG 8304 --- [ProjWEB] [io-8081-exec-10] org.hibernate.SQL                        : select ae1_0.accountID,ae1_0.address,ae1_0.createdAt,ae1_0.fullName,ae1_0.password,ae1_0.phoneNumber,u1_0.id,u1_0.address,u1_0.created_at,u1_0.email,u1_0.enabled,u1_0.fullName,u1_0.password,u1_0.phoneNumber,u1_0.updated_at,u1_0.username,ae1_0.username from Account ae1_0 left join users u1_0 on u1_0.id=ae1_0.user_id where ae1_0.accountID=?
Hibernate: select ae1_0.accountID,ae1_0.address,ae1_0.createdAt,ae1_0.fullName,ae1_0.password,ae1_0.phoneNumber,u1_0.id,u1_0.address,u1_0.created_at,u1_0.email,u1_0.enabled,u1_0.fullName,u1_0.password,u1_0.phoneNumber,u1_0.updated_at,u1_0.username,ae1_0.username from Account ae1_0 left join users u1_0 on u1_0.id=ae1_0.user_id where ae1_0.accountID=?
2026-04-28T18:04:59.759+07:00 DEBUG 8304 --- [ProjWEB] [nio-8081-exec-8] o.s.w.s.m.m.a.HttpEntityMethodProcessor  : Using 'application/json', given [application/json, text/plain, */*] and supported [application/json, application/*+json]
2026-04-28T18:04:59.759+07:00 DEBUG 8304 --- [ProjWEB] [nio-8081-exec-8] o.s.w.s.m.m.a.HttpEntityMethodProcessor  : Writing [com.jewellery.ProjWEB.admin.product.model.response.ProductResponse$Payload@6e96980]
2026-04-28T18:04:59.759+07:00 DEBUG 8304 --- [ProjWEB] [nio-8081-exec-5] org.hibernate.SQL                        : select distinct u1_0.id,u1_0.address,u1_0.created_at,u1_0.email,u1_0.enabled,u1_0.fullName,u1_0.password,u1_0.phoneNumber,r1_0.user_id,r1_1.id,r1_1.name,u1_0.updated_at,u1_0.username from users u1_0 left join user_roles r1_0 on u1_0.id=r1_0.user_id left join roles r1_1 on r1_1.id=r1_0.role_id
Hibernate: select distinct u1_0.id,u1_0.address,u1_0.created_at,u1_0.email,u1_0.enabled,u1_0.fullName,u1_0.password,u1_0.phoneNumber,r1_0.user_id,r1_1.id,r1_1.name,u1_0.updated_at,u1_0.username from users u1_0 left join user_roles r1_0 on u1_0.id=r1_0.user_id left join roles r1_1 on r1_1.id=r1_0.role_id
2026-04-28T18:04:59.759+07:00 DEBUG 8304 --- [ProjWEB] [io-8081-exec-10] org.hibernate.SQL                        : select od1_0.OrderID,od1_0.orderDetailID,od1_0.price,p1_0.ProductID,p1_0.CategoryID,c1_0.CategoryID,c1_0.CategoryName,c1_0.Description,c1_0.Status,p1_0.Description,p1_0.ImageURL,p1_0.Price,p1_0.ProductName,p1_0.Status,od1_0.quantity,od1_0.TotalAmount from OrderDetail od1_0 left join product p1_0 on p1_0.ProductID=od1_0.ProductID left join category c1_0 on c1_0.CategoryID=p1_0.CategoryID where od1_0.OrderID=?
Hibernate: select od1_0.OrderID,od1_0.orderDetailID,od1_0.price,p1_0.ProductID,p1_0.CategoryID,c1_0.CategoryID,c1_0.CategoryName,c1_0.Description,c1_0.Status,p1_0.Description,p1_0.ImageURL,p1_0.Price,p1_0.ProductName,p1_0.Status,od1_0.quantity,od1_0.TotalAmount from OrderDetail od1_0 left join product p1_0 on p1_0.ProductID=od1_0.ProductID left join category c1_0 on c1_0.CategoryID=p1_0.CategoryID where od1_0.OrderID=?
2026-04-28T18:04:59.765+07:00 DEBUG 8304 --- [ProjWEB] [io-8081-exec-10] org.hibernate.SQL                        : select od1_0.OrderID,od1_0.orderDetailID,od1_0.price,p1_0.ProductID,p1_0.CategoryID,c1_0.CategoryID,c1_0.CategoryName,c1_0.Description,c1_0.Status,p1_0.Description,p1_0.ImageURL,p1_0.Price,p1_0.ProductName,p1_0.Status,od1_0.quantity,od1_0.TotalAmount from OrderDetail od1_0 left join product p1_0 on p1_0.ProductID=od1_0.ProductID left join category c1_0 on c1_0.CategoryID=p1_0.CategoryID where od1_0.OrderID=?
Hibernate: select od1_0.OrderID,od1_0.orderDetailID,od1_0.price,p1_0.ProductID,p1_0.CategoryID,c1_0.CategoryID,c1_0.CategoryName,c1_0.Description,c1_0.Status,p1_0.Description,p1_0.ImageURL,p1_0.Price,p1_0.ProductName,p1_0.Status,od1_0.quantity,od1_0.TotalAmount from OrderDetail od1_0 left join product p1_0 on p1_0.ProductID=od1_0.ProductID left join category c1_0 on c1_0.CategoryID=p1_0.CategoryID where od1_0.OrderID=?
2026-04-28T18:04:59.765+07:00 DEBUG 8304 --- [ProjWEB] [io-8081-exec-10] org.hibernate.SQL                        : select pd1_0.ProductID,pd1_0.productDetailID,pd1_0.composition,pd1_0.detailDescription,m1_0.materialID,m1_0.composition,m1_0.materialName,m1_0.purity,m1_0.unit,m1_0.weight,pd1_0.referenceWeight,pd1_0.stockQuantity from ProductDetail pd1_0 left join Material m1_0 on m1_0.materialID=pd1_0.MaterialID where pd1_0.ProductID=?
Hibernate: select pd1_0.ProductID,pd1_0.productDetailID,pd1_0.composition,pd1_0.detailDescription,m1_0.materialID,m1_0.composition,m1_0.materialName,m1_0.purity,m1_0.unit,m1_0.weight,pd1_0.referenceWeight,pd1_0.stockQuantity from ProductDetail pd1_0 left join Material m1_0 on m1_0.materialID=pd1_0.MaterialID where pd1_0.ProductID=?
2026-04-28T18:04:59.765+07:00 DEBUG 8304 --- [ProjWEB] [io-8081-exec-10] org.hibernate.SQL                        : select od1_0.OrderID,od1_0.orderDetailID,od1_0.price,p1_0.ProductID,p1_0.CategoryID,c1_0.CategoryID,c1_0.CategoryName,c1_0.Description,c1_0.Status,p1_0.Description,p1_0.ImageURL,p1_0.Price,p1_0.ProductName,p1_0.Status,od1_0.quantity,od1_0.TotalAmount from OrderDetail od1_0 left join product p1_0 on p1_0.ProductID=od1_0.ProductID left join category c1_0 on c1_0.CategoryID=p1_0.CategoryID where od1_0.OrderID=?
Hibernate: select od1_0.OrderID,od1_0.orderDetailID,od1_0.price,p1_0.ProductID,p1_0.CategoryID,c1_0.CategoryID,c1_0.CategoryName,c1_0.Description,c1_0.Status,p1_0.Description,p1_0.ImageURL,p1_0.Price,p1_0.ProductName,p1_0.Status,od1_0.quantity,od1_0.TotalAmount from OrderDetail od1_0 left join product p1_0 on p1_0.ProductID=od1_0.ProductID left join category c1_0 on c1_0.CategoryID=p1_0.CategoryID where od1_0.OrderID=?
2026-04-28T18:04:59.765+07:00 DEBUG 8304 --- [ProjWEB] [nio-8081-exec-5] o.s.w.s.m.m.a.HttpEntityMethodProcessor  : Using 'application/json', given [application/json, text/plain, */*] and supported [application/json, application/*+json]
2026-04-28T18:04:59.770+07:00 DEBUG 8304 --- [ProjWEB] [nio-8081-exec-8] o.s.web.servlet.DispatcherServlet        : Completed 200 OK
2026-04-28T18:04:59.770+07:00 DEBUG 8304 --- [ProjWEB] [nio-8081-exec-5] o.s.w.s.m.m.a.HttpEntityMethodProcessor  : Writing [[{createdAt=2026-04-10T22:35:25.581717, roles=[ROLE_ADMIN], address=Bac Ninh, fullName=Tamdz, phoneN (truncated)...]
2026-04-28T18:04:59.770+07:00 DEBUG 8304 --- [ProjWEB] [io-8081-exec-10] org.hibernate.SQL                        : select pd1_0.ProductID,pd1_0.productDetailID,pd1_0.composition,pd1_0.detailDescription,m1_0.materialID,m1_0.composition,m1_0.materialName,m1_0.purity,m1_0.unit,m1_0.weight,pd1_0.referenceWeight,pd1_0.stockQuantity from ProductDetail pd1_0 left join Material m1_0 on m1_0.materialID=pd1_0.MaterialID where pd1_0.ProductID=?
Hibernate: select pd1_0.ProductID,pd1_0.productDetailID,pd1_0.composition,pd1_0.detailDescription,m1_0.materialID,m1_0.composition,m1_0.materialName,m1_0.purity,m1_0.unit,m1_0.weight,pd1_0.referenceWeight,pd1_0.stockQuantity from ProductDetail pd1_0 left join Material m1_0 on m1_0.materialID=pd1_0.MaterialID where pd1_0.ProductID=?
2026-04-28T18:04:59.770+07:00 DEBUG 8304 --- [ProjWEB] [nio-8081-exec-5] o.s.web.servlet.DispatcherServlet        : Completed 200 OK
2026-04-28T18:04:59.770+07:00 DEBUG 8304 --- [ProjWEB] [io-8081-exec-10] org.hibernate.SQL                        : select od1_0.OrderID,od1_0.orderDetailID,od1_0.price,p1_0.ProductID,p1_0.CategoryID,c1_0.CategoryID,c1_0.CategoryName,c1_0.Description,c1_0.Status,p1_0.Description,p1_0.ImageURL,p1_0.Price,p1_0.ProductName,p1_0.Status,od1_0.quantity,od1_0.TotalAmount from OrderDetail od1_0 left join product p1_0 on p1_0.ProductID=od1_0.ProductID left join category c1_0 on c1_0.CategoryID=p1_0.CategoryID where od1_0.OrderID=?
Hibernate: select od1_0.OrderID,od1_0.orderDetailID,od1_0.price,p1_0.ProductID,p1_0.CategoryID,c1_0.CategoryID,c1_0.CategoryName,c1_0.Description,c1_0.Status,p1_0.Description,p1_0.ImageURL,p1_0.Price,p1_0.ProductName,p1_0.Status,od1_0.quantity,od1_0.TotalAmount from OrderDetail od1_0 left join product p1_0 on p1_0.ProductID=od1_0.ProductID left join category c1_0 on c1_0.CategoryID=p1_0.CategoryID where od1_0.OrderID=?
2026-04-28T18:04:59.774+07:00 DEBUG 8304 --- [ProjWEB] [io-8081-exec-10] org.hibernate.SQL                        : select pd1_0.ProductID,pd1_0.productDetailID,pd1_0.composition,pd1_0.detailDescription,m1_0.materialID,m1_0.composition,m1_0.materialName,m1_0.purity,m1_0.unit,m1_0.weight,pd1_0.referenceWeight,pd1_0.stockQuantity from ProductDetail pd1_0 left join Material m1_0 on m1_0.materialID=pd1_0.MaterialID where pd1_0.ProductID=?
Hibernate: select pd1_0.ProductID,pd1_0.productDetailID,pd1_0.composition,pd1_0.detailDescription,m1_0.materialID,m1_0.composition,m1_0.materialName,m1_0.purity,m1_0.unit,m1_0.weight,pd1_0.referenceWeight,pd1_0.stockQuantity from ProductDetail pd1_0 left join Material m1_0 on m1_0.materialID=pd1_0.MaterialID where pd1_0.ProductID=?
2026-04-28T18:04:59.775+07:00 DEBUG 8304 --- [ProjWEB] [io-8081-exec-10] org.hibernate.SQL                        : select od1_0.OrderID,od1_0.orderDetailID,od1_0.price,p1_0.ProductID,p1_0.CategoryID,c1_0.CategoryID,c1_0.CategoryName,c1_0.Description,c1_0.Status,p1_0.Description,p1_0.ImageURL,p1_0.Price,p1_0.ProductName,p1_0.Status,od1_0.quantity,od1_0.TotalAmount from OrderDetail od1_0 left join product p1_0 on p1_0.ProductID=od1_0.ProductID left join category c1_0 on c1_0.CategoryID=p1_0.CategoryID where od1_0.OrderID=?
Hibernate: select od1_0.OrderID,od1_0.orderDetailID,od1_0.price,p1_0.ProductID,p1_0.CategoryID,c1_0.CategoryID,c1_0.CategoryName,c1_0.Description,c1_0.Status,p1_0.Description,p1_0.ImageURL,p1_0.Price,p1_0.ProductName,p1_0.Status,od1_0.quantity,od1_0.TotalAmount from OrderDetail od1_0 left join product p1_0 on p1_0.ProductID=od1_0.ProductID left join category c1_0 on c1_0.CategoryID=p1_0.CategoryID where od1_0.OrderID=?
2026-04-28T18:04:59.775+07:00 DEBUG 8304 --- [ProjWEB] [io-8081-exec-10] org.hibernate.SQL                        : select pd1_0.ProductID,pd1_0.productDetailID,pd1_0.composition,pd1_0.detailDescription,m1_0.materialID,m1_0.composition,m1_0.materialName,m1_0.purity,m1_0.unit,m1_0.weight,pd1_0.referenceWeight,pd1_0.stockQuantity from ProductDetail pd1_0 left join Material m1_0 on m1_0.materialID=pd1_0.MaterialID where pd1_0.ProductID=?
Hibernate: select pd1_0.ProductID,pd1_0.productDetailID,pd1_0.composition,pd1_0.detailDescription,m1_0.materialID,m1_0.composition,m1_0.materialName,m1_0.purity,m1_0.unit,m1_0.weight,pd1_0.referenceWeight,pd1_0.stockQuantity from ProductDetail pd1_0 left join Material m1_0 on m1_0.materialID=pd1_0.MaterialID where pd1_0.ProductID=?
2026-04-28T18:04:59.775+07:00 DEBUG 8304 --- [ProjWEB] [io-8081-exec-10] org.hibernate.SQL                        : select od1_0.OrderID,od1_0.orderDetailID,od1_0.price,p1_0.ProductID,p1_0.CategoryID,c1_0.CategoryID,c1_0.CategoryName,c1_0.Description,c1_0.Status,p1_0.Description,p1_0.ImageURL,p1_0.Price,p1_0.ProductName,p1_0.Status,od1_0.quantity,od1_0.TotalAmount from OrderDetail od1_0 left join product p1_0 on p1_0.ProductID=od1_0.ProductID left join category c1_0 on c1_0.CategoryID=p1_0.CategoryID where od1_0.OrderID=?
Hibernate: select od1_0.OrderID,od1_0.orderDetailID,od1_0.price,p1_0.ProductID,p1_0.CategoryID,c1_0.CategoryID,c1_0.CategoryName,c1_0.Description,c1_0.Status,p1_0.Description,p1_0.ImageURL,p1_0.Price,p1_0.ProductName,p1_0.Status,od1_0.quantity,od1_0.TotalAmount from OrderDetail od1_0 left join product p1_0 on p1_0.ProductID=od1_0.ProductID left join category c1_0 on c1_0.CategoryID=p1_0.CategoryID where od1_0.OrderID=?
2026-04-28T18:04:59.775+07:00 DEBUG 8304 --- [ProjWEB] [io-8081-exec-10] org.hibernate.SQL                        : select pd1_0.ProductID,pd1_0.productDetailID,pd1_0.composition,pd1_0.detailDescription,m1_0.materialID,m1_0.composition,m1_0.materialName,m1_0.purity,m1_0.unit,m1_0.weight,pd1_0.referenceWeight,pd1_0.stockQuantity from ProductDetail pd1_0 left join Material m1_0 on m1_0.materialID=pd1_0.MaterialID where pd1_0.ProductID=?
Hibernate: select pd1_0.ProductID,pd1_0.productDetailID,pd1_0.composition,pd1_0.detailDescription,m1_0.materialID,m1_0.composition,m1_0.materialName,m1_0.purity,m1_0.unit,m1_0.weight,pd1_0.referenceWeight,pd1_0.stockQuantity from ProductDetail pd1_0 left join Material m1_0 on m1_0.materialID=pd1_0.MaterialID where pd1_0.ProductID=?
2026-04-28T18:04:59.775+07:00 DEBUG 8304 --- [ProjWEB] [io-8081-exec-10] org.hibernate.SQL                        : select od1_0.OrderID,od1_0.orderDetailID,od1_0.price,p1_0.ProductID,p1_0.CategoryID,c1_0.CategoryID,c1_0.CategoryName,c1_0.Description,c1_0.Status,p1_0.Description,p1_0.ImageURL,p1_0.Price,p1_0.ProductName,p1_0.Status,od1_0.quantity,od1_0.TotalAmount from OrderDetail od1_0 left join product p1_0 on p1_0.ProductID=od1_0.ProductID left join category c1_0 on c1_0.CategoryID=p1_0.CategoryID where od1_0.OrderID=?
Hibernate: select od1_0.OrderID,od1_0.orderDetailID,od1_0.price,p1_0.ProductID,p1_0.CategoryID,c1_0.CategoryID,c1_0.CategoryName,c1_0.Description,c1_0.Status,p1_0.Description,p1_0.ImageURL,p1_0.Price,p1_0.ProductName,p1_0.Status,od1_0.quantity,od1_0.TotalAmount from OrderDetail od1_0 left join product p1_0 on p1_0.ProductID=od1_0.ProductID left join category c1_0 on c1_0.CategoryID=p1_0.CategoryID where od1_0.OrderID=?
2026-04-28T18:04:59.775+07:00 DEBUG 8304 --- [ProjWEB] [io-8081-exec-10] org.hibernate.SQL                        : select od1_0.OrderID,od1_0.orderDetailID,od1_0.price,p1_0.ProductID,p1_0.CategoryID,c1_0.CategoryID,c1_0.CategoryName,c1_0.Description,c1_0.Status,p1_0.Description,p1_0.ImageURL,p1_0.Price,p1_0.ProductName,p1_0.Status,od1_0.quantity,od1_0.TotalAmount from OrderDetail od1_0 left join product p1_0 on p1_0.ProductID=od1_0.ProductID left join category c1_0 on c1_0.CategoryID=p1_0.CategoryID where od1_0.OrderID=?
Hibernate: select od1_0.OrderID,od1_0.orderDetailID,od1_0.price,p1_0.ProductID,p1_0.CategoryID,c1_0.CategoryID,c1_0.CategoryName,c1_0.Description,c1_0.Status,p1_0.Description,p1_0.ImageURL,p1_0.Price,p1_0.ProductName,p1_0.Status,od1_0.quantity,od1_0.TotalAmount from OrderDetail od1_0 left join product p1_0 on p1_0.ProductID=od1_0.ProductID left join category c1_0 on c1_0.CategoryID=p1_0.CategoryID where od1_0.OrderID=?
2026-04-28T18:04:59.775+07:00 DEBUG 8304 --- [ProjWEB] [io-8081-exec-10] org.hibernate.SQL                        : select od1_0.OrderID,od1_0.orderDetailID,od1_0.price,p1_0.ProductID,p1_0.CategoryID,c1_0.CategoryID,c1_0.CategoryName,c1_0.Description,c1_0.Status,p1_0.Description,p1_0.ImageURL,p1_0.Price,p1_0.ProductName,p1_0.Status,od1_0.quantity,od1_0.TotalAmount from OrderDetail od1_0 left join product p1_0 on p1_0.ProductID=od1_0.ProductID left join category c1_0 on c1_0.CategoryID=p1_0.CategoryID where od1_0.OrderID=?
Hibernate: select od1_0.OrderID,od1_0.orderDetailID,od1_0.price,p1_0.ProductID,p1_0.CategoryID,c1_0.CategoryID,c1_0.CategoryName,c1_0.Description,c1_0.Status,p1_0.Description,p1_0.ImageURL,p1_0.Price,p1_0.ProductName,p1_0.Status,od1_0.quantity,od1_0.TotalAmount from OrderDetail od1_0 left join product p1_0 on p1_0.ProductID=od1_0.ProductID left join category c1_0 on c1_0.CategoryID=p1_0.CategoryID where od1_0.OrderID=?
2026-04-28T18:04:59.775+07:00 DEBUG 8304 --- [ProjWEB] [io-8081-exec-10] org.hibernate.SQL                        : select pd1_0.ProductID,pd1_0.productDetailID,pd1_0.composition,pd1_0.detailDescription,m1_0.materialID,m1_0.composition,m1_0.materialName,m1_0.purity,m1_0.unit,m1_0.weight,pd1_0.referenceWeight,pd1_0.stockQuantity from ProductDetail pd1_0 left join Material m1_0 on m1_0.materialID=pd1_0.MaterialID where pd1_0.ProductID=?
Hibernate: select pd1_0.ProductID,pd1_0.productDetailID,pd1_0.composition,pd1_0.detailDescription,m1_0.materialID,m1_0.composition,m1_0.materialName,m1_0.purity,m1_0.unit,m1_0.weight,pd1_0.referenceWeight,pd1_0.stockQuantity from ProductDetail pd1_0 left join Material m1_0 on m1_0.materialID=pd1_0.MaterialID where pd1_0.ProductID=?
2026-04-28T18:04:59.775+07:00 DEBUG 8304 --- [ProjWEB] [io-8081-exec-10] org.hibernate.SQL                        : select od1_0.OrderID,od1_0.orderDetailID,od1_0.price,p1_0.ProductID,p1_0.CategoryID,c1_0.CategoryID,c1_0.CategoryName,c1_0.Description,c1_0.Status,p1_0.Description,p1_0.ImageURL,p1_0.Price,p1_0.ProductName,p1_0.Status,od1_0.quantity,od1_0.TotalAmount from OrderDetail od1_0 left join product p1_0 on p1_0.ProductID=od1_0.ProductID left join category c1_0 on c1_0.CategoryID=p1_0.CategoryID where od1_0.OrderID=?
Hibernate: select od1_0.OrderID,od1_0.orderDetailID,od1_0.price,p1_0.ProductID,p1_0.CategoryID,c1_0.CategoryID,c1_0.CategoryName,c1_0.Description,c1_0.Status,p1_0.Description,p1_0.ImageURL,p1_0.Price,p1_0.ProductName,p1_0.Status,od1_0.quantity,od1_0.TotalAmount from OrderDetail od1_0 left join product p1_0 on p1_0.ProductID=od1_0.ProductID left join category c1_0 on c1_0.CategoryID=p1_0.CategoryID where od1_0.OrderID=?
2026-04-28T18:04:59.775+07:00 DEBUG 8304 --- [ProjWEB] [io-8081-exec-10] org.hibernate.SQL                        : select od1_0.OrderID,od1_0.orderDetailID,od1_0.price,p1_0.ProductID,p1_0.CategoryID,c1_0.CategoryID,c1_0.CategoryName,c1_0.Description,c1_0.Status,p1_0.Description,p1_0.ImageURL,p1_0.Price,p1_0.ProductName,p1_0.Status,od1_0.quantity,od1_0.TotalAmount from OrderDetail od1_0 left join product p1_0 on p1_0.ProductID=od1_0.ProductID left join category c1_0 on c1_0.CategoryID=p1_0.CategoryID where od1_0.OrderID=?
Hibernate: select od1_0.OrderID,od1_0.orderDetailID,od1_0.price,p1_0.ProductID,p1_0.CategoryID,c1_0.CategoryID,c1_0.CategoryName,c1_0.Description,c1_0.Status,p1_0.Description,p1_0.ImageURL,p1_0.Price,p1_0.ProductName,p1_0.Status,od1_0.quantity,od1_0.TotalAmount from OrderDetail od1_0 left join product p1_0 on p1_0.ProductID=od1_0.ProductID left join category c1_0 on c1_0.CategoryID=p1_0.CategoryID where od1_0.OrderID=?
2026-04-28T18:04:59.775+07:00 DEBUG 8304 --- [ProjWEB] [io-8081-exec-10] org.hibernate.SQL                        : select od1_0.OrderID,od1_0.orderDetailID,od1_0.price,p1_0.ProductID,p1_0.CategoryID,c1_0.CategoryID,c1_0.CategoryName,c1_0.Description,c1_0.Status,p1_0.Description,p1_0.ImageURL,p1_0.Price,p1_0.ProductName,p1_0.Status,od1_0.quantity,od1_0.TotalAmount from OrderDetail od1_0 left join product p1_0 on p1_0.ProductID=od1_0.ProductID left join category c1_0 on c1_0.CategoryID=p1_0.CategoryID where od1_0.OrderID=?
Hibernate: select od1_0.OrderID,od1_0.orderDetailID,od1_0.price,p1_0.ProductID,p1_0.CategoryID,c1_0.CategoryID,c1_0.CategoryName,c1_0.Description,c1_0.Status,p1_0.Description,p1_0.ImageURL,p1_0.Price,p1_0.ProductName,p1_0.Status,od1_0.quantity,od1_0.TotalAmount from OrderDetail od1_0 left join product p1_0 on p1_0.ProductID=od1_0.ProductID left join category c1_0 on c1_0.CategoryID=p1_0.CategoryID where od1_0.OrderID=?
2026-04-28T18:04:59.791+07:00 DEBUG 8304 --- [ProjWEB] [io-8081-exec-10] org.hibernate.SQL                        : select od1_0.OrderID,od1_0.orderDetailID,od1_0.price,p1_0.ProductID,p1_0.CategoryID,c1_0.CategoryID,c1_0.CategoryName,c1_0.Description,c1_0.Status,p1_0.Description,p1_0.ImageURL,p1_0.Price,p1_0.ProductName,p1_0.Status,od1_0.quantity,od1_0.TotalAmount from OrderDetail od1_0 left join product p1_0 on p1_0.ProductID=od1_0.ProductID left join category c1_0 on c1_0.CategoryID=p1_0.CategoryID where od1_0.OrderID=?
Hibernate: select od1_0.OrderID,od1_0.orderDetailID,od1_0.price,p1_0.ProductID,p1_0.CategoryID,c1_0.CategoryID,c1_0.CategoryName,c1_0.Description,c1_0.Status,p1_0.Description,p1_0.ImageURL,p1_0.Price,p1_0.ProductName,p1_0.Status,od1_0.quantity,od1_0.TotalAmount from OrderDetail od1_0 left join product p1_0 on p1_0.ProductID=od1_0.ProductID left join category c1_0 on c1_0.CategoryID=p1_0.CategoryID where od1_0.OrderID=?
2026-04-28T18:04:59.792+07:00 DEBUG 8304 --- [ProjWEB] [io-8081-exec-10] org.hibernate.SQL                        : select od1_0.OrderID,od1_0.orderDetailID,od1_0.price,p1_0.ProductID,p1_0.CategoryID,c1_0.CategoryID,c1_0.CategoryName,c1_0.Description,c1_0.Status,p1_0.Description,p1_0.ImageURL,p1_0.Price,p1_0.ProductName,p1_0.Status,od1_0.quantity,od1_0.TotalAmount from OrderDetail od1_0 left join product p1_0 on p1_0.ProductID=od1_0.ProductID left join category c1_0 on c1_0.CategoryID=p1_0.CategoryID where od1_0.OrderID=?
Hibernate: select od1_0.OrderID,od1_0.orderDetailID,od1_0.price,p1_0.ProductID,p1_0.CategoryID,c1_0.CategoryID,c1_0.CategoryName,c1_0.Description,c1_0.Status,p1_0.Description,p1_0.ImageURL,p1_0.Price,p1_0.ProductName,p1_0.Status,od1_0.quantity,od1_0.TotalAmount from OrderDetail od1_0 left join product p1_0 on p1_0.ProductID=od1_0.ProductID left join category c1_0 on c1_0.CategoryID=p1_0.CategoryID where od1_0.OrderID=?
2026-04-28T18:04:59.792+07:00 DEBUG 8304 --- [ProjWEB] [io-8081-exec-10] org.hibernate.SQL                        : select od1_0.OrderID,od1_0.orderDetailID,od1_0.price,p1_0.ProductID,p1_0.CategoryID,c1_0.CategoryID,c1_0.CategoryName,c1_0.Description,c1_0.Status,p1_0.Description,p1_0.ImageURL,p1_0.Price,p1_0.ProductName,p1_0.Status,od1_0.quantity,od1_0.TotalAmount from OrderDetail od1_0 left join product p1_0 on p1_0.ProductID=od1_0.ProductID left join category c1_0 on c1_0.CategoryID=p1_0.CategoryID where od1_0.OrderID=?
Hibernate: select od1_0.OrderID,od1_0.orderDetailID,od1_0.price,p1_0.ProductID,p1_0.CategoryID,c1_0.CategoryID,c1_0.CategoryName,c1_0.Description,c1_0.Status,p1_0.Description,p1_0.ImageURL,p1_0.Price,p1_0.ProductName,p1_0.Status,od1_0.quantity,od1_0.TotalAmount from OrderDetail od1_0 left join product p1_0 on p1_0.ProductID=od1_0.ProductID left join category c1_0 on c1_0.CategoryID=p1_0.CategoryID where od1_0.OrderID=?
2026-04-28T18:04:59.792+07:00 DEBUG 8304 --- [ProjWEB] [io-8081-exec-10] org.hibernate.SQL                        : select od1_0.OrderID,od1_0.orderDetailID,od1_0.price,p1_0.ProductID,p1_0.CategoryID,c1_0.CategoryID,c1_0.CategoryName,c1_0.Description,c1_0.Status,p1_0.Description,p1_0.ImageURL,p1_0.Price,p1_0.ProductName,p1_0.Status,od1_0.quantity,od1_0.TotalAmount from OrderDetail od1_0 left join product p1_0 on p1_0.ProductID=od1_0.ProductID left join category c1_0 on c1_0.CategoryID=p1_0.CategoryID where od1_0.OrderID=?
Hibernate: select od1_0.OrderID,od1_0.orderDetailID,od1_0.price,p1_0.ProductID,p1_0.CategoryID,c1_0.CategoryID,c1_0.CategoryName,c1_0.Description,c1_0.Status,p1_0.Description,p1_0.ImageURL,p1_0.Price,p1_0.ProductName,p1_0.Status,od1_0.quantity,od1_0.TotalAmount from OrderDetail od1_0 left join product p1_0 on p1_0.ProductID=od1_0.ProductID left join category c1_0 on c1_0.CategoryID=p1_0.CategoryID where od1_0.OrderID=?
2026-04-28T18:04:59.792+07:00 DEBUG 8304 --- [ProjWEB] [io-8081-exec-10] org.hibernate.SQL                        : select pd1_0.ProductID,pd1_0.productDetailID,pd1_0.composition,pd1_0.detailDescription,m1_0.materialID,m1_0.composition,m1_0.materialName,m1_0.purity,m1_0.unit,m1_0.weight,pd1_0.referenceWeight,pd1_0.stockQuantity from ProductDetail pd1_0 left join Material m1_0 on m1_0.materialID=pd1_0.MaterialID where pd1_0.ProductID=?
Hibernate: select pd1_0.ProductID,pd1_0.productDetailID,pd1_0.composition,pd1_0.detailDescription,m1_0.materialID,m1_0.composition,m1_0.materialName,m1_0.purity,m1_0.unit,m1_0.weight,pd1_0.referenceWeight,pd1_0.stockQuantity from ProductDetail pd1_0 left join Material m1_0 on m1_0.materialID=pd1_0.MaterialID where pd1_0.ProductID=?
2026-04-28T18:04:59.792+07:00 DEBUG 8304 --- [ProjWEB] [io-8081-exec-10] org.hibernate.SQL                        : select od1_0.OrderID,od1_0.orderDetailID,od1_0.price,p1_0.ProductID,p1_0.CategoryID,c1_0.CategoryID,c1_0.CategoryName,c1_0.Description,c1_0.Status,p1_0.Description,p1_0.ImageURL,p1_0.Price,p1_0.ProductName,p1_0.Status,od1_0.quantity,od1_0.TotalAmount from OrderDetail od1_0 left join product p1_0 on p1_0.ProductID=od1_0.ProductID left join category c1_0 on c1_0.CategoryID=p1_0.CategoryID where od1_0.OrderID=?
Hibernate: select od1_0.OrderID,od1_0.orderDetailID,od1_0.price,p1_0.ProductID,p1_0.CategoryID,c1_0.CategoryID,c1_0.CategoryName,c1_0.Description,c1_0.Status,p1_0.Description,p1_0.ImageURL,p1_0.Price,p1_0.ProductName,p1_0.Status,od1_0.quantity,od1_0.TotalAmount from OrderDetail od1_0 left join product p1_0 on p1_0.ProductID=od1_0.ProductID left join category c1_0 on c1_0.CategoryID=p1_0.CategoryID where od1_0.OrderID=?
2026-04-28T18:04:59.792+07:00 DEBUG 8304 --- [ProjWEB] [io-8081-exec-10] org.hibernate.SQL                        : select od1_0.OrderID,od1_0.orderDetailID,od1_0.price,p1_0.ProductID,p1_0.CategoryID,c1_0.CategoryID,c1_0.CategoryName,c1_0.Description,c1_0.Status,p1_0.Description,p1_0.ImageURL,p1_0.Price,p1_0.ProductName,p1_0.Status,od1_0.quantity,od1_0.TotalAmount from OrderDetail od1_0 left join product p1_0 on p1_0.ProductID=od1_0.ProductID left join category c1_0 on c1_0.CategoryID=p1_0.CategoryID where od1_0.OrderID=?
Hibernate: select od1_0.OrderID,od1_0.orderDetailID,od1_0.price,p1_0.ProductID,p1_0.CategoryID,c1_0.CategoryID,c1_0.CategoryName,c1_0.Description,c1_0.Status,p1_0.Description,p1_0.ImageURL,p1_0.Price,p1_0.ProductName,p1_0.Status,od1_0.quantity,od1_0.TotalAmount from OrderDetail od1_0 left join product p1_0 on p1_0.ProductID=od1_0.ProductID left join category c1_0 on c1_0.CategoryID=p1_0.CategoryID where od1_0.OrderID=?
2026-04-28T18:04:59.792+07:00 DEBUG 8304 --- [ProjWEB] [io-8081-exec-10] org.hibernate.SQL                        : select od1_0.OrderID,od1_0.orderDetailID,od1_0.price,p1_0.ProductID,p1_0.CategoryID,c1_0.CategoryID,c1_0.CategoryName,c1_0.Description,c1_0.Status,p1_0.Description,p1_0.ImageURL,p1_0.Price,p1_0.ProductName,p1_0.Status,od1_0.quantity,od1_0.TotalAmount from OrderDetail od1_0 left join product p1_0 on p1_0.ProductID=od1_0.ProductID left join category c1_0 on c1_0.CategoryID=p1_0.CategoryID where od1_0.OrderID=?
Hibernate: select od1_0.OrderID,od1_0.orderDetailID,od1_0.price,p1_0.ProductID,p1_0.CategoryID,c1_0.CategoryID,c1_0.CategoryName,c1_0.Description,c1_0.Status,p1_0.Description,p1_0.ImageURL,p1_0.Price,p1_0.ProductName,p1_0.Status,od1_0.quantity,od1_0.TotalAmount from OrderDetail od1_0 left join product p1_0 on p1_0.ProductID=od1_0.ProductID left join category c1_0 on c1_0.CategoryID=p1_0.CategoryID where od1_0.OrderID=?
2026-04-28T18:04:59.792+07:00 DEBUG 8304 --- [ProjWEB] [io-8081-exec-10] org.hibernate.SQL                        : select od1_0.OrderID,od1_0.orderDetailID,od1_0.price,p1_0.ProductID,p1_0.CategoryID,c1_0.CategoryID,c1_0.CategoryName,c1_0.Description,c1_0.Status,p1_0.Description,p1_0.ImageURL,p1_0.Price,p1_0.ProductName,p1_0.Status,od1_0.quantity,od1_0.TotalAmount from OrderDetail od1_0 left join product p1_0 on p1_0.ProductID=od1_0.ProductID left join category c1_0 on c1_0.CategoryID=p1_0.CategoryID where od1_0.OrderID=?
Hibernate: select od1_0.OrderID,od1_0.orderDetailID,od1_0.price,p1_0.ProductID,p1_0.CategoryID,c1_0.CategoryID,c1_0.CategoryName,c1_0.Description,c1_0.Status,p1_0.Description,p1_0.ImageURL,p1_0.Price,p1_0.ProductName,p1_0.Status,od1_0.quantity,od1_0.TotalAmount from OrderDetail od1_0 left join product p1_0 on p1_0.ProductID=od1_0.ProductID left join category c1_0 on c1_0.CategoryID=p1_0.CategoryID where od1_0.OrderID=?
2026-04-28T18:04:59.792+07:00 DEBUG 8304 --- [ProjWEB] [io-8081-exec-10] o.s.w.s.m.m.a.HttpEntityMethodProcessor  : Using 'application/json', given [application/json, text/plain, */*] and supported [application/json, application/*+json]
2026-04-28T18:04:59.792+07:00 DEBUG 8304 --- [ProjWEB] [io-8081-exec-10] o.s.w.s.m.m.a.HttpEntityMethodProcessor  : Writing [com.jewellery.ProjWEB.admin.order.model.response.OrderResponse$Payload@581939db]
2026-04-28T18:04:59.792+07:00 DEBUG 8304 --- [ProjWEB] [io-8081-exec-10] o.s.web.servlet.DispatcherServlet        : Completed 200 OK
2026-04-28T18:05:09.746+07:00 DEBUG 8304 --- [ProjWEB] [nio-8081-exec-1] o.s.web.servlet.DispatcherServlet        : POST "/api/auth/login", parameters={}
2026-04-28T18:05:09.746+07:00 DEBUG 8304 --- [ProjWEB] [nio-8081-exec-1] s.w.s.m.m.a.RequestMappingHandlerMapping : Mapped to com.jewellery.ProjWEB.auth.controller.AuthController#login(LoginRequest)
2026-04-28T18:05:09.758+07:00 DEBUG 8304 --- [ProjWEB] [nio-8081-exec-1] m.m.a.RequestResponseBodyMethodProcessor : Read "application/json;charset=UTF-8" to [LoginRequest(username=hue, password=123456)]
2026-04-28T18:05:09.791+07:00 DEBUG 8304 --- [ProjWEB] [nio-8081-exec-1] org.hibernate.SQL                        : select u1_0.id,u1_0.address,u1_0.created_at,u1_0.email,u1_0.enabled,u1_0.fullName,u1_0.password,u1_0.phoneNumber,u1_0.updated_at,u1_0.username from users u1_0 where u1_0.username=?
Hibernate: select u1_0.id,u1_0.address,u1_0.created_at,u1_0.email,u1_0.enabled,u1_0.fullName,u1_0.password,u1_0.phoneNumber,u1_0.updated_at,u1_0.username from users u1_0 where u1_0.username=?
2026-04-28T18:05:09.792+07:00 DEBUG 8304 --- [ProjWEB] [nio-8081-exec-1] org.hibernate.SQL                        : select r1_0.user_id,r1_1.id,r1_1.name from user_roles r1_0 join roles r1_1 on r1_1.id=r1_0.role_id where r1_0.user_id=?
Hibernate: select r1_0.user_id,r1_1.id,r1_1.name from user_roles r1_0 join roles r1_1 on r1_1.id=r1_0.role_id where r1_0.user_id=?
2026-04-28T18:05:09.875+07:00 DEBUG 8304 --- [ProjWEB] [nio-8081-exec-1] org.hibernate.SQL                        : select u1_0.id,u1_0.address,u1_0.created_at,u1_0.email,u1_0.enabled,u1_0.fullName,u1_0.password,u1_0.phoneNumber,u1_0.updated_at,u1_0.username from users u1_0 where u1_0.username=?
Hibernate: select u1_0.id,u1_0.address,u1_0.created_at,u1_0.email,u1_0.enabled,u1_0.fullName,u1_0.password,u1_0.phoneNumber,u1_0.updated_at,u1_0.username from users u1_0 where u1_0.username=?
2026-04-28T18:05:09.875+07:00 DEBUG 8304 --- [ProjWEB] [nio-8081-exec-1] org.hibernate.SQL                        : select u1_0.id,u1_0.address,u1_0.created_at,u1_0.email,u1_0.enabled,u1_0.fullName,u1_0.password,u1_0.phoneNumber,u1_0.updated_at,u1_0.username from users u1_0 where u1_0.username=?
Hibernate: select u1_0.id,u1_0.address,u1_0.created_at,u1_0.email,u1_0.enabled,u1_0.fullName,u1_0.password,u1_0.phoneNumber,u1_0.updated_at,u1_0.username from users u1_0 where u1_0.username=?
2026-04-28T18:05:09.875+07:00  INFO 8304 --- [ProjWEB] [nio-8081-exec-1] c.j.P.auth.service.AuthServiceImpl       : User logged in: hue
2026-04-28T18:05:09.875+07:00 DEBUG 8304 --- [ProjWEB] [nio-8081-exec-1] o.s.w.s.m.m.a.HttpEntityMethodProcessor  : Using 'application/json', given [*/*] and supported [application/json, application/*+json]
2026-04-28T18:05:09.875+07:00 DEBUG 8304 --- [ProjWEB] [nio-8081-exec-1] o.s.w.s.m.m.a.HttpEntityMethodProcessor  : Writing [AuthResponse(token=eyJhbGciOiJIUzI1NiJ9.eyJzdWIiOiJodWUiLCJpYXQiOjE3NzczNzQzMDksImV4cCI6MTc3NzQ2MDcw (truncated)...]
2026-04-28T18:05:09.875+07:00 DEBUG 8304 --- [ProjWEB] [nio-8081-exec-1] o.s.web.servlet.DispatcherServlet        : Completed 200 OK
2026-04-28T18:05:09.898+07:00 DEBUG 8304 --- [ProjWEB] [nio-8081-exec-4] o.s.web.servlet.DispatcherServlet        : GET "/trangchu.html?authToken=eyJhbGciOiJIUzI1NiJ9.eyJzdWIiOiJodWUiLCJpYXQiOjE3NzczNzQzMDksImV4cCI6MTc3NzQ2MDcwOX0.FGnWYSu1iBhtwCV_FPH-cSL4JBX3CpLLdRn6WpfUsvI&authUsername=hue&authFullName=Do+Hue&authEmail=dohue0592%40gmail.com&authRoles=%5B%22ROLE_USER%22%5D", parameters={masked}
2026-04-28T18:05:09.898+07:00 DEBUG 8304 --- [ProjWEB] [nio-8081-exec-4] o.s.w.s.handler.SimpleUrlHandlerMapping  : Mapped to ResourceHttpRequestHandler [URL [file:UIHome/], classpath [static/]]
2026-04-28T18:05:09.898+07:00 DEBUG 8304 --- [ProjWEB] [nio-8081-exec-4] o.s.web.servlet.DispatcherServlet        : Completed 200 OK
2026-04-28T18:05:09.924+07:00 DEBUG 8304 --- [ProjWEB] [nio-8081-exec-7] o.s.web.servlet.DispatcherServlet        : GET "/img/bn1.jpg", parameters={}
2026-04-28T18:05:09.924+07:00 DEBUG 8304 --- [ProjWEB] [nio-8081-exec-7] o.s.w.s.handler.SimpleUrlHandlerMapping  : Mapped to ResourceHttpRequestHandler [URL [file:UIHome/], classpath [static/]]
2026-04-28T18:05:09.924+07:00 DEBUG 8304 --- [ProjWEB] [nio-8081-exec-9] o.s.web.servlet.DispatcherServlet        : GET "/img/bn2.jpg", parameters={}
2026-04-28T18:05:09.924+07:00 DEBUG 8304 --- [ProjWEB] [nio-8081-exec-2] o.s.web.servlet.DispatcherServlet        : GET "/img/bnlg1.png", parameters={}
2026-04-28T18:05:09.924+07:00 DEBUG 8304 --- [ProjWEB] [nio-8081-exec-9] o.s.w.s.handler.SimpleUrlHandlerMapping  : Mapped to ResourceHttpRequestHandler [URL [file:UIHome/], classpath [static/]]
2026-04-28T18:05:09.924+07:00 DEBUG 8304 --- [ProjWEB] [nio-8081-exec-7] o.s.web.servlet.DispatcherServlet        : Completed 200 OK
2026-04-28T18:05:09.924+07:00 DEBUG 8304 --- [ProjWEB] [nio-8081-exec-2] o.s.w.s.handler.SimpleUrlHandlerMapping  : Mapped to ResourceHttpRequestHandler [URL [file:UIHome/], classpath [static/]]
2026-04-28T18:05:09.924+07:00 DEBUG 8304 --- [ProjWEB] [nio-8081-exec-8] o.s.web.servlet.DispatcherServlet        : GET "/img/bn3.jpg", parameters={}
2026-04-28T18:05:09.924+07:00 DEBUG 8304 --- [ProjWEB] [nio-8081-exec-2] o.s.web.servlet.DispatcherServlet        : Completed 200 OK
2026-04-28T18:05:09.924+07:00 DEBUG 8304 --- [ProjWEB] [nio-8081-exec-9] o.s.web.servlet.DispatcherServlet        : Completed 200 OK
2026-04-28T18:05:09.924+07:00 DEBUG 8304 --- [ProjWEB] [nio-8081-exec-8] o.s.w.s.handler.SimpleUrlHandlerMapping  : Mapped to ResourceHttpRequestHandler [URL [file:UIHome/], classpath [static/]]
2026-04-28T18:05:09.924+07:00 DEBUG 8304 --- [ProjWEB] [nio-8081-exec-6] o.s.web.servlet.DispatcherServlet        : GET "/img/bnlg2.svg", parameters={}
2026-04-28T18:05:09.924+07:00 DEBUG 8304 --- [ProjWEB] [nio-8081-exec-5] o.s.web.servlet.DispatcherServlet        : GET "/js/app.js", parameters={}
2026-04-28T18:05:09.924+07:00 DEBUG 8304 --- [ProjWEB] [nio-8081-exec-5] o.s.w.s.handler.SimpleUrlHandlerMapping  : Mapped to ResourceHttpRequestHandler [URL [file:UIHome/], classpath [static/]]
2026-04-28T18:05:09.924+07:00 DEBUG 8304 --- [ProjWEB] [nio-8081-exec-6] o.s.w.s.handler.SimpleUrlHandlerMapping  : Mapped to ResourceHttpRequestHandler [URL [file:UIHome/], classpath [static/]]
2026-04-28T18:05:09.924+07:00 DEBUG 8304 --- [ProjWEB] [nio-8081-exec-5] o.s.web.servlet.DispatcherServlet        : Completed 200 OK
2026-04-28T18:05:09.924+07:00 DEBUG 8304 --- [ProjWEB] [nio-8081-exec-8] o.s.web.servlet.DispatcherServlet        : Completed 200 OK
2026-04-28T18:05:09.924+07:00 DEBUG 8304 --- [ProjWEB] [nio-8081-exec-6] o.s.web.servlet.DispatcherServlet        : Completed 200 OK
2026-04-28T18:05:09.924+07:00 DEBUG 8304 --- [ProjWEB] [io-8081-exec-10] o.s.web.servlet.DispatcherServlet        : GET "/img/bn4.png", parameters={}
2026-04-28T18:05:09.924+07:00 DEBUG 8304 --- [ProjWEB] [io-8081-exec-10] o.s.w.s.handler.SimpleUrlHandlerMapping  : Mapped to ResourceHttpRequestHandler [URL [file:UIHome/], classpath [static/]]
2026-04-28T18:05:09.924+07:00 DEBUG 8304 --- [ProjWEB] [nio-8081-exec-3] o.s.web.servlet.DispatcherServlet        : GET "/img/bnlg4.png", parameters={}
2026-04-28T18:05:09.924+07:00 DEBUG 8304 --- [ProjWEB] [nio-8081-exec-4] o.s.web.servlet.DispatcherServlet        : GET "/img/bn6.jpg", parameters={}
2026-04-28T18:05:09.924+07:00 DEBUG 8304 --- [ProjWEB] [nio-8081-exec-1] o.s.web.servlet.DispatcherServlet        : GET "/img/bn5.jpg", parameters={}
2026-04-28T18:05:09.924+07:00 DEBUG 8304 --- [ProjWEB] [nio-8081-exec-3] o.s.w.s.handler.SimpleUrlHandlerMapping  : Mapped to ResourceHttpRequestHandler [URL [file:UIHome/], classpath [static/]]
2026-04-28T18:05:09.924+07:00 DEBUG 8304 --- [ProjWEB] [nio-8081-exec-4] o.s.w.s.handler.SimpleUrlHandlerMapping  : Mapped to ResourceHttpRequestHandler [URL [file:UIHome/], classpath [static/]]
2026-04-28T18:05:09.924+07:00 DEBUG 8304 --- [ProjWEB] [nio-8081-exec-7] o.s.web.servlet.DispatcherServlet        : GET "/img/bnlg6.svg", parameters={}
2026-04-28T18:05:09.924+07:00 DEBUG 8304 --- [ProjWEB] [nio-8081-exec-1] o.s.w.s.handler.SimpleUrlHandlerMapping  : Mapped to ResourceHttpRequestHandler [URL [file:UIHome/], classpath [static/]]
2026-04-28T18:05:09.924+07:00 DEBUG 8304 --- [ProjWEB] [nio-8081-exec-7] o.s.w.s.handler.SimpleUrlHandlerMapping  : Mapped to ResourceHttpRequestHandler [URL [file:UIHome/], classpath [static/]]
2026-04-28T18:05:09.924+07:00 DEBUG 8304 --- [ProjWEB] [nio-8081-exec-3] o.s.web.servlet.DispatcherServlet        : Completed 200 OK
2026-04-28T18:05:09.924+07:00 DEBUG 8304 --- [ProjWEB] [nio-8081-exec-2] o.s.web.servlet.DispatcherServlet        : GET "/img/ts1.jpg", parameters={}
2026-04-28T18:05:09.924+07:00 DEBUG 8304 --- [ProjWEB] [nio-8081-exec-7] o.s.web.servlet.DispatcherServlet        : Completed 200 OK
2026-04-28T18:05:09.924+07:00 DEBUG 8304 --- [ProjWEB] [nio-8081-exec-2] o.s.w.s.handler.SimpleUrlHandlerMapping  : Mapped to ResourceHttpRequestHandler [URL [file:UIHome/], classpath [static/]]
2026-04-28T18:05:09.924+07:00 DEBUG 8304 --- [ProjWEB] [io-8081-exec-10] o.s.web.servlet.DispatcherServlet        : Completed 200 OK
2026-04-28T18:05:09.924+07:00 DEBUG 8304 --- [ProjWEB] [nio-8081-exec-4] o.s.web.servlet.DispatcherServlet        : Completed 200 OK
2026-04-28T18:05:09.924+07:00 DEBUG 8304 --- [ProjWEB] [nio-8081-exec-1] o.s.web.servlet.DispatcherServlet        : Completed 200 OK
2026-04-28T18:05:09.940+07:00 DEBUG 8304 --- [ProjWEB] [nio-8081-exec-2] o.s.web.servlet.DispatcherServlet        : Completed 200 OK
2026-04-28T18:05:09.964+07:00 DEBUG 8304 --- [ProjWEB] [nio-8081-exec-9] o.s.web.servlet.DispatcherServlet        : GET "/img/bg1.jpg", parameters={}
2026-04-28T18:05:09.965+07:00 DEBUG 8304 --- [ProjWEB] [nio-8081-exec-9] o.s.w.s.handler.SimpleUrlHandlerMapping  : Mapped to ResourceHttpRequestHandler [URL [file:UIHome/], classpath [static/]]
2026-04-28T18:05:09.967+07:00 DEBUG 8304 --- [ProjWEB] [nio-8081-exec-9] o.s.web.servlet.DispatcherServlet        : Completed 200 OK
2026-04-28T18:05:09.979+07:00 DEBUG 8304 --- [ProjWEB] [nio-8081-exec-5] o.s.web.servlet.DispatcherServlet        : GET "/api/public/categories", parameters={}
2026-04-28T18:05:09.979+07:00 DEBUG 8304 --- [ProjWEB] [nio-8081-exec-5] s.w.s.m.m.a.RequestMappingHandlerMapping : Mapped to com.jewellery.ProjWEB.user.category.controller.CategoryController#getPublicCategories()
2026-04-28T18:05:09.980+07:00 DEBUG 8304 --- [ProjWEB] [nio-8081-exec-8] o.s.web.servlet.DispatcherServlet        : GET "/api/public/products", parameters={}
2026-04-28T18:05:09.982+07:00 DEBUG 8304 --- [ProjWEB] [nio-8081-exec-8] s.w.s.m.m.a.RequestMappingHandlerMapping : Mapped to com.jewellery.ProjWEB.user.product.controller.ProductController#getAllPublicProducts()
2026-04-28T18:05:09.987+07:00 DEBUG 8304 --- [ProjWEB] [nio-8081-exec-5] org.hibernate.SQL                        : select ce1_0.CategoryID,ce1_0.CategoryName,ce1_0.Description,ce1_0.Status from category ce1_0 where upper(ce1_0.Status)=upper(?)
Hibernate: select ce1_0.CategoryID,ce1_0.CategoryName,ce1_0.Description,ce1_0.Status from category ce1_0 where upper(ce1_0.Status)=upper(?)
2026-04-28T18:05:09.990+07:00 DEBUG 8304 --- [ProjWEB] [nio-8081-exec-8] org.hibernate.SQL                        : select pe1_0.ProductID,pe1_0.CategoryID,pe1_0.Description,pe1_0.ImageURL,pe1_0.Price,pe1_0.ProductName,pe1_0.Status from product pe1_0
Hibernate: select pe1_0.ProductID,pe1_0.CategoryID,pe1_0.Description,pe1_0.ImageURL,pe1_0.Price,pe1_0.ProductName,pe1_0.Status from product pe1_0
2026-04-28T18:05:09.992+07:00 DEBUG 8304 --- [ProjWEB] [nio-8081-exec-5] o.s.w.s.m.m.a.HttpEntityMethodProcessor  : Using 'application/json', given [*/*] and supported [application/json, application/*+json]
2026-04-28T18:05:09.993+07:00 DEBUG 8304 --- [ProjWEB] [nio-8081-exec-8] org.hibernate.SQL                        : select ce1_0.CategoryID,ce1_0.CategoryName,ce1_0.Description,ce1_0.Status from category ce1_0 where ce1_0.CategoryID=?
2026-04-28T18:05:09.993+07:00 DEBUG 8304 --- [ProjWEB] [nio-8081-exec-5] o.s.w.s.m.m.a.HttpEntityMethodProcessor  : Writing [[com.jewellery.ProjWEB.user.category.model.CategoryDTO@5f95b323, com.jewellery.ProjWEB.user.category (truncated)...]
Hibernate: select ce1_0.CategoryID,ce1_0.CategoryName,ce1_0.Description,ce1_0.Status from category ce1_0 where ce1_0.CategoryID=?
2026-04-28T18:05:09.994+07:00 DEBUG 8304 --- [ProjWEB] [nio-8081-exec-5] o.s.web.servlet.DispatcherServlet        : Completed 200 OK
2026-04-28T18:05:09.995+07:00 DEBUG 8304 --- [ProjWEB] [nio-8081-exec-8] org.hibernate.SQL                        : select ce1_0.CategoryID,ce1_0.CategoryName,ce1_0.Description,ce1_0.Status from category ce1_0 where ce1_0.CategoryID=?
Hibernate: select ce1_0.CategoryID,ce1_0.CategoryName,ce1_0.Description,ce1_0.Status from category ce1_0 where ce1_0.CategoryID=?
2026-04-28T18:05:09.996+07:00 DEBUG 8304 --- [ProjWEB] [nio-8081-exec-8] org.hibernate.SQL                        : select ce1_0.CategoryID,ce1_0.CategoryName,ce1_0.Description,ce1_0.Status from category ce1_0 where ce1_0.CategoryID=?
Hibernate: select ce1_0.CategoryID,ce1_0.CategoryName,ce1_0.Description,ce1_0.Status from category ce1_0 where ce1_0.CategoryID=?
2026-04-28T18:05:09.998+07:00 DEBUG 8304 --- [ProjWEB] [nio-8081-exec-8] org.hibernate.SQL                        : select ce1_0.CategoryID,ce1_0.CategoryName,ce1_0.Description,ce1_0.Status from category ce1_0 where ce1_0.CategoryID=?
Hibernate: select ce1_0.CategoryID,ce1_0.CategoryName,ce1_0.Description,ce1_0.Status from category ce1_0 where ce1_0.CategoryID=?
2026-04-28T18:05:09.999+07:00 DEBUG 8304 --- [ProjWEB] [nio-8081-exec-8] org.hibernate.SQL                        : select ce1_0.CategoryID,ce1_0.CategoryName,ce1_0.Description,ce1_0.Status from category ce1_0 where ce1_0.CategoryID=?
Hibernate: select ce1_0.CategoryID,ce1_0.CategoryName,ce1_0.Description,ce1_0.Status from category ce1_0 where ce1_0.CategoryID=?
2026-04-28T18:05:10.001+07:00 DEBUG 8304 --- [ProjWEB] [nio-8081-exec-8] org.hibernate.SQL                        : select ce1_0.CategoryID,ce1_0.CategoryName,ce1_0.Description,ce1_0.Status from category ce1_0 where ce1_0.CategoryID=?
Hibernate: select ce1_0.CategoryID,ce1_0.CategoryName,ce1_0.Description,ce1_0.Status from category ce1_0 where ce1_0.CategoryID=?
2026-04-28T18:05:10.002+07:00 DEBUG 8304 --- [ProjWEB] [nio-8081-exec-8] org.hibernate.SQL                        : select pd1_0.ProductID,pd1_0.productDetailID,pd1_0.composition,pd1_0.detailDescription,m1_0.materialID,m1_0.composition,m1_0.materialName,m1_0.purity,m1_0.unit,m1_0.weight,pd1_0.referenceWeight,pd1_0.stockQuantity from ProductDetail pd1_0 left join Material m1_0 on m1_0.materialID=pd1_0.MaterialID where pd1_0.ProductID=?
Hibernate: select pd1_0.ProductID,pd1_0.productDetailID,pd1_0.composition,pd1_0.detailDescription,m1_0.materialID,m1_0.composition,m1_0.materialName,m1_0.purity,m1_0.unit,m1_0.weight,pd1_0.referenceWeight,pd1_0.stockQuantity from ProductDetail pd1_0 left join Material m1_0 on m1_0.materialID=pd1_0.MaterialID where pd1_0.ProductID=?
2026-04-28T18:05:10.005+07:00 DEBUG 8304 --- [ProjWEB] [nio-8081-exec-8] org.hibernate.SQL                        : select pd1_0.ProductID,pd1_0.productDetailID,pd1_0.composition,pd1_0.detailDescription,m1_0.materialID,m1_0.composition,m1_0.materialName,m1_0.purity,m1_0.unit,m1_0.weight,pd1_0.referenceWeight,pd1_0.stockQuantity from ProductDetail pd1_0 left join Material m1_0 on m1_0.materialID=pd1_0.MaterialID where pd1_0.ProductID=?
Hibernate: select pd1_0.ProductID,pd1_0.productDetailID,pd1_0.composition,pd1_0.detailDescription,m1_0.materialID,m1_0.composition,m1_0.materialName,m1_0.purity,m1_0.unit,m1_0.weight,pd1_0.referenceWeight,pd1_0.stockQuantity from ProductDetail pd1_0 left join Material m1_0 on m1_0.materialID=pd1_0.MaterialID where pd1_0.ProductID=?
2026-04-28T18:05:10.007+07:00 DEBUG 8304 --- [ProjWEB] [nio-8081-exec-8] org.hibernate.SQL                        : select pd1_0.ProductID,pd1_0.productDetailID,pd1_0.composition,pd1_0.detailDescription,m1_0.materialID,m1_0.composition,m1_0.materialName,m1_0.purity,m1_0.unit,m1_0.weight,pd1_0.referenceWeight,pd1_0.stockQuantity from ProductDetail pd1_0 left join Material m1_0 on m1_0.materialID=pd1_0.MaterialID where pd1_0.ProductID=?
Hibernate: select pd1_0.ProductID,pd1_0.productDetailID,pd1_0.composition,pd1_0.detailDescription,m1_0.materialID,m1_0.composition,m1_0.materialName,m1_0.purity,m1_0.unit,m1_0.weight,pd1_0.referenceWeight,pd1_0.stockQuantity from ProductDetail pd1_0 left join Material m1_0 on m1_0.materialID=pd1_0.MaterialID where pd1_0.ProductID=?
2026-04-28T18:05:10.008+07:00 DEBUG 8304 --- [ProjWEB] [nio-8081-exec-8] org.hibernate.SQL                        : select pd1_0.ProductID,pd1_0.productDetailID,pd1_0.composition,pd1_0.detailDescription,m1_0.materialID,m1_0.composition,m1_0.materialName,m1_0.purity,m1_0.unit,m1_0.weight,pd1_0.referenceWeight,pd1_0.stockQuantity from ProductDetail pd1_0 left join Material m1_0 on m1_0.materialID=pd1_0.MaterialID where pd1_0.ProductID=?
Hibernate: select pd1_0.ProductID,pd1_0.productDetailID,pd1_0.composition,pd1_0.detailDescription,m1_0.materialID,m1_0.composition,m1_0.materialName,m1_0.purity,m1_0.unit,m1_0.weight,pd1_0.referenceWeight,pd1_0.stockQuantity from ProductDetail pd1_0 left join Material m1_0 on m1_0.materialID=pd1_0.MaterialID where pd1_0.ProductID=?
2026-04-28T18:05:10.010+07:00 DEBUG 8304 --- [ProjWEB] [nio-8081-exec-8] org.hibernate.SQL                        : select pd1_0.ProductID,pd1_0.productDetailID,pd1_0.composition,pd1_0.detailDescription,m1_0.materialID,m1_0.composition,m1_0.materialName,m1_0.purity,m1_0.unit,m1_0.weight,pd1_0.referenceWeight,pd1_0.stockQuantity from ProductDetail pd1_0 left join Material m1_0 on m1_0.materialID=pd1_0.MaterialID where pd1_0.ProductID=?
Hibernate: select pd1_0.ProductID,pd1_0.productDetailID,pd1_0.composition,pd1_0.detailDescription,m1_0.materialID,m1_0.composition,m1_0.materialName,m1_0.purity,m1_0.unit,m1_0.weight,pd1_0.referenceWeight,pd1_0.stockQuantity from ProductDetail pd1_0 left join Material m1_0 on m1_0.materialID=pd1_0.MaterialID where pd1_0.ProductID=?
2026-04-28T18:05:10.011+07:00 DEBUG 8304 --- [ProjWEB] [nio-8081-exec-8] org.hibernate.SQL                        : select pd1_0.ProductID,pd1_0.productDetailID,pd1_0.composition,pd1_0.detailDescription,m1_0.materialID,m1_0.composition,m1_0.materialName,m1_0.purity,m1_0.unit,m1_0.weight,pd1_0.referenceWeight,pd1_0.stockQuantity from ProductDetail pd1_0 left join Material m1_0 on m1_0.materialID=pd1_0.MaterialID where pd1_0.ProductID=?
Hibernate: select pd1_0.ProductID,pd1_0.productDetailID,pd1_0.composition,pd1_0.detailDescription,m1_0.materialID,m1_0.composition,m1_0.materialName,m1_0.purity,m1_0.unit,m1_0.weight,pd1_0.referenceWeight,pd1_0.stockQuantity from ProductDetail pd1_0 left join Material m1_0 on m1_0.materialID=pd1_0.MaterialID where pd1_0.ProductID=?
2026-04-28T18:05:10.013+07:00 DEBUG 8304 --- [ProjWEB] [nio-8081-exec-8] org.hibernate.SQL                        : select pd1_0.ProductID,pd1_0.productDetailID,pd1_0.composition,pd1_0.detailDescription,m1_0.materialID,m1_0.composition,m1_0.materialName,m1_0.purity,m1_0.unit,m1_0.weight,pd1_0.referenceWeight,pd1_0.stockQuantity from ProductDetail pd1_0 left join Material m1_0 on m1_0.materialID=pd1_0.MaterialID where pd1_0.ProductID=?
Hibernate: select pd1_0.ProductID,pd1_0.productDetailID,pd1_0.composition,pd1_0.detailDescription,m1_0.materialID,m1_0.composition,m1_0.materialName,m1_0.purity,m1_0.unit,m1_0.weight,pd1_0.referenceWeight,pd1_0.stockQuantity from ProductDetail pd1_0 left join Material m1_0 on m1_0.materialID=pd1_0.MaterialID where pd1_0.ProductID=?
2026-04-28T18:05:10.015+07:00 DEBUG 8304 --- [ProjWEB] [nio-8081-exec-8] m.m.a.RequestResponseBodyMethodProcessor : Using 'application/json', given [*/*] and supported [application/json, application/*+json]
2026-04-28T18:05:10.016+07:00 DEBUG 8304 --- [ProjWEB] [nio-8081-exec-8] m.m.a.RequestResponseBodyMethodProcessor : Writing [[com.jewellery.ProjWEB.user.product.model.ProductDTO@7ec2147e, com.jewellery.ProjWEB.user.product.mo (truncated)...]
2026-04-28T18:05:10.017+07:00 DEBUG 8304 --- [ProjWEB] [nio-8081-exec-8] o.s.web.servlet.DispatcherServlet        : Completed 200 OK
2026-04-28T18:05:10.040+07:00 DEBUG 8304 --- [ProjWEB] [nio-8081-exec-6] o.s.web.servlet.DispatcherServlet        : GET "/favicon.ico", parameters={}
2026-04-28T18:05:10.041+07:00 DEBUG 8304 --- [ProjWEB] [nio-8081-exec-6] o.s.w.s.handler.SimpleUrlHandlerMapping  : Mapped to ResourceHttpRequestHandler [URL [file:UIHome/], classpath [static/]]
2026-04-28T18:05:10.042+07:00 DEBUG 8304 --- [ProjWEB] [nio-8081-exec-6] o.s.w.s.r.ResourceHttpRequestHandler     : Resource not found
2026-04-28T18:05:10.043+07:00 DEBUG 8304 --- [ProjWEB] [nio-8081-exec-7] o.s.web.servlet.DispatcherServlet        : GET "/img/vong_co.png", parameters={}
2026-04-28T18:05:10.043+07:00 DEBUG 8304 --- [ProjWEB] [io-8081-exec-10] o.s.web.servlet.DispatcherServlet        : GET "/img/vongtay.jpg", parameters={}
2026-04-28T18:05:10.043+07:00 DEBUG 8304 --- [ProjWEB] [nio-8081-exec-3] o.s.web.servlet.DispatcherServlet        : GET "/img/nhan.png", parameters={}
2026-04-28T18:05:10.044+07:00 DEBUG 8304 --- [ProjWEB] [nio-8081-exec-1] o.s.web.servlet.DispatcherServlet        : GET "/img/vongchan.png", parameters={}
2026-04-28T18:05:10.044+07:00 DEBUG 8304 --- [ProjWEB] [nio-8081-exec-7] o.s.w.s.handler.SimpleUrlHandlerMapping  : Mapped to ResourceHttpRequestHandler [URL [file:UIHome/], classpath [static/]]
2026-04-28T18:05:10.044+07:00 DEBUG 8304 --- [ProjWEB] [io-8081-exec-10] o.s.w.s.handler.SimpleUrlHandlerMapping  : Mapped to ResourceHttpRequestHandler [URL [file:UIHome/], classpath [static/]]
2026-04-28T18:05:10.044+07:00 DEBUG 8304 --- [ProjWEB] [nio-8081-exec-3] o.s.w.s.handler.SimpleUrlHandlerMapping  : Mapped to ResourceHttpRequestHandler [URL [file:UIHome/], classpath [static/]]
2026-04-28T18:05:10.044+07:00 DEBUG 8304 --- [ProjWEB] [nio-8081-exec-4] o.s.web.servlet.DispatcherServlet        : GET "/img/bongtai.jpg", parameters={}
2026-04-28T18:05:10.044+07:00 DEBUG 8304 --- [ProjWEB] [nio-8081-exec-1] o.s.w.s.handler.SimpleUrlHandlerMapping  : Mapped to ResourceHttpRequestHandler [URL [file:UIHome/], classpath [static/]]
2026-04-28T18:05:10.045+07:00 DEBUG 8304 --- [ProjWEB] [nio-8081-exec-4] o.s.w.s.handler.SimpleUrlHandlerMapping  : Mapped to ResourceHttpRequestHandler [URL [file:UIHome/], classpath [static/]]
2026-04-28T18:05:10.047+07:00 DEBUG 8304 --- [ProjWEB] [io-8081-exec-10] o.s.web.servlet.DispatcherServlet        : Completed 200 OK
2026-04-28T18:05:10.048+07:00 DEBUG 8304 --- [ProjWEB] [nio-8081-exec-3] o.s.web.servlet.DispatcherServlet        : Completed 200 OK
2026-04-28T18:05:10.049+07:00 DEBUG 8304 --- [ProjWEB] [nio-8081-exec-4] o.s.web.servlet.DispatcherServlet        : Completed 200 OK
2026-04-28T18:05:10.049+07:00 DEBUG 8304 --- [ProjWEB] [nio-8081-exec-7] o.s.web.servlet.DispatcherServlet        : Completed 200 OK
2026-04-28T18:05:10.052+07:00 DEBUG 8304 --- [ProjWEB] [nio-8081-exec-1] o.s.web.servlet.DispatcherServlet        : Completed 200 OK
2026-04-28T18:05:10.052+07:00 DEBUG 8304 --- [ProjWEB] [nio-8081-exec-2] o.s.web.servlet.DispatcherServlet        : GET "/img/trangsuccuoi.png", parameters={}
2026-04-28T18:05:10.053+07:00 DEBUG 8304 --- [ProjWEB] [nio-8081-exec-2] o.s.w.s.handler.SimpleUrlHandlerMapping  : Mapped to ResourceHttpRequestHandler [URL [file:UIHome/], classpath [static/]]
2026-04-28T18:05:10.054+07:00 DEBUG 8304 --- [ProjWEB] [nio-8081-exec-9] o.s.web.servlet.DispatcherServlet        : GET "/img/charm.png", parameters={}
2026-04-28T18:05:10.054+07:00 DEBUG 8304 --- [ProjWEB] [nio-8081-exec-9] o.s.w.s.handler.SimpleUrlHandlerMapping  : Mapped to ResourceHttpRequestHandler [URL [file:UIHome/], classpath [static/]]
2026-04-28T18:05:10.057+07:00 DEBUG 8304 --- [ProjWEB] [nio-8081-exec-6] .m.m.a.ExceptionHandlerExceptionResolver : Using @ExceptionHandler com.jewellery.ProjWEB.exception.GlobalExceptionHandler#handleGenericException(Exception)
2026-04-28T18:05:10.058+07:00 DEBUG 8304 --- [ProjWEB] [nio-8081-exec-6] o.s.w.s.m.m.a.HttpEntityMethodProcessor  : Using 'application/json;q=0.8', given [image/avif, image/webp, image/apng, image/svg+xml, image/*, */*;q=0.8] and supported [application/json, application/*+json]
2026-04-28T18:05:10.059+07:00 DEBUG 8304 --- [ProjWEB] [nio-8081-exec-6] o.s.w.s.m.m.a.HttpEntityMethodProcessor  : Writing [{timestamp=2026-04-28T18:05:10.058881, status=500, error=Internal Server Error, message=An unexpecte (truncated)...]
2026-04-28T18:05:10.060+07:00  WARN 8304 --- [ProjWEB] [nio-8081-exec-6] .m.m.a.ExceptionHandlerExceptionResolver : Resolved [org.springframework.web.servlet.resource.NoResourceFoundException: No static resource favicon.ico for request '/favicon.ico'.]
2026-04-28T18:05:10.060+07:00 DEBUG 8304 --- [ProjWEB] [nio-8081-exec-6] o.s.web.servlet.DispatcherServlet        : Completed 500 INTERNAL_SERVER_ERROR
2026-04-28T18:05:10.062+07:00 DEBUG 8304 --- [ProjWEB] [nio-8081-exec-9] o.s.web.servlet.DispatcherServlet        : Completed 200 OK
2026-04-28T18:05:10.064+07:00 DEBUG 8304 --- [ProjWEB] [nio-8081-exec-2] o.s.web.servlet.DispatcherServlet        : Completed 200 OK
2026-04-28T18:05:10.075+07:00 DEBUG 8304 --- [ProjWEB] [nio-8081-exec-5] o.s.web.servlet.DispatcherServlet        : GET "/favicon.ico", parameters={}
2026-04-28T18:05:10.075+07:00 DEBUG 8304 --- [ProjWEB] [nio-8081-exec-5] o.s.w.s.handler.SimpleUrlHandlerMapping  : Mapped to ResourceHttpRequestHandler [URL [file:UIHome/], classpath [static/]]
2026-04-28T18:05:10.076+07:00 DEBUG 8304 --- [ProjWEB] [nio-8081-exec-5] o.s.w.s.r.ResourceHttpRequestHandler     : Resource not found
2026-04-28T18:05:10.076+07:00 DEBUG 8304 --- [ProjWEB] [nio-8081-exec-5] .m.m.a.ExceptionHandlerExceptionResolver : Using @ExceptionHandler com.jewellery.ProjWEB.exception.GlobalExceptionHandler#handleGenericException(Exception)
2026-04-28T18:05:10.077+07:00 DEBUG 8304 --- [ProjWEB] [nio-8081-exec-5] o.s.w.s.m.m.a.HttpEntityMethodProcessor  : Using 'application/json;q=0.8', given [image/avif, image/webp, image/apng, image/svg+xml, image/*, */*;q=0.8] and supported [application/json, application/*+json]
2026-04-28T18:05:10.077+07:00 DEBUG 8304 --- [ProjWEB] [nio-8081-exec-5] o.s.w.s.m.m.a.HttpEntityMethodProcessor  : Writing [{timestamp=2026-04-28T18:05:10.077237300, status=500, error=Internal Server Error, message=An unexpe (truncated)...]
2026-04-28T18:05:10.078+07:00  WARN 8304 --- [ProjWEB] [nio-8081-exec-5] .m.m.a.ExceptionHandlerExceptionResolver : Resolved [org.springframework.web.servlet.resource.NoResourceFoundException: No static resource favicon.ico for request '/favicon.ico'.]
2026-04-28T18:05:10.078+07:00 DEBUG 8304 --- [ProjWEB] [nio-8081-exec-5] o.s.web.servlet.DispatcherServlet        : Completed 500 INTERNAL_SERVER_ERROR
2026-04-28T18:05:19.273+07:00 DEBUG 8304 --- [ProjWEB] [nio-8081-exec-8] o.s.web.servlet.DispatcherServlet        : GET "/sanpham.html", parameters={}
2026-04-28T18:05:19.274+07:00 DEBUG 8304 --- [ProjWEB] [nio-8081-exec-8] o.s.w.s.handler.SimpleUrlHandlerMapping  : Mapped to ResourceHttpRequestHandler [URL [file:UIHome/], classpath [static/]]
2026-04-28T18:05:19.275+07:00 DEBUG 8304 --- [ProjWEB] [nio-8081-exec-8] o.s.web.servlet.DispatcherServlet        : Completed 200 OK
2026-04-28T18:05:19.293+07:00 DEBUG 8304 --- [ProjWEB] [io-8081-exec-10] o.s.web.servlet.DispatcherServlet        : GET "/css/base.css?v=20260413-2338", parameters={masked}
2026-04-28T18:05:19.294+07:00 DEBUG 8304 --- [ProjWEB] [io-8081-exec-10] o.s.w.s.handler.SimpleUrlHandlerMapping  : Mapped to ResourceHttpRequestHandler [URL [file:UIHome/], classpath [static/]]
2026-04-28T18:05:19.295+07:00 DEBUG 8304 --- [ProjWEB] [io-8081-exec-10] o.s.web.servlet.DispatcherServlet        : Completed 200 OK
2026-04-28T18:05:19.298+07:00 DEBUG 8304 --- [ProjWEB] [nio-8081-exec-4] o.s.web.servlet.DispatcherServlet        : GET "/js/sanpham-data.js?v=20260413-2338", parameters={masked}
2026-04-28T18:05:19.298+07:00 DEBUG 8304 --- [ProjWEB] [nio-8081-exec-3] o.s.web.servlet.DispatcherServlet        : GET "/css/sanpham.css?v=20260413-2338", parameters={masked}
2026-04-28T18:05:19.299+07:00 DEBUG 8304 --- [ProjWEB] [nio-8081-exec-3] o.s.w.s.handler.SimpleUrlHandlerMapping  : Mapped to ResourceHttpRequestHandler [URL [file:UIHome/], classpath [static/]]
2026-04-28T18:05:19.299+07:00 DEBUG 8304 --- [ProjWEB] [nio-8081-exec-4] o.s.w.s.handler.SimpleUrlHandlerMapping  : Mapped to ResourceHttpRequestHandler [URL [file:UIHome/], classpath [static/]]
2026-04-28T18:05:19.300+07:00 DEBUG 8304 --- [ProjWEB] [nio-8081-exec-4] o.s.web.servlet.DispatcherServlet        : Completed 200 OK
2026-04-28T18:05:19.300+07:00 DEBUG 8304 --- [ProjWEB] [nio-8081-exec-3] o.s.web.servlet.DispatcherServlet        : Completed 200 OK
2026-04-28T18:05:19.305+07:00 DEBUG 8304 --- [ProjWEB] [nio-8081-exec-7] o.s.web.servlet.DispatcherServlet        : GET "/img/bg1.jpg", parameters={}
2026-04-28T18:05:19.307+07:00 DEBUG 8304 --- [ProjWEB] [nio-8081-exec-7] o.s.w.s.handler.SimpleUrlHandlerMapping  : Mapped to ResourceHttpRequestHandler [URL [file:UIHome/], classpath [static/]]
2026-04-28T18:05:19.309+07:00 DEBUG 8304 --- [ProjWEB] [nio-8081-exec-7] o.s.web.servlet.DispatcherServlet        : Completed 200 OK
2026-04-28T18:05:19.310+07:00 DEBUG 8304 --- [ProjWEB] [nio-8081-exec-1] o.s.web.servlet.DispatcherServlet        : GET "/api/public/products", parameters={}
2026-04-28T18:05:19.311+07:00 DEBUG 8304 --- [ProjWEB] [nio-8081-exec-1] s.w.s.m.m.a.RequestMappingHandlerMapping : Mapped to com.jewellery.ProjWEB.user.product.controller.ProductController#getAllPublicProducts()
2026-04-28T18:05:19.313+07:00 DEBUG 8304 --- [ProjWEB] [nio-8081-exec-1] org.hibernate.SQL                        : select pe1_0.ProductID,pe1_0.CategoryID,pe1_0.Description,pe1_0.ImageURL,pe1_0.Price,pe1_0.ProductName,pe1_0.Status from product pe1_0
Hibernate: select pe1_0.ProductID,pe1_0.CategoryID,pe1_0.Description,pe1_0.ImageURL,pe1_0.Price,pe1_0.ProductName,pe1_0.Status from product pe1_0
2026-04-28T18:05:19.314+07:00 DEBUG 8304 --- [ProjWEB] [nio-8081-exec-6] o.s.web.servlet.DispatcherServlet        : GET "/favicon.ico", parameters={}
2026-04-28T18:05:19.315+07:00 DEBUG 8304 --- [ProjWEB] [nio-8081-exec-6] o.s.w.s.handler.SimpleUrlHandlerMapping  : Mapped to ResourceHttpRequestHandler [URL [file:UIHome/], classpath [static/]]
2026-04-28T18:05:19.315+07:00 DEBUG 8304 --- [ProjWEB] [nio-8081-exec-1] org.hibernate.SQL                        : select ce1_0.CategoryID,ce1_0.CategoryName,ce1_0.Description,ce1_0.Status from category ce1_0 where ce1_0.CategoryID=?
Hibernate: select ce1_0.CategoryID,ce1_0.CategoryName,ce1_0.Description,ce1_0.Status from category ce1_0 where ce1_0.CategoryID=?
2026-04-28T18:05:19.315+07:00 DEBUG 8304 --- [ProjWEB] [nio-8081-exec-6] o.s.w.s.r.ResourceHttpRequestHandler     : Resource not found
2026-04-28T18:05:19.316+07:00 DEBUG 8304 --- [ProjWEB] [nio-8081-exec-6] .m.m.a.ExceptionHandlerExceptionResolver : Using @ExceptionHandler com.jewellery.ProjWEB.exception.GlobalExceptionHandler#handleGenericException(Exception)
2026-04-28T18:05:19.316+07:00 DEBUG 8304 --- [ProjWEB] [nio-8081-exec-1] org.hibernate.SQL                        : select ce1_0.CategoryID,ce1_0.CategoryName,ce1_0.Description,ce1_0.Status from category ce1_0 where ce1_0.CategoryID=?
Hibernate: select ce1_0.CategoryID,ce1_0.CategoryName,ce1_0.Description,ce1_0.Status from category ce1_0 where ce1_0.CategoryID=?
2026-04-28T18:05:19.316+07:00 DEBUG 8304 --- [ProjWEB] [nio-8081-exec-6] o.s.w.s.m.m.a.HttpEntityMethodProcessor  : Using 'application/json;q=0.8', given [image/avif, image/webp, image/apng, image/svg+xml, image/*, */*;q=0.8] and supported [application/json, application/*+json]
2026-04-28T18:05:19.317+07:00 DEBUG 8304 --- [ProjWEB] [nio-8081-exec-6] o.s.w.s.m.m.a.HttpEntityMethodProcessor  : Writing [{timestamp=2026-04-28T18:05:19.316660900, status=500, error=Internal Server Error, message=An unexpe (truncated)...]
2026-04-28T18:05:19.317+07:00 DEBUG 8304 --- [ProjWEB] [nio-8081-exec-1] org.hibernate.SQL                        : select ce1_0.CategoryID,ce1_0.CategoryName,ce1_0.Description,ce1_0.Status from category ce1_0 where ce1_0.CategoryID=?
Hibernate: select ce1_0.CategoryID,ce1_0.CategoryName,ce1_0.Description,ce1_0.Status from category ce1_0 where ce1_0.CategoryID=?
2026-04-28T18:05:19.317+07:00  WARN 8304 --- [ProjWEB] [nio-8081-exec-6] .m.m.a.ExceptionHandlerExceptionResolver : Resolved [org.springframework.web.servlet.resource.NoResourceFoundException: No static resource favicon.ico for request '/favicon.ico'.]
2026-04-28T18:05:19.318+07:00 DEBUG 8304 --- [ProjWEB] [nio-8081-exec-6] o.s.web.servlet.DispatcherServlet        : Completed 500 INTERNAL_SERVER_ERROR
2026-04-28T18:05:19.318+07:00 DEBUG 8304 --- [ProjWEB] [nio-8081-exec-1] org.hibernate.SQL                        : select ce1_0.CategoryID,ce1_0.CategoryName,ce1_0.Description,ce1_0.Status from category ce1_0 where ce1_0.CategoryID=?
Hibernate: select ce1_0.CategoryID,ce1_0.CategoryName,ce1_0.Description,ce1_0.Status from category ce1_0 where ce1_0.CategoryID=?
2026-04-28T18:05:19.319+07:00 DEBUG 8304 --- [ProjWEB] [nio-8081-exec-1] org.hibernate.SQL                        : select ce1_0.CategoryID,ce1_0.CategoryName,ce1_0.Description,ce1_0.Status from category ce1_0 where ce1_0.CategoryID=?
Hibernate: select ce1_0.CategoryID,ce1_0.CategoryName,ce1_0.Description,ce1_0.Status from category ce1_0 where ce1_0.CategoryID=?
2026-04-28T18:05:19.320+07:00 DEBUG 8304 --- [ProjWEB] [nio-8081-exec-1] org.hibernate.SQL                        : select ce1_0.CategoryID,ce1_0.CategoryName,ce1_0.Description,ce1_0.Status from category ce1_0 where ce1_0.CategoryID=?
Hibernate: select ce1_0.CategoryID,ce1_0.CategoryName,ce1_0.Description,ce1_0.Status from category ce1_0 where ce1_0.CategoryID=?
2026-04-28T18:05:19.321+07:00 DEBUG 8304 --- [ProjWEB] [nio-8081-exec-1] org.hibernate.SQL                        : select pd1_0.ProductID,pd1_0.productDetailID,pd1_0.composition,pd1_0.detailDescription,m1_0.materialID,m1_0.composition,m1_0.materialName,m1_0.purity,m1_0.unit,m1_0.weight,pd1_0.referenceWeight,pd1_0.stockQuantity from ProductDetail pd1_0 left join Material m1_0 on m1_0.materialID=pd1_0.MaterialID where pd1_0.ProductID=?
Hibernate: select pd1_0.ProductID,pd1_0.productDetailID,pd1_0.composition,pd1_0.detailDescription,m1_0.materialID,m1_0.composition,m1_0.materialName,m1_0.purity,m1_0.unit,m1_0.weight,pd1_0.referenceWeight,pd1_0.stockQuantity from ProductDetail pd1_0 left join Material m1_0 on m1_0.materialID=pd1_0.MaterialID where pd1_0.ProductID=?
2026-04-28T18:05:19.322+07:00 DEBUG 8304 --- [ProjWEB] [nio-8081-exec-1] org.hibernate.SQL                        : select pd1_0.ProductID,pd1_0.productDetailID,pd1_0.composition,pd1_0.detailDescription,m1_0.materialID,m1_0.composition,m1_0.materialName,m1_0.purity,m1_0.unit,m1_0.weight,pd1_0.referenceWeight,pd1_0.stockQuantity from ProductDetail pd1_0 left join Material m1_0 on m1_0.materialID=pd1_0.MaterialID where pd1_0.ProductID=?
Hibernate: select pd1_0.ProductID,pd1_0.productDetailID,pd1_0.composition,pd1_0.detailDescription,m1_0.materialID,m1_0.composition,m1_0.materialName,m1_0.purity,m1_0.unit,m1_0.weight,pd1_0.referenceWeight,pd1_0.stockQuantity from ProductDetail pd1_0 left join Material m1_0 on m1_0.materialID=pd1_0.MaterialID where pd1_0.ProductID=?
2026-04-28T18:05:19.324+07:00 DEBUG 8304 --- [ProjWEB] [nio-8081-exec-1] org.hibernate.SQL                        : select pd1_0.ProductID,pd1_0.productDetailID,pd1_0.composition,pd1_0.detailDescription,m1_0.materialID,m1_0.composition,m1_0.materialName,m1_0.purity,m1_0.unit,m1_0.weight,pd1_0.referenceWeight,pd1_0.stockQuantity from ProductDetail pd1_0 left join Material m1_0 on m1_0.materialID=pd1_0.MaterialID where pd1_0.ProductID=?
Hibernate: select pd1_0.ProductID,pd1_0.productDetailID,pd1_0.composition,pd1_0.detailDescription,m1_0.materialID,m1_0.composition,m1_0.materialName,m1_0.purity,m1_0.unit,m1_0.weight,pd1_0.referenceWeight,pd1_0.stockQuantity from ProductDetail pd1_0 left join Material m1_0 on m1_0.materialID=pd1_0.MaterialID where pd1_0.ProductID=?
2026-04-28T18:05:19.325+07:00 DEBUG 8304 --- [ProjWEB] [nio-8081-exec-1] org.hibernate.SQL                        : select pd1_0.ProductID,pd1_0.productDetailID,pd1_0.composition,pd1_0.detailDescription,m1_0.materialID,m1_0.composition,m1_0.materialName,m1_0.purity,m1_0.unit,m1_0.weight,pd1_0.referenceWeight,pd1_0.stockQuantity from ProductDetail pd1_0 left join Material m1_0 on m1_0.materialID=pd1_0.MaterialID where pd1_0.ProductID=?
Hibernate: select pd1_0.ProductID,pd1_0.productDetailID,pd1_0.composition,pd1_0.detailDescription,m1_0.materialID,m1_0.composition,m1_0.materialName,m1_0.purity,m1_0.unit,m1_0.weight,pd1_0.referenceWeight,pd1_0.stockQuantity from ProductDetail pd1_0 left join Material m1_0 on m1_0.materialID=pd1_0.MaterialID where pd1_0.ProductID=?
2026-04-28T18:05:19.327+07:00 DEBUG 8304 --- [ProjWEB] [nio-8081-exec-1] org.hibernate.SQL                        : select pd1_0.ProductID,pd1_0.productDetailID,pd1_0.composition,pd1_0.detailDescription,m1_0.materialID,m1_0.composition,m1_0.materialName,m1_0.purity,m1_0.unit,m1_0.weight,pd1_0.referenceWeight,pd1_0.stockQuantity from ProductDetail pd1_0 left join Material m1_0 on m1_0.materialID=pd1_0.MaterialID where pd1_0.ProductID=?
Hibernate: select pd1_0.ProductID,pd1_0.productDetailID,pd1_0.composition,pd1_0.detailDescription,m1_0.materialID,m1_0.composition,m1_0.materialName,m1_0.purity,m1_0.unit,m1_0.weight,pd1_0.referenceWeight,pd1_0.stockQuantity from ProductDetail pd1_0 left join Material m1_0 on m1_0.materialID=pd1_0.MaterialID where pd1_0.ProductID=?
2026-04-28T18:05:19.328+07:00 DEBUG 8304 --- [ProjWEB] [nio-8081-exec-1] org.hibernate.SQL                        : select pd1_0.ProductID,pd1_0.productDetailID,pd1_0.composition,pd1_0.detailDescription,m1_0.materialID,m1_0.composition,m1_0.materialName,m1_0.purity,m1_0.unit,m1_0.weight,pd1_0.referenceWeight,pd1_0.stockQuantity from ProductDetail pd1_0 left join Material m1_0 on m1_0.materialID=pd1_0.MaterialID where pd1_0.ProductID=?
Hibernate: select pd1_0.ProductID,pd1_0.productDetailID,pd1_0.composition,pd1_0.detailDescription,m1_0.materialID,m1_0.composition,m1_0.materialName,m1_0.purity,m1_0.unit,m1_0.weight,pd1_0.referenceWeight,pd1_0.stockQuantity from ProductDetail pd1_0 left join Material m1_0 on m1_0.materialID=pd1_0.MaterialID where pd1_0.ProductID=?
2026-04-28T18:05:19.329+07:00 DEBUG 8304 --- [ProjWEB] [nio-8081-exec-1] org.hibernate.SQL                        : select pd1_0.ProductID,pd1_0.productDetailID,pd1_0.composition,pd1_0.detailDescription,m1_0.materialID,m1_0.composition,m1_0.materialName,m1_0.purity,m1_0.unit,m1_0.weight,pd1_0.referenceWeight,pd1_0.stockQuantity from ProductDetail pd1_0 left join Material m1_0 on m1_0.materialID=pd1_0.MaterialID where pd1_0.ProductID=?
Hibernate: select pd1_0.ProductID,pd1_0.productDetailID,pd1_0.composition,pd1_0.detailDescription,m1_0.materialID,m1_0.composition,m1_0.materialName,m1_0.purity,m1_0.unit,m1_0.weight,pd1_0.referenceWeight,pd1_0.stockQuantity from ProductDetail pd1_0 left join Material m1_0 on m1_0.materialID=pd1_0.MaterialID where pd1_0.ProductID=?
2026-04-28T18:05:19.331+07:00 DEBUG 8304 --- [ProjWEB] [nio-8081-exec-1] m.m.a.RequestResponseBodyMethodProcessor : Using 'application/json', given [*/*] and supported [application/json, application/*+json]
2026-04-28T18:05:19.331+07:00 DEBUG 8304 --- [ProjWEB] [nio-8081-exec-1] m.m.a.RequestResponseBodyMethodProcessor : Writing [[com.jewellery.ProjWEB.user.product.model.ProductDTO@56880746, com.jewellery.ProjWEB.user.product.mo (truncated)...]
2026-04-28T18:05:19.331+07:00 DEBUG 8304 --- [ProjWEB] [nio-8081-exec-1] o.s.web.servlet.DispatcherServlet        : Completed 200 OK
2026-04-28T18:05:38.673+07:00 DEBUG 8304 --- [ProjWEB] [nio-8081-exec-9] o.s.web.servlet.DispatcherServlet        : GET "/giohang.html", parameters={}
2026-04-28T18:05:38.698+07:00 DEBUG 8304 --- [ProjWEB] [nio-8081-exec-9] o.s.w.s.handler.SimpleUrlHandlerMapping  : Mapped to ResourceHttpRequestHandler [URL [file:UIHome/], classpath [static/]]
2026-04-28T18:05:38.699+07:00 DEBUG 8304 --- [ProjWEB] [nio-8081-exec-9] o.s.web.servlet.DispatcherServlet        : Completed 200 OK
2026-04-28T18:05:38.715+07:00 DEBUG 8304 --- [ProjWEB] [nio-8081-exec-2] o.s.web.servlet.DispatcherServlet        : GET "/css/sanpham.css?v=20260413-2338", parameters={masked}
2026-04-28T18:05:38.716+07:00 DEBUG 8304 --- [ProjWEB] [nio-8081-exec-2] o.s.w.s.handler.SimpleUrlHandlerMapping  : Mapped to ResourceHttpRequestHandler [URL [file:UIHome/], classpath [static/]]
2026-04-28T18:05:38.717+07:00 DEBUG 8304 --- [ProjWEB] [nio-8081-exec-5] o.s.web.servlet.DispatcherServlet        : GET "/css/giohang.css?v=20260413-2338", parameters={masked}
2026-04-28T18:05:38.717+07:00 DEBUG 8304 --- [ProjWEB] [nio-8081-exec-8] o.s.web.servlet.DispatcherServlet        : GET "/js/giohang-data.js?v=20260413-2338", parameters={masked}
2026-04-28T18:05:38.718+07:00 DEBUG 8304 --- [ProjWEB] [nio-8081-exec-2] o.s.web.servlet.DispatcherServlet        : Completed 200 OK
2026-04-28T18:05:38.718+07:00 DEBUG 8304 --- [ProjWEB] [nio-8081-exec-8] o.s.w.s.handler.SimpleUrlHandlerMapping  : Mapped to ResourceHttpRequestHandler [URL [file:UIHome/], classpath [static/]]
2026-04-28T18:05:38.718+07:00 DEBUG 8304 --- [ProjWEB] [nio-8081-exec-5] o.s.w.s.handler.SimpleUrlHandlerMapping  : Mapped to ResourceHttpRequestHandler [URL [file:UIHome/], classpath [static/]]
2026-04-28T18:05:38.719+07:00 DEBUG 8304 --- [ProjWEB] [nio-8081-exec-8] o.s.web.servlet.DispatcherServlet        : Completed 200 OK
2026-04-28T18:05:38.719+07:00 DEBUG 8304 --- [ProjWEB] [nio-8081-exec-5] o.s.web.servlet.DispatcherServlet        : Completed 200 OK
2026-04-28T18:05:38.742+07:00 DEBUG 8304 --- [ProjWEB] [io-8081-exec-10] o.s.web.servlet.DispatcherServlet        : GET "/favicon.ico", parameters={}
2026-04-28T18:05:38.743+07:00 DEBUG 8304 --- [ProjWEB] [io-8081-exec-10] o.s.w.s.handler.SimpleUrlHandlerMapping  : Mapped to ResourceHttpRequestHandler [URL [file:UIHome/], classpath [static/]]
2026-04-28T18:05:38.743+07:00 DEBUG 8304 --- [ProjWEB] [io-8081-exec-10] o.s.w.s.r.ResourceHttpRequestHandler     : Resource not found
2026-04-28T18:05:38.744+07:00 DEBUG 8304 --- [ProjWEB] [io-8081-exec-10] .m.m.a.ExceptionHandlerExceptionResolver : Using @ExceptionHandler com.jewellery.ProjWEB.exception.GlobalExceptionHandler#handleGenericException(Exception)
2026-04-28T18:05:38.745+07:00 DEBUG 8304 --- [ProjWEB] [io-8081-exec-10] o.s.w.s.m.m.a.HttpEntityMethodProcessor  : Using 'application/json;q=0.8', given [image/avif, image/webp, image/apng, image/svg+xml, image/*, */*;q=0.8] and supported [application/json, application/*+json]
2026-04-28T18:05:38.745+07:00 DEBUG 8304 --- [ProjWEB] [io-8081-exec-10] o.s.w.s.m.m.a.HttpEntityMethodProcessor  : Writing [{timestamp=2026-04-28T18:05:38.745291900, status=500, error=Internal Server Error, message=An unexpe (truncated)...]
2026-04-28T18:05:38.746+07:00  WARN 8304 --- [ProjWEB] [io-8081-exec-10] .m.m.a.ExceptionHandlerExceptionResolver : Resolved [org.springframework.web.servlet.resource.NoResourceFoundException: No static resource favicon.ico for request '/favicon.ico'.]
2026-04-28T18:05:38.746+07:00 DEBUG 8304 --- [ProjWEB] [io-8081-exec-10] o.s.web.servlet.DispatcherServlet        : Completed 500 INTERNAL_SERVER_ERROR
2026-04-28T18:19:57.687+07:00 DEBUG 8304 --- [ProjWEB] [nio-8081-exec-2] o.s.web.servlet.DispatcherServlet        : GET "/js/sanpham-data.js?v=20260413-2338", parameters={masked}
2026-04-28T18:19:57.687+07:00 DEBUG 8304 --- [ProjWEB] [nio-8081-exec-9] o.s.web.servlet.DispatcherServlet        : GET "/css/sanpham.css?v=20260413-2338", parameters={masked}
2026-04-28T18:19:57.688+07:00 DEBUG 8304 --- [ProjWEB] [nio-8081-exec-2] o.s.w.s.handler.SimpleUrlHandlerMapping  : Mapped to ResourceHttpRequestHandler [URL [file:UIHome/], classpath [static/]]
2026-04-28T18:19:57.688+07:00 DEBUG 8304 --- [ProjWEB] [nio-8081-exec-9] o.s.w.s.handler.SimpleUrlHandlerMapping  : Mapped to ResourceHttpRequestHandler [URL [file:UIHome/], classpath [static/]]
2026-04-28T18:19:57.690+07:00 DEBUG 8304 --- [ProjWEB] [nio-8081-exec-9] o.s.web.servlet.DispatcherServlet        : Completed 200 OK
2026-04-28T18:19:57.691+07:00 DEBUG 8304 --- [ProjWEB] [nio-8081-exec-2] o.s.web.servlet.DispatcherServlet        : Completed 200 OK
2026-04-28T18:19:57.699+07:00 DEBUG 8304 --- [ProjWEB] [nio-8081-exec-8] o.s.web.servlet.DispatcherServlet        : GET "/img/bg1.jpg", parameters={}
2026-04-28T18:19:57.700+07:00 DEBUG 8304 --- [ProjWEB] [nio-8081-exec-8] o.s.w.s.handler.SimpleUrlHandlerMapping  : Mapped to ResourceHttpRequestHandler [URL [file:UIHome/], classpath [static/]]
2026-04-28T18:19:57.702+07:00 DEBUG 8304 --- [ProjWEB] [nio-8081-exec-8] o.s.web.servlet.DispatcherServlet        : Completed 200 OK
2026-04-28T18:19:57.703+07:00 DEBUG 8304 --- [ProjWEB] [nio-8081-exec-8] o.s.web.servlet.DispatcherServlet        : GET "/api/public/products", parameters={}
2026-04-28T18:19:57.703+07:00 DEBUG 8304 --- [ProjWEB] [nio-8081-exec-8] s.w.s.m.m.a.RequestMappingHandlerMapping : Mapped to com.jewellery.ProjWEB.user.product.controller.ProductController#getAllPublicProducts()
2026-04-28T18:19:57.706+07:00 DEBUG 8304 --- [ProjWEB] [nio-8081-exec-5] o.s.web.servlet.DispatcherServlet        : GET "/favicon.ico", parameters={}
2026-04-28T18:19:57.707+07:00 DEBUG 8304 --- [ProjWEB] [nio-8081-exec-5] o.s.w.s.handler.SimpleUrlHandlerMapping  : Mapped to ResourceHttpRequestHandler [URL [file:UIHome/], classpath [static/]]
2026-04-28T18:19:57.707+07:00 DEBUG 8304 --- [ProjWEB] [nio-8081-exec-5] o.s.w.s.r.ResourceHttpRequestHandler     : Resource not found
2026-04-28T18:19:57.708+07:00 DEBUG 8304 --- [ProjWEB] [nio-8081-exec-8] org.hibernate.SQL                        : select pe1_0.ProductID,pe1_0.CategoryID,pe1_0.Description,pe1_0.ImageURL,pe1_0.Price,pe1_0.ProductName,pe1_0.Status from product pe1_0
Hibernate: select pe1_0.ProductID,pe1_0.CategoryID,pe1_0.Description,pe1_0.ImageURL,pe1_0.Price,pe1_0.ProductName,pe1_0.Status from product pe1_0
2026-04-28T18:19:57.708+07:00 DEBUG 8304 --- [ProjWEB] [nio-8081-exec-5] .m.m.a.ExceptionHandlerExceptionResolver : Using @ExceptionHandler com.jewellery.ProjWEB.exception.GlobalExceptionHandler#handleGenericException(Exception)
2026-04-28T18:19:57.708+07:00 DEBUG 8304 --- [ProjWEB] [nio-8081-exec-5] o.s.w.s.m.m.a.HttpEntityMethodProcessor  : Using 'application/json;q=0.8', given [image/avif, image/webp, image/apng, image/svg+xml, image/*, */*;q=0.8] and supported [application/json, application/*+json]
2026-04-28T18:19:57.709+07:00 DEBUG 8304 --- [ProjWEB] [nio-8081-exec-5] o.s.w.s.m.m.a.HttpEntityMethodProcessor  : Writing [{timestamp=2026-04-28T18:19:57.708946100, status=500, error=Internal Server Error, message=An unexpe (truncated)...]
2026-04-28T18:19:57.709+07:00 DEBUG 8304 --- [ProjWEB] [nio-8081-exec-8] org.hibernate.SQL                        : select ce1_0.CategoryID,ce1_0.CategoryName,ce1_0.Description,ce1_0.Status from category ce1_0 where ce1_0.CategoryID=?
Hibernate: select ce1_0.CategoryID,ce1_0.CategoryName,ce1_0.Description,ce1_0.Status from category ce1_0 where ce1_0.CategoryID=?
2026-04-28T18:19:57.709+07:00  WARN 8304 --- [ProjWEB] [nio-8081-exec-5] .m.m.a.ExceptionHandlerExceptionResolver : Resolved [org.springframework.web.servlet.resource.NoResourceFoundException: No static resource favicon.ico for request '/favicon.ico'.]
2026-04-28T18:19:57.710+07:00 DEBUG 8304 --- [ProjWEB] [nio-8081-exec-5] o.s.web.servlet.DispatcherServlet        : Completed 500 INTERNAL_SERVER_ERROR
2026-04-28T18:19:57.710+07:00 DEBUG 8304 --- [ProjWEB] [nio-8081-exec-8] org.hibernate.SQL                        : select ce1_0.CategoryID,ce1_0.CategoryName,ce1_0.Description,ce1_0.Status from category ce1_0 where ce1_0.CategoryID=?
Hibernate: select ce1_0.CategoryID,ce1_0.CategoryName,ce1_0.Description,ce1_0.Status from category ce1_0 where ce1_0.CategoryID=?
2026-04-28T18:19:57.712+07:00 DEBUG 8304 --- [ProjWEB] [nio-8081-exec-8] org.hibernate.SQL                        : select ce1_0.CategoryID,ce1_0.CategoryName,ce1_0.Description,ce1_0.Status from category ce1_0 where ce1_0.CategoryID=?
Hibernate: select ce1_0.CategoryID,ce1_0.CategoryName,ce1_0.Description,ce1_0.Status from category ce1_0 where ce1_0.CategoryID=?
2026-04-28T18:19:57.713+07:00 DEBUG 8304 --- [ProjWEB] [nio-8081-exec-8] org.hibernate.SQL                        : select ce1_0.CategoryID,ce1_0.CategoryName,ce1_0.Description,ce1_0.Status from category ce1_0 where ce1_0.CategoryID=?
Hibernate: select ce1_0.CategoryID,ce1_0.CategoryName,ce1_0.Description,ce1_0.Status from category ce1_0 where ce1_0.CategoryID=?
2026-04-28T18:19:57.713+07:00 DEBUG 8304 --- [ProjWEB] [nio-8081-exec-8] org.hibernate.SQL                        : select ce1_0.CategoryID,ce1_0.CategoryName,ce1_0.Description,ce1_0.Status from category ce1_0 where ce1_0.CategoryID=?
Hibernate: select ce1_0.CategoryID,ce1_0.CategoryName,ce1_0.Description,ce1_0.Status from category ce1_0 where ce1_0.CategoryID=?
2026-04-28T18:19:57.714+07:00 DEBUG 8304 --- [ProjWEB] [nio-8081-exec-8] org.hibernate.SQL                        : select ce1_0.CategoryID,ce1_0.CategoryName,ce1_0.Description,ce1_0.Status from category ce1_0 where ce1_0.CategoryID=?
Hibernate: select ce1_0.CategoryID,ce1_0.CategoryName,ce1_0.Description,ce1_0.Status from category ce1_0 where ce1_0.CategoryID=?
2026-04-28T18:19:57.715+07:00 DEBUG 8304 --- [ProjWEB] [nio-8081-exec-8] org.hibernate.SQL                        : select pd1_0.ProductID,pd1_0.productDetailID,pd1_0.composition,pd1_0.detailDescription,m1_0.materialID,m1_0.composition,m1_0.materialName,m1_0.purity,m1_0.unit,m1_0.weight,pd1_0.referenceWeight,pd1_0.stockQuantity from ProductDetail pd1_0 left join Material m1_0 on m1_0.materialID=pd1_0.MaterialID where pd1_0.ProductID=?
Hibernate: select pd1_0.ProductID,pd1_0.productDetailID,pd1_0.composition,pd1_0.detailDescription,m1_0.materialID,m1_0.composition,m1_0.materialName,m1_0.purity,m1_0.unit,m1_0.weight,pd1_0.referenceWeight,pd1_0.stockQuantity from ProductDetail pd1_0 left join Material m1_0 on m1_0.materialID=pd1_0.MaterialID where pd1_0.ProductID=?
2026-04-28T18:19:57.716+07:00 DEBUG 8304 --- [ProjWEB] [nio-8081-exec-8] org.hibernate.SQL                        : select pd1_0.ProductID,pd1_0.productDetailID,pd1_0.composition,pd1_0.detailDescription,m1_0.materialID,m1_0.composition,m1_0.materialName,m1_0.purity,m1_0.unit,m1_0.weight,pd1_0.referenceWeight,pd1_0.stockQuantity from ProductDetail pd1_0 left join Material m1_0 on m1_0.materialID=pd1_0.MaterialID where pd1_0.ProductID=?
Hibernate: select pd1_0.ProductID,pd1_0.productDetailID,pd1_0.composition,pd1_0.detailDescription,m1_0.materialID,m1_0.composition,m1_0.materialName,m1_0.purity,m1_0.unit,m1_0.weight,pd1_0.referenceWeight,pd1_0.stockQuantity from ProductDetail pd1_0 left join Material m1_0 on m1_0.materialID=pd1_0.MaterialID where pd1_0.ProductID=?
2026-04-28T18:19:57.717+07:00 DEBUG 8304 --- [ProjWEB] [nio-8081-exec-8] org.hibernate.SQL                        : select pd1_0.ProductID,pd1_0.productDetailID,pd1_0.composition,pd1_0.detailDescription,m1_0.materialID,m1_0.composition,m1_0.materialName,m1_0.purity,m1_0.unit,m1_0.weight,pd1_0.referenceWeight,pd1_0.stockQuantity from ProductDetail pd1_0 left join Material m1_0 on m1_0.materialID=pd1_0.MaterialID where pd1_0.ProductID=?
Hibernate: select pd1_0.ProductID,pd1_0.productDetailID,pd1_0.composition,pd1_0.detailDescription,m1_0.materialID,m1_0.composition,m1_0.materialName,m1_0.purity,m1_0.unit,m1_0.weight,pd1_0.referenceWeight,pd1_0.stockQuantity from ProductDetail pd1_0 left join Material m1_0 on m1_0.materialID=pd1_0.MaterialID where pd1_0.ProductID=?
2026-04-28T18:19:57.718+07:00 DEBUG 8304 --- [ProjWEB] [nio-8081-exec-8] org.hibernate.SQL                        : select pd1_0.ProductID,pd1_0.productDetailID,pd1_0.composition,pd1_0.detailDescription,m1_0.materialID,m1_0.composition,m1_0.materialName,m1_0.purity,m1_0.unit,m1_0.weight,pd1_0.referenceWeight,pd1_0.stockQuantity from ProductDetail pd1_0 left join Material m1_0 on m1_0.materialID=pd1_0.MaterialID where pd1_0.ProductID=?
Hibernate: select pd1_0.ProductID,pd1_0.productDetailID,pd1_0.composition,pd1_0.detailDescription,m1_0.materialID,m1_0.composition,m1_0.materialName,m1_0.purity,m1_0.unit,m1_0.weight,pd1_0.referenceWeight,pd1_0.stockQuantity from ProductDetail pd1_0 left join Material m1_0 on m1_0.materialID=pd1_0.MaterialID where pd1_0.ProductID=?
2026-04-28T18:19:57.719+07:00 DEBUG 8304 --- [ProjWEB] [nio-8081-exec-8] org.hibernate.SQL                        : select pd1_0.ProductID,pd1_0.productDetailID,pd1_0.composition,pd1_0.detailDescription,m1_0.materialID,m1_0.composition,m1_0.materialName,m1_0.purity,m1_0.unit,m1_0.weight,pd1_0.referenceWeight,pd1_0.stockQuantity from ProductDetail pd1_0 left join Material m1_0 on m1_0.materialID=pd1_0.MaterialID where pd1_0.ProductID=?
Hibernate: select pd1_0.ProductID,pd1_0.productDetailID,pd1_0.composition,pd1_0.detailDescription,m1_0.materialID,m1_0.composition,m1_0.materialName,m1_0.purity,m1_0.unit,m1_0.weight,pd1_0.referenceWeight,pd1_0.stockQuantity from ProductDetail pd1_0 left join Material m1_0 on m1_0.materialID=pd1_0.MaterialID where pd1_0.ProductID=?
2026-04-28T18:19:57.720+07:00 DEBUG 8304 --- [ProjWEB] [nio-8081-exec-8] org.hibernate.SQL                        : select pd1_0.ProductID,pd1_0.productDetailID,pd1_0.composition,pd1_0.detailDescription,m1_0.materialID,m1_0.composition,m1_0.materialName,m1_0.purity,m1_0.unit,m1_0.weight,pd1_0.referenceWeight,pd1_0.stockQuantity from ProductDetail pd1_0 left join Material m1_0 on m1_0.materialID=pd1_0.MaterialID where pd1_0.ProductID=?
Hibernate: select pd1_0.ProductID,pd1_0.productDetailID,pd1_0.composition,pd1_0.detailDescription,m1_0.materialID,m1_0.composition,m1_0.materialName,m1_0.purity,m1_0.unit,m1_0.weight,pd1_0.referenceWeight,pd1_0.stockQuantity from ProductDetail pd1_0 left join Material m1_0 on m1_0.materialID=pd1_0.MaterialID where pd1_0.ProductID=?
2026-04-28T18:19:57.721+07:00 DEBUG 8304 --- [ProjWEB] [nio-8081-exec-8] org.hibernate.SQL                        : select pd1_0.ProductID,pd1_0.productDetailID,pd1_0.composition,pd1_0.detailDescription,m1_0.materialID,m1_0.composition,m1_0.materialName,m1_0.purity,m1_0.unit,m1_0.weight,pd1_0.referenceWeight,pd1_0.stockQuantity from ProductDetail pd1_0 left join Material m1_0 on m1_0.materialID=pd1_0.MaterialID where pd1_0.ProductID=?
Hibernate: select pd1_0.ProductID,pd1_0.productDetailID,pd1_0.composition,pd1_0.detailDescription,m1_0.materialID,m1_0.composition,m1_0.materialName,m1_0.purity,m1_0.unit,m1_0.weight,pd1_0.referenceWeight,pd1_0.stockQuantity from ProductDetail pd1_0 left join Material m1_0 on m1_0.materialID=pd1_0.MaterialID where pd1_0.ProductID=?
2026-04-28T18:19:57.722+07:00 DEBUG 8304 --- [ProjWEB] [nio-8081-exec-8] m.m.a.RequestResponseBodyMethodProcessor : Using 'application/json', given [*/*] and supported [application/json, application/*+json]
2026-04-28T18:19:57.722+07:00 DEBUG 8304 --- [ProjWEB] [nio-8081-exec-8] m.m.a.RequestResponseBodyMethodProcessor : Writing [[com.jewellery.ProjWEB.user.product.model.ProductDTO@554a80c9, com.jewellery.ProjWEB.user.product.mo (truncated)...]
2026-04-28T18:19:57.723+07:00 DEBUG 8304 --- [ProjWEB] [nio-8081-exec-8] o.s.web.servlet.DispatcherServlet        : Completed 200 OK
2026-04-28T20:48:49.139+07:00  WARN 8304 --- [ProjWEB] [l-1:housekeeper] com.zaxxer.hikari.pool.HikariPool        : HikariPool-1 - Thread starvation or clock leap detected (housekeeper delta=33m53s730ms806탎100ns).
2026-04-28T23:18:11.153+07:00  WARN 8304 --- [ProjWEB] [l-1:housekeeper] com.zaxxer.hikari.pool.HikariPool        : HikariPool-1 - Thread starvation or clock leap detected (housekeeper delta=1h53m21s388ms616탎800ns).
2026-04-28T23:42:01.779+07:00  WARN 8304 --- [ProjWEB] [l-1:housekeeper] com.zaxxer.hikari.pool.HikariPool        : HikariPool-1 - Thread starvation or clock leap detected (housekeeper delta=21m20s591ms487탎).
2026-04-29T03:33:30.041+07:00  WARN 8304 --- [ProjWEB] [l-1:housekeeper] com.zaxxer.hikari.pool.HikariPool        : HikariPool-1 - Thread starvation or clock leap detected (housekeeper delta=3h27s612ms835탎).
2026-04-29T06:40:48.929+07:00  WARN 8304 --- [ProjWEB] [l-1:housekeeper] com.zaxxer.hikari.pool.HikariPool        : HikariPool-1 - Thread starvation or clock leap detected (housekeeper delta=3h7m23s524ms820탎900ns).
2026-04-29T10:41:41.385+07:00  WARN 8304 --- [ProjWEB] [l-1:housekeeper] com.zaxxer.hikari.pool.HikariPool        : HikariPool-1 - Thread starvation or clock leap detected (housekeeper delta=1h22m50s130ms492탎200ns).
2026-04-29T14:28:58.007+07:00  WARN 8304 --- [ProjWEB] [l-1:housekeeper] com.zaxxer.hikari.pool.HikariPool        : HikariPool-1 - Thread starvation or clock leap detected (housekeeper delta=3h16s21ms118탎400ns).
2026-04-29T14:34:27.198+07:00  WARN 8304 --- [ProjWEB] [l-1:housekeeper] com.zaxxer.hikari.pool.HikariPool        : HikariPool-1 - Thread starvation or clock leap detected (housekeeper delta=5m33s375ms526탎500ns).
2026-04-29T19:39:46.437+07:00  WARN 8304 --- [ProjWEB] [l-1:housekeeper] com.zaxxer.hikari.pool.HikariPool        : HikariPool-1 - Thread starvation or clock leap detected (housekeeper delta=2h32m46s668ms267탎100ns).
2026-04-29T22:54:41.353+07:00  WARN 8304 --- [ProjWEB] [l-1:housekeeper] com.zaxxer.hikari.pool.HikariPool        : HikariPool-1 - Thread starvation or clock leap detected (housekeeper delta=1h28m23s214ms839탎100ns).
2026-04-30T03:32:12.040+07:00  WARN 8304 --- [ProjWEB] [l-1:housekeeper] com.zaxxer.hikari.pool.HikariPool        : HikariPool-1 - Thread starvation or clock leap detected (housekeeper delta=3h29s262ms597탎600ns).
2026-04-30T14:01:06.542+07:00  WARN 8304 --- [ProjWEB] [l-1:housekeeper] com.zaxxer.hikari.pool.HikariPool        : HikariPool-1 - Thread starvation or clock leap detected (housekeeper delta=10h28m58s863ms516탎700ns).
2026-04-30T16:17:52.456+07:00  WARN 8304 --- [ProjWEB] [l-1:housekeeper] com.zaxxer.hikari.pool.HikariPool        : HikariPool-1 - Thread starvation or clock leap detected (housekeeper delta=38m44s365ms140탎900ns).
2026-04-30T20:09:48.757+07:00  WARN 8304 --- [ProjWEB] [l-1:housekeeper] com.zaxxer.hikari.pool.HikariPool        : HikariPool-1 - Thread starvation or clock leap detected (housekeeper delta=3h25s540ms458탎500ns).
2026-04-30T21:12:01.278+07:00  WARN 8304 --- [ProjWEB] [l-1:housekeeper] com.zaxxer.hikari.pool.HikariPool        : HikariPool-1 - Thread starvation or clock leap detected (housekeeper delta=1h2m17s265ms904탎700ns).
2026-05-01T03:00:32.184+07:00  WARN 8304 --- [ProjWEB] [l-1:housekeeper] com.zaxxer.hikari.pool.HikariPool        : HikariPool-1 - Thread starvation or clock leap detected (housekeeper delta=3h28s411ms709탎800ns).
2026-05-01T07:27:34.915+07:00  WARN 8304 --- [ProjWEB] [l-1:housekeeper] com.zaxxer.hikari.pool.HikariPool        : HikariPool-1 - Thread starvation or clock leap detected (housekeeper delta=4h27m7s106ms745탎400ns).
2026-05-01T11:00:04.778+07:00  WARN 8304 --- [ProjWEB] [l-1:housekeeper] com.zaxxer.hikari.pool.HikariPool        : HikariPool-1 - Thread starvation or clock leap detected (housekeeper delta=3h29s361ms171탎700ns).
2026-05-01T18:37:21.765+07:00  WARN 8304 --- [ProjWEB] [l-1:housekeeper] com.zaxxer.hikari.pool.HikariPool        : HikariPool-1 - Thread starvation or clock leap detected (housekeeper delta=7h37m21s445ms958탎600ns).
2026-05-01T20:10:11.957+07:00  WARN 8304 --- [ProjWEB] [l-1:housekeeper] com.zaxxer.hikari.pool.HikariPool        : HikariPool-1 - Thread starvation or clock leap detected (housekeeper delta=46m19s373ms590탎).
2026-05-01T22:18:51.724+07:00  WARN 8304 --- [ProjWEB] [l-1:housekeeper] com.zaxxer.hikari.pool.HikariPool        : HikariPool-1 - Thread starvation or clock leap detected (housekeeper delta=15m8s49ms604탎700ns).
2026-05-02T03:27:18.275+07:00  WARN 8304 --- [ProjWEB] [l-1:housekeeper] com.zaxxer.hikari.pool.HikariPool        : HikariPool-1 - Thread starvation or clock leap detected (housekeeper delta=3h24s480ms687탎300ns).
2026-05-02T08:33:05.488+07:00  WARN 8304 --- [ProjWEB] [l-1:housekeeper] com.zaxxer.hikari.pool.HikariPool        : HikariPool-1 - Thread starvation or clock leap detected (housekeeper delta=5h5m52s70ms492탎).
2026-05-02T12:23:30.163+07:00  WARN 8304 --- [ProjWEB] [l-1:housekeeper] com.zaxxer.hikari.pool.HikariPool        : HikariPool-1 - Thread starvation or clock leap detected (housekeeper delta=3h23s898ms594탎400ns).
2026-05-02T17:33:53.331+07:00  WARN 8304 --- [ProjWEB] [l-1:housekeeper] com.zaxxer.hikari.pool.HikariPool        : HikariPool-1 - Thread starvation or clock leap detected (housekeeper delta=5h10m27s657ms163탎900ns).
2026-05-02T18:22:19.179+07:00  WARN 8304 --- [ProjWEB] [l-1:housekeeper] com.zaxxer.hikari.pool.HikariPool        : HikariPool-1 - Thread starvation or clock leap detected (housekeeper delta=10m55s226ms251탎200ns).
2026-05-02T20:34:25.807+07:00  WARN 8304 --- [ProjWEB] [l-1:housekeeper] com.zaxxer.hikari.pool.HikariPool        : HikariPool-1 - Thread starvation or clock leap detected (housekeeper delta=1h21m5s848ms95탎200ns).
2026-05-03T02:02:57.985+07:00  WARN 8304 --- [ProjWEB] [l-1:housekeeper] com.zaxxer.hikari.pool.HikariPool        : HikariPool-1 - Thread starvation or clock leap detected (housekeeper delta=3h28s217ms791탎900ns).
2026-05-03T08:37:34.513+07:00  WARN 8304 --- [ProjWEB] [l-1:housekeeper] com.zaxxer.hikari.pool.HikariPool        : HikariPool-1 - Thread starvation or clock leap detected (housekeeper delta=6h34m48s272ms728탎900ns).
2026-05-03T12:14:31.896+07:00  WARN 8304 --- [ProjWEB] [l-1:housekeeper] com.zaxxer.hikari.pool.HikariPool        : HikariPool-1 - Thread starvation or clock leap detected (housekeeper delta=3h26s887ms926탎900ns).
2026-05-03T15:09:05.824+07:00  WARN 8304 --- [ProjWEB] [l-1:housekeeper] com.zaxxer.hikari.pool.HikariPool        : HikariPool-1 - Thread starvation or clock leap detected (housekeeper delta=2h54m38s532ms473탎499ns).
2026-05-03T17:47:35.002+07:00  WARN 8304 --- [ProjWEB] [l-1:housekeeper] com.zaxxer.hikari.pool.HikariPool        : HikariPool-1 - Thread starvation or clock leap detected (housekeeper delta=54m27s574ms927탎300ns).
2026-05-03T22:21:32.711+07:00  WARN 8304 --- [ProjWEB] [l-1:housekeeper] com.zaxxer.hikari.pool.HikariPool        : HikariPool-1 - Thread starvation or clock leap detected (housekeeper delta=3h26s253ms731탎99ns).
2026-05-03T23:02:16.394+07:00  WARN 8304 --- [ProjWEB] [l-1:housekeeper] com.zaxxer.hikari.pool.HikariPool        : HikariPool-1 - Thread starvation or clock leap detected (housekeeper delta=40m48s660ms262탎201ns).
2026-05-04T03:34:16.593+07:00  WARN 8304 --- [ProjWEB] [l-1:housekeeper] com.zaxxer.hikari.pool.HikariPool        : HikariPool-1 - Thread starvation or clock leap detected (housekeeper delta=3h28s849ms449탎601ns).
2026-05-04T10:22:02.392+07:00  WARN 8304 --- [ProjWEB] [l-1:housekeeper] com.zaxxer.hikari.pool.HikariPool        : HikariPool-1 - Thread starvation or clock leap detected (housekeeper delta=6h47m50s497ms733탎).
2026-05-04T13:02:31.518+07:00  WARN 8304 --- [ProjWEB] [l-1:housekeeper] com.zaxxer.hikari.pool.HikariPool        : HikariPool-1 - Thread starvation or clock leap detected (housekeeper delta=1h32m28s31ms777탎100ns).
2026-05-04T16:34:30.273+07:00  WARN 8304 --- [ProjWEB] [l-1:housekeeper] com.zaxxer.hikari.pool.HikariPool        : HikariPool-1 - Thread starvation or clock leap detected (housekeeper delta=3h28s204ms148탎800ns).
2026-05-04T17:57:28.616+07:00  WARN 8304 --- [ProjWEB] [l-1:housekeeper] com.zaxxer.hikari.pool.HikariPool        : HikariPool-1 - Thread starvation or clock leap detected (housekeeper delta=1h23m3s234ms580탎500ns).
2026-05-04T20:05:33.716+07:00  WARN 8304 --- [ProjWEB] [l-1:housekeeper] com.zaxxer.hikari.pool.HikariPool        : HikariPool-1 - Thread starvation or clock leap detected (housekeeper delta=1h20m4s364ms817탎).
2026-05-04T22:36:28.413+07:00  WARN 8304 --- [ProjWEB] [l-1:housekeeper] com.zaxxer.hikari.pool.HikariPool        : HikariPool-1 - Thread starvation or clock leap detected (housekeeper delta=1h10m53s478ms676탎400ns).
2026-05-05T02:06:44.610+07:00  WARN 8304 --- [ProjWEB] [l-1:housekeeper] com.zaxxer.hikari.pool.HikariPool        : HikariPool-1 - Thread starvation or clock leap detected (housekeeper delta=3h15s724ms876탎800ns).
2026-05-05T07:14:56.039+07:00  WARN 8304 --- [ProjWEB] [l-1:housekeeper] com.zaxxer.hikari.pool.HikariPool        : HikariPool-1 - Thread starvation or clock leap detected (housekeeper delta=5h8m22s419ms937탎300ns).
